13:17:56.023 [INFO]   [Preparing]   Diffblue Cover 2025.12.02-74144f0-licensed
13:17:56.023 [INFO]   [Preparing]   Running: dcover create --coverage-reports
13:17:56.023 [INFO]   [Preparing]   
13:17:56.024 [INFO]   [Preparing]   Command: create
13:17:56.024 [INFO]   [Preparing]   Create tests for the specified package/class/method.
13:17:56.024 [INFO]   [Preparing]   
13:17:58.928 [INFO]   [Checking]    Maven Using ${maven.home} of: /home/jbergqvist/.sdkman/candidates/maven/current.
13:17:58.930 [INFO]   [Checking]    Maven Executing: /bin/sh -c cd /home/jbergqvist/diffblue/terrierteam-FinFlink && /home/jbergqvist/.sdkman/candidates/maven/3.9.12/bin/mvn -B -version
13:17:59.152 [INFO]   [Checking]    Standard output of build tool (Maven)
13:17:59.153 [INFO]   [Checking]    > Apache Maven 3.9.12 (848fbb4bf2d427b72bdb2471c22fced7ebd9a7a1)
13:17:59.153 [INFO]   [Checking]    > Maven home: /home/jbergqvist/.sdkman/candidates/maven/3.9.12
13:17:59.153 [INFO]   [Checking]    > Java version: 11.0.29, vendor: Amazon.com Inc., runtime: /home/jbergqvist/.sdkman/candidates/java/11.0.29-amzn
13:17:59.153 [INFO]   [Checking]    > Default locale: en_GB, platform encoding: UTF-8
13:17:59.153 [INFO]   [Checking]    > OS name: "linux", version: "6.8.0-90-generic", arch: "amd64", family: "unix"
13:17:59.156 [INFO]   [Checking]    Using default build rules as no custom rules found in any of [/home/jbergqvist/diffblue/terrierteam-FinFlink]
13:17:59.161 [INFO]   [Checking]    Attempting to invoke mvnw in working directory: /home/jbergqvist/diffblue/terrierteam-FinFlink
13:17:59.162 [INFO]   [Checking]    Attempting to invoke /home/jbergqvist/.sdkman/candidates/maven/current/bin/mvn in working directory: /home/jbergqvist/diffblue/terrierteam-FinFlink
13:17:59.162 [INFO]   [Checking]    Started "/home/jbergqvist/.sdkman/candidates/maven/current/bin/mvn -Dmaven.ext.class.path=/opt/cover/cover-buildsystem-maven-spy-jar-with-dependencies.jar -Dcom.diffblue.cover.skipTests=true -DskipTestOptimizer --batch-mode --global-settings=/home/jbergqvist/.sdkman/candidates/maven/current/conf/settings.xml dependency:build-classpath"
13:17:59.953 [INFO]   [Checking]    out: [INFO] Scanning for projects...
13:18:00.056 [INFO]   [Checking]    out: [INFO] 
13:18:00.057 [INFO]   [Checking]    out: [INFO] --------------< Infinitech-FinFlink:Infinitech-FinFlink >---------------
13:18:00.057 [INFO]   [Checking]    out: [INFO] Building Infinitech-FinFlink 0.6
13:18:00.057 [INFO]   [Checking]    out: [INFO]   from pom.xml
13:18:00.057 [INFO]   [Checking]    out: [INFO] --------------------------------[ jar ]---------------------------------
13:18:00.349 [INFO]   [Checking]    deserializing line [DIFFBLUE]{"__type":"com.diffblue.cover.buildsystem.model.DefaultEventMessage","project":"Infinitech-FinFlink:Infinitech-FinFlink","goal":"build-classpath","cause":null,"state":"STARTED"}
13:18:00.407 [INFO]   [Checking]    out: [INFO] 
13:18:00.407 [INFO]   [Checking]    out: [INFO] --- dependency:3.7.0:build-classpath (default-cli) @ Infinitech-FinFlink ---
13:18:00.736 [INFO]   [Checking]    out: [INFO] Dependencies classpath:
13:18:00.736 [INFO]   [Checking]    out: /home/jbergqvist/.m2/repository/org/apache/flink/flink-streaming-java_2.12/1.14.4/flink-streaming-java_2.12-1.14.4.jar:/home/jbergqvist/.m2/repository/org/apache/flink/flink-core/1.14.4/flink-core-1.14.4.jar:/home/jbergqvist/.m2/repository/org/apache/flink/flink-annotations/1.14.4/flink-annotations-1.14.4.jar:/home/jbergqvist/.m2/repository/org/apache/flink/flink-metrics-core/1.14.4/flink-metrics-core-1.14.4.jar:/home/jbergqvist/.m2/repository/org/apache/flink/flink-shaded-asm-7/7.1-14.0/flink-shaded-asm-7-7.1-14.0.jar:/home/jbergqvist/.m2/repository/org/apache/commons/commons-lang3/3.3.2/commons-lang3-3.3.2.jar:/home/jbergqvist/.m2/repository/com/esotericsoftware/kryo/kryo/2.24.0/kryo-2.24.0.jar:/home/jbergqvist/.m2/repository/com/esotericsoftware/minlog/minlog/1.2/minlog-1.2.jar:/home/jbergqvist/.m2/repository/commons-collections/commons-collections/3.2.2/commons-collections-3.2.2.jar:/home/jbergqvist/.m2/repository/org/apache/commons/commons-compress/1.21/commons-compress-1.21.jar:/home/jbergqvist/.m2/repository/org/apache/flink/flink-file-sink-common/1.14.4/flink-file-sink-common-1.14.4.jar:/home/jbergqvist/.m2/repository/org/apache/flink/flink-runtime/1.14.4/flink-runtime-1.14.4.jar:/home/jbergqvist/.m2/repository/org/apache/flink/flink-rpc-core/1.14.4/flink-rpc-core-1.14.4.jar:/home/jbergqvist/.m2/repository/org/apache/flink/flink-rpc-akka-loader/1.14.4/flink-rpc-akka-loader-1.14.4.jar:/home/jbergqvist/.m2/repository/org/apache/flink/flink-queryable-state-client-java/1.14.4/flink-queryable-state-client-java-1.14.4.jar:/home/jbergqvist/.m2/repository/org/apache/flink/flink-hadoop-fs/1.14.4/flink-hadoop-fs-1.14.4.jar:/home/jbergqvist/.m2/repository/commons-io/commons-io/2.8.0/commons-io-2.8.0.jar:/home/jbergqvist/.m2/repository/org/apache/flink/flink-shaded-netty/4.1.65.Final-14.0/flink-shaded-netty-4.1.65.Final-14.0.jar:/home/jbergqvist/.m2/repository/org/apache/flink/flink-shaded-jackson/2.12.4-14.0/flink-shaded-jackson-2.12.4-14.0.jar:/home/jbergqvist/.m2/repository/org/apache/flink/flink-shaded-zookeeper-3/3.4.14-14.0/flink-shaded-zookeeper-3-3.4.14-14.0.jar:/home/jbergqvist/.m2/repository/org/javassist/javassist/3.24.0-GA/javassist-3.24.0-GA.jar:/home/jbergqvist/.m2/repository/org/xerial/snappy/snappy-java/1.1.8.3/snappy-java-1.1.8.3.jar:/home/jbergqvist/.m2/repository/org/lz4/lz4-java/1.8.0/lz4-java-1.8.0.jar:/home/jbergqvist/.m2/repository/org/apache/flink/flink-scala_2.12/1.14.4/flink-scala_2.12-1.14.4.jar:/home/jbergqvist/.m2/repository/org/scala-lang/scala-reflect/2.12.7/scala-reflect-2.12.7.jar:/home/jbergqvist/.m2/repository/org/scala-lang/scala-library/2.12.7/scala-library-2.12.7.jar:/home/jbergqvist/.m2/repository/org/scala-lang/scala-compiler/2.12.7/scala-compiler-2.12.7.jar:/home/jbergqvist/.m2/repository/org/scala-lang/modules/scala-xml_2.12/1.0.6/scala-xml_2.12-1.0.6.jar:/home/jbergqvist/.m2/repository/com/twitter/chill_2.12/0.7.6/chill_2.12-0.7.6.jar:/home/jbergqvist/.m2/repository/com/twitter/chill-java/0.7.6/chill-java-0.7.6.jar:/home/jbergqvist/.m2/repository/org/apache/flink/flink-java/1.14.4/flink-java-1.14.4.jar:/home/jbergqvist/.m2/repository/org/apache/flink/flink-shaded-guava/30.1.1-jre-14.0/flink-shaded-guava-30.1.1-jre-14.0.jar:/home/jbergqvist/.m2/repository/org/apache/commons/commons-math3/3.5/commons-math3-3.5.jar:/home/jbergqvist/.m2/repository/org/slf4j/slf4j-api/1.7.15/slf4j-api-1.7.15.jar:/home/jbergqvist/.m2/repository/com/google/code/findbugs/jsr305/1.3.9/jsr305-1.3.9.jar:/home/jbergqvist/.m2/repository/org/apache/flink/flink-shaded-force-shading/14.0/flink-shaded-force-shading-14.0.jar:/home/jbergqvist/.m2/repository/org/junit/jupiter/junit-jupiter-engine/5.13.4/junit-jupiter-engine-5.13.4.jar:/home/jbergqvist/.m2/repository/org/junit/platform/junit-platform-engine/1.13.4/junit-platform-engine-1.13.4.jar:/home/jbergqvist/.m2/repository/org/opentest4j/opentest4j/1.3.0/opentest4j-1.3.0.jar:/home/jbergqvist/.m2/repository/org/junit/platform/junit-platform-commons/1.13.4/junit-platform-commons-1.13.4.jar:/home/jbergqvist/.m2/repository/org/junit/jupiter/junit-jupiter-api/5.13.4/junit-jupiter-api-5.13.4.jar:/home/jbergqvist/.m2/repository/org/apiguardian/apiguardian-api/1.1.2/apiguardian-api-1.1.2.jar:/home/jbergqvist/.m2/repository/org/mockito/mockito-core/5.20.0/mockito-core-5.20.0.jar:/home/jbergqvist/.m2/repository/net/bytebuddy/byte-buddy/1.17.7/byte-buddy-1.17.7.jar:/home/jbergqvist/.m2/repository/net/bytebuddy/byte-buddy-agent/1.17.7/byte-buddy-agent-1.17.7.jar:/home/jbergqvist/.m2/repository/org/objenesis/objenesis/3.3/objenesis-3.3.jar:/home/jbergqvist/.m2/repository/org/mockito/mockito-junit-jupiter/5.20.0/mockito-junit-jupiter-5.20.0.jar:/home/jbergqvist/.m2/repository/org/apache/flink/flink-clients_2.12/1.14.4/flink-clients_2.12-1.14.4.jar:/home/jbergqvist/.m2/repository/org/apache/flink/flink-optimizer/1.14.4/flink-optimizer-1.14.4.jar:/home/jbergqvist/.m2/repository/commons-cli/commons-cli/1.3.1/commons-cli-1.3.1.jar:/home/jbergqvist/.m2/repository/org/apache/flink/flink-connector-kafka_2.11/1.14.4/flink-connector-kafka_2.11-1.14.4.jar:/home/jbergqvist/.m2/repository/org/apache/flink/flink-connector-base/1.14.4/flink-connector-base-1.14.4.jar:/home/jbergqvist/.m2/repository/org/apache/kafka/kafka-clients/2.4.1/kafka-clients-2.4.1.jar:/home/jbergqvist/.m2/repository/com/github/luben/zstd-jni/1.4.3-1/zstd-jni-1.4.3-1.jar:/home/jbergqvist/.m2/repository/com/google/guava/guava/31.1-jre/guava-31.1-jre.jar:/home/jbergqvist/.m2/repository/com/google/guava/failureaccess/1.0.1/failureaccess-1.0.1.jar:/home/jbergqvist/.m2/repository/com/google/guava/listenablefuture/9999.0-empty-to-avoid-conflict-with-guava/listenablefuture-9999.0-empty-to-avoid-conflict-with-guava.jar:/home/jbergqvist/.m2/repository/org/checkerframework/checker-qual/3.12.0/checker-qual-3.12.0.jar:/home/jbergqvist/.m2/repository/com/google/errorprone/error_prone_annotations/2.11.0/error_prone_annotations-2.11.0.jar:/home/jbergqvist/.m2/repository/com/google/j2objc/j2objc-annotations/1.3/j2objc-annotations-1.3.jar:/home/jbergqvist/.m2/repository/org/questdb/questdb/6.4.3/questdb-6.4.3.jar:/home/jbergqvist/.m2/repository/com/diffblue/cover/cover-annotations/1.8.0/cover-annotations-1.8.0.jar
13:18:00.737 [INFO]   [Checking]    deserializing line [DIFFBLUE]{"__type":"com.diffblue.cover.buildsystem.model.DefaultEventMessage","project":"Infinitech-FinFlink:Infinitech-FinFlink","goal":"build-classpath","cause":null,"state":"SUCCESS"}
13:18:00.766 [INFO]   [Checking]    deserializing line [DIFFBLUE]{"__type":"com.diffblue.cover.buildsystem.model.DefaultProjectModuleMessage","project":{"__type":"DefaultProjectModule","junitReport":["/home/jbergqvist/diffblue/terrierteam-FinFlink/target/surefire-reports"],"jacocoReport":["/home/jbergqvist/diffblue/terrierteam-FinFlink/target/site/jacoco/jacoco.xml"],"jacocoDestFile":["/home/jbergqvist/diffblue/terrierteam-FinFlink/target/jacoco.exec"],"jacocoFormats":["xml"],"jacocoSkipped":false,"classpath":["/home/jbergqvist/diffblue/terrierteam-FinFlink/target/classes","/home/jbergqvist/.m2/repository/org/apache/flink/flink-streaming-java_2.12/1.14.4/flink-streaming-java_2.12-1.14.4.jar","/home/jbergqvist/.m2/repository/org/apache/flink/flink-core/1.14.4/flink-core-1.14.4.jar","/home/jbergqvist/.m2/repository/org/apache/flink/flink-annotations/1.14.4/flink-annotations-1.14.4.jar","/home/jbergqvist/.m2/repository/org/apache/flink/flink-metrics-core/1.14.4/flink-metrics-core-1.14.4.jar","/home/jbergqvist/.m2/repository/org/apache/flink/flink-shaded-asm-7/7.1-14.0/flink-shaded-asm-7-7.1-14.0.jar","/home/jbergqvist/.m2/repository/org/apache/commons/commons-lang3/3.3.2/commons-lang3-3.3.2.jar","/home/jbergqvist/.m2/repository/com/esotericsoftware/kryo/kryo/2.24.0/kryo-2.24.0.jar","/home/jbergqvist/.m2/repository/com/esotericsoftware/minlog/minlog/1.2/minlog-1.2.jar","/home/jbergqvist/.m2/repository/commons-collections/commons-collections/3.2.2/commons-collections-3.2.2.jar","/home/jbergqvist/.m2/repository/org/apache/commons/commons-compress/1.21/commons-compress-1.21.jar","/home/jbergqvist/.m2/repository/org/apache/flink/flink-file-sink-common/1.14.4/flink-file-sink-common-1.14.4.jar","/home/jbergqvist/.m2/repository/org/apache/flink/flink-runtime/1.14.4/flink-runtime-1.14.4.jar","/home/jbergqvist/.m2/repository/org/apache/flink/flink-rpc-core/1.14.4/flink-rpc-core-1.14.4.jar","/home/jbergqvist/.m2/repository/org/apache/flink/flink-rpc-akka-loader/1.14.4/flink-rpc-akka-loader-1.14.4.jar","/home/jbergqvist/.m2/repository/org/apache/flink/flink-queryable-state-client-java/1.14.4/flink-queryable-state-client-java-1.14.4.jar","/home/jbergqvist/.m2/repository/org/apache/flink/flink-hadoop-fs/1.14.4/flink-hadoop-fs-1.14.4.jar","/home/jbergqvist/.m2/repository/commons-io/commons-io/2.8.0/commons-io-2.8.0.jar","/home/jbergqvist/.m2/repository/org/apache/flink/flink-shaded-netty/4.1.65.Final-14.0/flink-shaded-netty-4.1.65.Final-14.0.jar","/home/jbergqvist/.m2/repository/org/apache/flink/flink-shaded-jackson/2.12.4-14.0/flink-shaded-jackson-2.12.4-14.0.jar","/home/jbergqvist/.m2/repository/org/apache/flink/flink-shaded-zookeeper-3/3.4.14-14.0/flink-shaded-zookeeper-3-3.4.14-14.0.jar","/home/jbergqvist/.m2/repository/org/javassist/javassist/3.24.0-GA/javassist-3.24.0-GA.jar","/home/jbergqvist/.m2/repository/org/xerial/snappy/snappy-java/1.1.8.3/snappy-java-1.1.8.3.jar","/home/jbergqvist/.m2/repository/org/lz4/lz4-java/1.8.0/lz4-java-1.8.0.jar","/home/jbergqvist/.m2/repository/org/apache/flink/flink-scala_2.12/1.14.4/flink-scala_2.12-1.14.4.jar","/home/jbergqvist/.m2/repository/org/scala-lang/scala-reflect/2.12.7/scala-reflect-2.12.7.jar","/home/jbergqvist/.m2/repository/org/scala-lang/scala-library/2.12.7/scala-library-2.12.7.jar","/home/jbergqvist/.m2/repository/org/scala-lang/scala-compiler/2.12.7/scala-compiler-2.12.7.jar","/home/jbergqvist/.m2/repository/org/scala-lang/modules/scala-xml_2.12/1.0.6/scala-xml_2.12-1.0.6.jar","/home/jbergqvist/.m2/repository/com/twitter/chill_2.12/0.7.6/chill_2.12-0.7.6.jar","/home/jbergqvist/.m2/repository/com/twitter/chill-java/0.7.6/chill-java-0.7.6.jar","/home/jbergqvist/.m2/repository/org/apache/flink/flink-java/1.14.4/flink-java-1.14.4.jar","/home/jbergqvist/.m2/repository/org/apache/flink/flink-shaded-guava/30.1.1-jre-14.0/flink-shaded-guava-30.1.1-jre-14.0.jar","/home/jbergqvist/.m2/repository/org/apache/commons/commons-math3/3.5/commons-math3-3.5.jar","/home/jbergqvist/.m2/repository/org/slf4j/slf4j-api/1.7.15/slf4j-api-1.7.15.jar","/home/jbergqvist/.m2/repository/com/google/code/findbugs/jsr305/1.3.9/jsr305-1.3.9.jar","/home/jbergqvist/.m2/repository/org/apache/flink/flink-shaded-force-shading/14.0/flink-shaded-force-shading-14.0.jar","/home/jbergqvist/.m2/repository/org/junit/jupiter/junit-jupiter-engine/5.13.4/junit-jupiter-engine-5.13.4.jar","/home/jbergqvist/.m2/repository/org/junit/platform/junit-platform-engine/1.13.4/junit-platform-engine-1.13.4.jar","/home/jbergqvist/.m2/repository/org/opentest4j/opentest4j/1.3.0/opentest4j-1.3.0.jar","/home/jbergqvist/.m2/repository/org/junit/platform/junit-platform-commons/1.13.4/junit-platform-commons-1.13.4.jar","/home/jbergqvist/.m2/repository/org/junit/jupiter/junit-jupiter-api/5.13.4/junit-jupiter-api-5.13.4.jar","/home/jbergqvist/.m2/repository/org/apiguardian/apiguardian-api/1.1.2/apiguardian-api-1.1.2.jar","/home/jbergqvist/.m2/repository/org/mockito/mockito-core/5.20.0/mockito-core-5.20.0.jar","/home/jbergqvist/.m2/repository/net/bytebuddy/byte-buddy/1.17.7/byte-buddy-1.17.7.jar","/home/jbergqvist/.m2/repository/net/bytebuddy/byte-buddy-agent/1.17.7/byte-buddy-agent-1.17.7.jar","/home/jbergqvist/.m2/repository/org/objenesis/objenesis/3.3/objenesis-3.3.jar","/home/jbergqvist/.m2/repository/org/mockito/mockito-junit-jupiter/5.20.0/mockito-junit-jupiter-5.20.0.jar","/home/jbergqvist/.m2/repository/org/apache/flink/flink-clients_2.12/1.14.4/flink-clients_2.12-1.14.4.jar","/home/jbergqvist/.m2/repository/org/apache/flink/flink-optimizer/1.14.4/flink-optimizer-1.14.4.jar","/home/jbergqvist/.m2/repository/commons-cli/commons-cli/1.3.1/commons-cli-1.3.1.jar","/home/jbergqvist/.m2/repository/org/apache/flink/flink-connector-kafka_2.11/1.14.4/flink-connector-kafka_2.11-1.14.4.jar","/home/jbergqvist/.m2/repository/org/apache/flink/flink-connector-base/1.14.4/flink-connector-base-1.14.4.jar","/home/jbergqvist/.m2/repository/org/apache/kafka/kafka-clients/2.4.1/kafka-clients-2.4.1.jar","/home/jbergqvist/.m2/repository/com/github/luben/zstd-jni/1.4.3-1/zstd-jni-1.4.3-1.jar","/home/jbergqvist/.m2/repository/com/google/guava/guava/31.1-jre/guava-31.1-jre.jar","/home/jbergqvist/.m2/repository/com/google/guava/failureaccess/1.0.1/failureaccess-1.0.1.jar","/home/jbergqvist/.m2/repository/com/google/guava/listenablefuture/9999.0-empty-to-avoid-conflict-with-guava/listenablefuture-9999.0-empty-to-avoid-conflict-with-guava.jar","/home/jbergqvist/.m2/repository/org/checkerframework/checker-qual/3.12.0/checker-qual-3.12.0.jar","/home/jbergqvist/.m2/repository/com/google/errorprone/error_prone_annotations/2.11.0/error_prone_annotations-2.11.0.jar","/home/jbergqvist/.m2/repository/com/google/j2objc/j2objc-annotations/1.3/j2objc-annotations-1.3.jar","/home/jbergqvist/.m2/repository/org/questdb/questdb/6.4.3/questdb-6.4.3.jar","/home/jbergqvist/.m2/repository/com/diffblue/cover/cover-annotations/1.8.0/cover-annotations-1.8.0.jar"],"complianceLevel":"11","productionSources":["/home/jbergqvist/diffblue/terrierteam-FinFlink/src/main/java"],"testSources":["/home/jbergqvist/diffblue/terrierteam-FinFlink/src/test/java"],"productionClasses":"/home/jbergqvist/diffblue/terrierteam-FinFlink/target/classes","testClasses":"/home/jbergqvist/diffblue/terrierteam-FinFlink/target/test-classes","sourceToBuildPathMap":null,"testSourceToBuildPathMap":null,"buildDirectory":"/home/jbergqvist/diffblue/terrierteam-FinFlink/target","plugins":[{"__type":"DefaultPlugin","groupId":"org.apache.maven.plugins","artefactId":"maven-compiler-plugin","version":"3.8.1","pluginClassName":null},{"__type":"DefaultPlugin","groupId":"org.apache.maven.plugins","artefactId":"maven-shade-plugin","version":"3.1.1","pluginClassName":null},{"__type":"DefaultPlugin","groupId":"org.apache.maven.plugins","artefactId":"maven-clean-plugin","version":"3.2.0","pluginClassName":null},{"__type":"DefaultPlugin","groupId":"org.apache.maven.plugins","artefactId":"maven-resources-plugin","version":"3.3.1","pluginClassName":null},{"__type":"DefaultPlugin","groupId":"org.apache.maven.plugins","artefactId":"maven-jar-plugin","version":"3.4.1","pluginClassName":null},{"__type":"DefaultPlugin","groupId":"org.apache.maven.plugins","artefactId":"maven-surefire-plugin","version":"3.2.5","pluginClassName":null},{"__type":"DefaultPlugin","groupId":"org.apache.maven.plugins","artefactId":"maven-install-plugin","version":"3.1.2","pluginClassName":null},{"__type":"DefaultPlugin","groupId":"org.apache.maven.plugins","artefactId":"maven-deploy-plugin","version":"3.1.2","pluginClassName":null},{"__type":"DefaultPlugin","groupId":"org.apache.maven.plugins","artefactId":"maven-site-plugin","version":"3.12.1","pluginClassName":null}],"version":"3.9.12","encoding":null,"name":"maven","subModules":[],"simpleModuleName":null,"parentModuleName":null,"location":"/home/jbergqvist/diffblue/terrierteam-FinFlink","fullModuleName":"Infinitech-FinFlink:Infinitech-FinFlink"}}
13:18:00.788 [INFO]   [Checking]    out: [INFO] ------------------------------------------------------------------------
13:18:00.788 [INFO]   [Checking]    out: [INFO] BUILD SUCCESS
13:18:00.788 [INFO]   [Checking]    out: [INFO] ------------------------------------------------------------------------
13:18:00.788 [INFO]   [Checking]    out: [INFO] Total time:  0.829 s
13:18:00.789 [INFO]   [Checking]    out: [INFO] Finished at: 2026-01-12T13:18:00Z
13:18:00.789 [INFO]   [Checking]    out: [INFO] ------------------------------------------------------------------------
13:18:00.789 [INFO]   [Checking]    deserializing line [DIFFBLUE]{"__type":"com.diffblue.cover.buildsystem.model.ProjectInfoMessage","projectName":"Infinitech-FinFlink:Infinitech-FinFlink","productionSources":["/home/jbergqvist/diffblue/terrierteam-FinFlink/src/main/java"],"testSources":["/home/jbergqvist/diffblue/terrierteam-FinFlink/src/test/java"],"location":"/home/jbergqvist/diffblue/terrierteam-FinFlink"}
13:18:00.849 [INFO]   [Checking]    maven:err process not stopped, joining thread
13:18:00.850 [INFO]   [Checking]    maven:out process not stopped, joining thread
13:18:00.850 [INFO]   [Checking]    Deserializing project module message
13:18:00.851 [INFO]   [Checking]    deserializing line [DIFFBLUE]{"__type":"com.diffblue.cover.buildsystem.model.DefaultEventMessage","project":"Infinitech-FinFlink:Infinitech-FinFlink","goal":"build-classpath","cause":null,"state":"STARTED"}
13:18:00.853 [INFO]   [Checking]    deserializing line [DIFFBLUE]{"__type":"com.diffblue.cover.buildsystem.model.DefaultEventMessage","project":"Infinitech-FinFlink:Infinitech-FinFlink","goal":"build-classpath","cause":null,"state":"SUCCESS"}
13:18:00.855 [INFO]   [Checking]    deserializing line [DIFFBLUE]{"__type":"com.diffblue.cover.buildsystem.model.DefaultProjectModuleMessage","project":{"__type":"DefaultProjectModule","junitReport":["/home/jbergqvist/diffblue/terrierteam-FinFlink/target/surefire-reports"],"jacocoReport":["/home/jbergqvist/diffblue/terrierteam-FinFlink/target/site/jacoco/jacoco.xml"],"jacocoDestFile":["/home/jbergqvist/diffblue/terrierteam-FinFlink/target/jacoco.exec"],"jacocoFormats":["xml"],"jacocoSkipped":false,"classpath":["/home/jbergqvist/diffblue/terrierteam-FinFlink/target/classes","/home/jbergqvist/.m2/repository/org/apache/flink/flink-streaming-java_2.12/1.14.4/flink-streaming-java_2.12-1.14.4.jar","/home/jbergqvist/.m2/repository/org/apache/flink/flink-core/1.14.4/flink-core-1.14.4.jar","/home/jbergqvist/.m2/repository/org/apache/flink/flink-annotations/1.14.4/flink-annotations-1.14.4.jar","/home/jbergqvist/.m2/repository/org/apache/flink/flink-metrics-core/1.14.4/flink-metrics-core-1.14.4.jar","/home/jbergqvist/.m2/repository/org/apache/flink/flink-shaded-asm-7/7.1-14.0/flink-shaded-asm-7-7.1-14.0.jar","/home/jbergqvist/.m2/repository/org/apache/commons/commons-lang3/3.3.2/commons-lang3-3.3.2.jar","/home/jbergqvist/.m2/repository/com/esotericsoftware/kryo/kryo/2.24.0/kryo-2.24.0.jar","/home/jbergqvist/.m2/repository/com/esotericsoftware/minlog/minlog/1.2/minlog-1.2.jar","/home/jbergqvist/.m2/repository/commons-collections/commons-collections/3.2.2/commons-collections-3.2.2.jar","/home/jbergqvist/.m2/repository/org/apache/commons/commons-compress/1.21/commons-compress-1.21.jar","/home/jbergqvist/.m2/repository/org/apache/flink/flink-file-sink-common/1.14.4/flink-file-sink-common-1.14.4.jar","/home/jbergqvist/.m2/repository/org/apache/flink/flink-runtime/1.14.4/flink-runtime-1.14.4.jar","/home/jbergqvist/.m2/repository/org/apache/flink/flink-rpc-core/1.14.4/flink-rpc-core-1.14.4.jar","/home/jbergqvist/.m2/repository/org/apache/flink/flink-rpc-akka-loader/1.14.4/flink-rpc-akka-loader-1.14.4.jar","/home/jbergqvist/.m2/repository/org/apache/flink/flink-queryable-state-client-java/1.14.4/flink-queryable-state-client-java-1.14.4.jar","/home/jbergqvist/.m2/repository/org/apache/flink/flink-hadoop-fs/1.14.4/flink-hadoop-fs-1.14.4.jar","/home/jbergqvist/.m2/repository/commons-io/commons-io/2.8.0/commons-io-2.8.0.jar","/home/jbergqvist/.m2/repository/org/apache/flink/flink-shaded-netty/4.1.65.Final-14.0/flink-shaded-netty-4.1.65.Final-14.0.jar","/home/jbergqvist/.m2/repository/org/apache/flink/flink-shaded-jackson/2.12.4-14.0/flink-shaded-jackson-2.12.4-14.0.jar","/home/jbergqvist/.m2/repository/org/apache/flink/flink-shaded-zookeeper-3/3.4.14-14.0/flink-shaded-zookeeper-3-3.4.14-14.0.jar","/home/jbergqvist/.m2/repository/org/javassist/javassist/3.24.0-GA/javassist-3.24.0-GA.jar","/home/jbergqvist/.m2/repository/org/xerial/snappy/snappy-java/1.1.8.3/snappy-java-1.1.8.3.jar","/home/jbergqvist/.m2/repository/org/lz4/lz4-java/1.8.0/lz4-java-1.8.0.jar","/home/jbergqvist/.m2/repository/org/apache/flink/flink-scala_2.12/1.14.4/flink-scala_2.12-1.14.4.jar","/home/jbergqvist/.m2/repository/org/scala-lang/scala-reflect/2.12.7/scala-reflect-2.12.7.jar","/home/jbergqvist/.m2/repository/org/scala-lang/scala-library/2.12.7/scala-library-2.12.7.jar","/home/jbergqvist/.m2/repository/org/scala-lang/scala-compiler/2.12.7/scala-compiler-2.12.7.jar","/home/jbergqvist/.m2/repository/org/scala-lang/modules/scala-xml_2.12/1.0.6/scala-xml_2.12-1.0.6.jar","/home/jbergqvist/.m2/repository/com/twitter/chill_2.12/0.7.6/chill_2.12-0.7.6.jar","/home/jbergqvist/.m2/repository/com/twitter/chill-java/0.7.6/chill-java-0.7.6.jar","/home/jbergqvist/.m2/repository/org/apache/flink/flink-java/1.14.4/flink-java-1.14.4.jar","/home/jbergqvist/.m2/repository/org/apache/flink/flink-shaded-guava/30.1.1-jre-14.0/flink-shaded-guava-30.1.1-jre-14.0.jar","/home/jbergqvist/.m2/repository/org/apache/commons/commons-math3/3.5/commons-math3-3.5.jar","/home/jbergqvist/.m2/repository/org/slf4j/slf4j-api/1.7.15/slf4j-api-1.7.15.jar","/home/jbergqvist/.m2/repository/com/google/code/findbugs/jsr305/1.3.9/jsr305-1.3.9.jar","/home/jbergqvist/.m2/repository/org/apache/flink/flink-shaded-force-shading/14.0/flink-shaded-force-shading-14.0.jar","/home/jbergqvist/.m2/repository/org/junit/jupiter/junit-jupiter-engine/5.13.4/junit-jupiter-engine-5.13.4.jar","/home/jbergqvist/.m2/repository/org/junit/platform/junit-platform-engine/1.13.4/junit-platform-engine-1.13.4.jar","/home/jbergqvist/.m2/repository/org/opentest4j/opentest4j/1.3.0/opentest4j-1.3.0.jar","/home/jbergqvist/.m2/repository/org/junit/platform/junit-platform-commons/1.13.4/junit-platform-commons-1.13.4.jar","/home/jbergqvist/.m2/repository/org/junit/jupiter/junit-jupiter-api/5.13.4/junit-jupiter-api-5.13.4.jar","/home/jbergqvist/.m2/repository/org/apiguardian/apiguardian-api/1.1.2/apiguardian-api-1.1.2.jar","/home/jbergqvist/.m2/repository/org/mockito/mockito-core/5.20.0/mockito-core-5.20.0.jar","/home/jbergqvist/.m2/repository/net/bytebuddy/byte-buddy/1.17.7/byte-buddy-1.17.7.jar","/home/jbergqvist/.m2/repository/net/bytebuddy/byte-buddy-agent/1.17.7/byte-buddy-agent-1.17.7.jar","/home/jbergqvist/.m2/repository/org/objenesis/objenesis/3.3/objenesis-3.3.jar","/home/jbergqvist/.m2/repository/org/mockito/mockito-junit-jupiter/5.20.0/mockito-junit-jupiter-5.20.0.jar","/home/jbergqvist/.m2/repository/org/apache/flink/flink-clients_2.12/1.14.4/flink-clients_2.12-1.14.4.jar","/home/jbergqvist/.m2/repository/org/apache/flink/flink-optimizer/1.14.4/flink-optimizer-1.14.4.jar","/home/jbergqvist/.m2/repository/commons-cli/commons-cli/1.3.1/commons-cli-1.3.1.jar","/home/jbergqvist/.m2/repository/org/apache/flink/flink-connector-kafka_2.11/1.14.4/flink-connector-kafka_2.11-1.14.4.jar","/home/jbergqvist/.m2/repository/org/apache/flink/flink-connector-base/1.14.4/flink-connector-base-1.14.4.jar","/home/jbergqvist/.m2/repository/org/apache/kafka/kafka-clients/2.4.1/kafka-clients-2.4.1.jar","/home/jbergqvist/.m2/repository/com/github/luben/zstd-jni/1.4.3-1/zstd-jni-1.4.3-1.jar","/home/jbergqvist/.m2/repository/com/google/guava/guava/31.1-jre/guava-31.1-jre.jar","/home/jbergqvist/.m2/repository/com/google/guava/failureaccess/1.0.1/failureaccess-1.0.1.jar","/home/jbergqvist/.m2/repository/com/google/guava/listenablefuture/9999.0-empty-to-avoid-conflict-with-guava/listenablefuture-9999.0-empty-to-avoid-conflict-with-guava.jar","/home/jbergqvist/.m2/repository/org/checkerframework/checker-qual/3.12.0/checker-qual-3.12.0.jar","/home/jbergqvist/.m2/repository/com/google/errorprone/error_prone_annotations/2.11.0/error_prone_annotations-2.11.0.jar","/home/jbergqvist/.m2/repository/com/google/j2objc/j2objc-annotations/1.3/j2objc-annotations-1.3.jar","/home/jbergqvist/.m2/repository/org/questdb/questdb/6.4.3/questdb-6.4.3.jar","/home/jbergqvist/.m2/repository/com/diffblue/cover/cover-annotations/1.8.0/cover-annotations-1.8.0.jar"],"complianceLevel":"11","productionSources":["/home/jbergqvist/diffblue/terrierteam-FinFlink/src/main/java"],"testSources":["/home/jbergqvist/diffblue/terrierteam-FinFlink/src/test/java"],"productionClasses":"/home/jbergqvist/diffblue/terrierteam-FinFlink/target/classes","testClasses":"/home/jbergqvist/diffblue/terrierteam-FinFlink/target/test-classes","sourceToBuildPathMap":null,"testSourceToBuildPathMap":null,"buildDirectory":"/home/jbergqvist/diffblue/terrierteam-FinFlink/target","plugins":[{"__type":"DefaultPlugin","groupId":"org.apache.maven.plugins","artefactId":"maven-compiler-plugin","version":"3.8.1","pluginClassName":null},{"__type":"DefaultPlugin","groupId":"org.apache.maven.plugins","artefactId":"maven-shade-plugin","version":"3.1.1","pluginClassName":null},{"__type":"DefaultPlugin","groupId":"org.apache.maven.plugins","artefactId":"maven-clean-plugin","version":"3.2.0","pluginClassName":null},{"__type":"DefaultPlugin","groupId":"org.apache.maven.plugins","artefactId":"maven-resources-plugin","version":"3.3.1","pluginClassName":null},{"__type":"DefaultPlugin","groupId":"org.apache.maven.plugins","artefactId":"maven-jar-plugin","version":"3.4.1","pluginClassName":null},{"__type":"DefaultPlugin","groupId":"org.apache.maven.plugins","artefactId":"maven-surefire-plugin","version":"3.2.5","pluginClassName":null},{"__type":"DefaultPlugin","groupId":"org.apache.maven.plugins","artefactId":"maven-install-plugin","version":"3.1.2","pluginClassName":null},{"__type":"DefaultPlugin","groupId":"org.apache.maven.plugins","artefactId":"maven-deploy-plugin","version":"3.1.2","pluginClassName":null},{"__type":"DefaultPlugin","groupId":"org.apache.maven.plugins","artefactId":"maven-site-plugin","version":"3.12.1","pluginClassName":null}],"version":"3.9.12","encoding":null,"name":"maven","subModules":[],"simpleModuleName":null,"parentModuleName":null,"location":"/home/jbergqvist/diffblue/terrierteam-FinFlink","fullModuleName":"Infinitech-FinFlink:Infinitech-FinFlink"}}
13:18:00.862 [INFO]   [Checking]    deserializing line [DIFFBLUE]{"__type":"com.diffblue.cover.buildsystem.model.ProjectInfoMessage","projectName":"Infinitech-FinFlink:Infinitech-FinFlink","productionSources":["/home/jbergqvist/diffblue/terrierteam-FinFlink/src/main/java"],"testSources":["/home/jbergqvist/diffblue/terrierteam-FinFlink/src/test/java"],"location":"/home/jbergqvist/diffblue/terrierteam-FinFlink"}
13:18:00.863 [INFO]   [Checking]    Found 1 ProjectModuleMessages (ignoring buildSrc projects)
13:18:00.864 [INFO]   [Checking]    Found module Infinitech-FinFlink:Infinitech-FinFlink in the working directory /home/jbergqvist/diffblue/terrierteam-FinFlink
13:18:00.864 [INFO]   [Checking]    deserialized project module is present? true
13:18:00.880 [INFO]   [Checking]    Operating System: Linux amd64 6.8.0-90-generic
13:18:00.880 [INFO]   [Checking]    Default charset: UTF-8
13:18:00.880 [INFO]   [Checking]    Default locale: en_GB
13:18:00.881 [INFO]   [Checking]    Default time zone: Europe/London
13:18:00.888 [INFO]   [Checking]    Discovered modules:
13:18:00.888 [INFO]   [Checking]    - Infinitech-FinFlink:Infinitech-FinFlink
13:18:00.888 [INFO]   [Checking]    
13:18:00.891 [INFO]   [Checking]    
13:18:00.891 [INFO]   [Checking]    [1/1] Creating tests for module: Infinitech-FinFlink:Infinitech-FinFlink
13:18:00.891 [INFO]   [Checking]    ========================================================================
13:18:00.891 [INFO]   [Checking]    
13:18:00.892 [INFO]   [Checking]    Detecting environment:
13:18:00.892 [INFO]   [Checking]    ----------------------
13:18:00.946 [INFO]   [Checking]    Detected Java version 11.0.29
13:18:00.960 [INFO]   [Checking]    Maven Using ${maven.home} of: /home/jbergqvist/.sdkman/candidates/maven/current.
13:18:00.960 [INFO]   [Checking]    Maven Executing: /bin/sh -c cd /home/jbergqvist/diffblue/terrierteam-FinFlink && /home/jbergqvist/.sdkman/candidates/maven/3.9.12/bin/mvn -B -version
13:18:01.120 [INFO]   [Checking]    Standard output of build tool (Maven)
13:18:01.120 [INFO]   [Checking]    > Apache Maven 3.9.12 (848fbb4bf2d427b72bdb2471c22fced7ebd9a7a1)
13:18:01.120 [INFO]   [Checking]    > Maven home: /home/jbergqvist/.sdkman/candidates/maven/3.9.12
13:18:01.120 [INFO]   [Checking]    > Java version: 11.0.29, vendor: Amazon.com Inc., runtime: /home/jbergqvist/.sdkman/candidates/java/11.0.29-amzn
13:18:01.120 [INFO]   [Checking]    > Default locale: en_GB, platform encoding: UTF-8
13:18:01.120 [INFO]   [Checking]    > OS name: "linux", version: "6.8.0-90-generic", arch: "amd64", family: "unix"
13:18:01.121 [INFO]   [Checking]    Detected build system: Maven 3.9.12
13:18:01.127 [INFO]   [Checking]    Operating System: Linux amd64 6.8.0-90-generic
13:18:01.127 [INFO]   [Checking]    Default charset: UTF-8
13:18:01.127 [INFO]   [Checking]    Default locale: en_GB
13:18:01.127 [INFO]   [Checking]    Default time zone: Europe/London
13:18:01.128 [INFO]   [Checking]    Selected build system: Maven
13:18:01.139 [INFO]   [Checking]    Selected classpath from build system maven
13:18:01.141 [INFO]   [Checking]    Expanded classpath: 
/home/jbergqvist/diffblue/terrierteam-FinFlink/target/test-classes (test build path)
/home/jbergqvist/diffblue/terrierteam-FinFlink/target/classes (code under test)
/home/jbergqvist/.m2/repository/org/apache/flink/flink-streaming-java_2.12/1.14.4/flink-streaming-java_2.12-1.14.4.jar
/home/jbergqvist/.m2/repository/org/apache/flink/flink-core/1.14.4/flink-core-1.14.4.jar
/home/jbergqvist/.m2/repository/org/apache/flink/flink-annotations/1.14.4/flink-annotations-1.14.4.jar
/home/jbergqvist/.m2/repository/org/apache/flink/flink-metrics-core/1.14.4/flink-metrics-core-1.14.4.jar
/home/jbergqvist/.m2/repository/org/apache/flink/flink-shaded-asm-7/7.1-14.0/flink-shaded-asm-7-7.1-14.0.jar
/home/jbergqvist/.m2/repository/org/apache/commons/commons-lang3/3.3.2/commons-lang3-3.3.2.jar
/home/jbergqvist/.m2/repository/com/esotericsoftware/kryo/kryo/2.24.0/kryo-2.24.0.jar
/home/jbergqvist/.m2/repository/com/esotericsoftware/minlog/minlog/1.2/minlog-1.2.jar
/home/jbergqvist/.m2/repository/commons-collections/commons-collections/3.2.2/commons-collections-3.2.2.jar
/home/jbergqvist/.m2/repository/org/apache/commons/commons-compress/1.21/commons-compress-1.21.jar
/home/jbergqvist/.m2/repository/org/apache/flink/flink-file-sink-common/1.14.4/flink-file-sink-common-1.14.4.jar
/home/jbergqvist/.m2/repository/org/apache/flink/flink-runtime/1.14.4/flink-runtime-1.14.4.jar
/home/jbergqvist/.m2/repository/org/apache/flink/flink-rpc-core/1.14.4/flink-rpc-core-1.14.4.jar
/home/jbergqvist/.m2/repository/org/apache/flink/flink-rpc-akka-loader/1.14.4/flink-rpc-akka-loader-1.14.4.jar
/home/jbergqvist/.m2/repository/org/apache/flink/flink-queryable-state-client-java/1.14.4/flink-queryable-state-client-java-1.14.4.jar
/home/jbergqvist/.m2/repository/org/apache/flink/flink-hadoop-fs/1.14.4/flink-hadoop-fs-1.14.4.jar
/home/jbergqvist/.m2/repository/commons-io/commons-io/2.8.0/commons-io-2.8.0.jar
/home/jbergqvist/.m2/repository/org/apache/flink/flink-shaded-netty/4.1.65.Final-14.0/flink-shaded-netty-4.1.65.Final-14.0.jar
/home/jbergqvist/.m2/repository/org/apache/flink/flink-shaded-jackson/2.12.4-14.0/flink-shaded-jackson-2.12.4-14.0.jar
/home/jbergqvist/.m2/repository/org/apache/flink/flink-shaded-zookeeper-3/3.4.14-14.0/flink-shaded-zookeeper-3-3.4.14-14.0.jar
/home/jbergqvist/.m2/repository/org/javassist/javassist/3.24.0-GA/javassist-3.24.0-GA.jar
/home/jbergqvist/.m2/repository/org/xerial/snappy/snappy-java/1.1.8.3/snappy-java-1.1.8.3.jar
/home/jbergqvist/.m2/repository/org/lz4/lz4-java/1.8.0/lz4-java-1.8.0.jar
/home/jbergqvist/.m2/repository/org/apache/flink/flink-scala_2.12/1.14.4/flink-scala_2.12-1.14.4.jar
/home/jbergqvist/.m2/repository/org/scala-lang/scala-reflect/2.12.7/scala-reflect-2.12.7.jar
/home/jbergqvist/.m2/repository/org/scala-lang/scala-library/2.12.7/scala-library-2.12.7.jar
/home/jbergqvist/.m2/repository/org/scala-lang/scala-compiler/2.12.7/scala-compiler-2.12.7.jar
/home/jbergqvist/.m2/repository/org/scala-lang/modules/scala-xml_2.12/1.0.6/scala-xml_2.12-1.0.6.jar
/home/jbergqvist/.m2/repository/com/twitter/chill_2.12/0.7.6/chill_2.12-0.7.6.jar
/home/jbergqvist/.m2/repository/com/twitter/chill-java/0.7.6/chill-java-0.7.6.jar
/home/jbergqvist/.m2/repository/org/apache/flink/flink-java/1.14.4/flink-java-1.14.4.jar
/home/jbergqvist/.m2/repository/org/apache/flink/flink-shaded-guava/30.1.1-jre-14.0/flink-shaded-guava-30.1.1-jre-14.0.jar
/home/jbergqvist/.m2/repository/org/apache/commons/commons-math3/3.5/commons-math3-3.5.jar
/home/jbergqvist/.m2/repository/org/slf4j/slf4j-api/1.7.15/slf4j-api-1.7.15.jar
/home/jbergqvist/.m2/repository/com/google/code/findbugs/jsr305/1.3.9/jsr305-1.3.9.jar
/home/jbergqvist/.m2/repository/org/apache/flink/flink-shaded-force-shading/14.0/flink-shaded-force-shading-14.0.jar
/home/jbergqvist/.m2/repository/org/junit/jupiter/junit-jupiter-engine/5.13.4/junit-jupiter-engine-5.13.4.jar
/home/jbergqvist/.m2/repository/org/junit/platform/junit-platform-engine/1.13.4/junit-platform-engine-1.13.4.jar
/home/jbergqvist/.m2/repository/org/opentest4j/opentest4j/1.3.0/opentest4j-1.3.0.jar
/home/jbergqvist/.m2/repository/org/junit/platform/junit-platform-commons/1.13.4/junit-platform-commons-1.13.4.jar
/home/jbergqvist/.m2/repository/org/junit/jupiter/junit-jupiter-api/5.13.4/junit-jupiter-api-5.13.4.jar
/home/jbergqvist/.m2/repository/org/apiguardian/apiguardian-api/1.1.2/apiguardian-api-1.1.2.jar
/home/jbergqvist/.m2/repository/org/mockito/mockito-core/5.20.0/mockito-core-5.20.0.jar
/home/jbergqvist/.m2/repository/net/bytebuddy/byte-buddy/1.17.7/byte-buddy-1.17.7.jar
/home/jbergqvist/.m2/repository/net/bytebuddy/byte-buddy-agent/1.17.7/byte-buddy-agent-1.17.7.jar
/home/jbergqvist/.m2/repository/org/objenesis/objenesis/3.3/objenesis-3.3.jar
/home/jbergqvist/.m2/repository/org/mockito/mockito-junit-jupiter/5.20.0/mockito-junit-jupiter-5.20.0.jar
/home/jbergqvist/.m2/repository/org/apache/flink/flink-clients_2.12/1.14.4/flink-clients_2.12-1.14.4.jar
/home/jbergqvist/.m2/repository/org/apache/flink/flink-optimizer/1.14.4/flink-optimizer-1.14.4.jar
/home/jbergqvist/.m2/repository/commons-cli/commons-cli/1.3.1/commons-cli-1.3.1.jar
/home/jbergqvist/.m2/repository/org/apache/flink/flink-connector-kafka_2.11/1.14.4/flink-connector-kafka_2.11-1.14.4.jar
/home/jbergqvist/.m2/repository/org/apache/flink/flink-connector-base/1.14.4/flink-connector-base-1.14.4.jar
/home/jbergqvist/.m2/repository/org/apache/kafka/kafka-clients/2.4.1/kafka-clients-2.4.1.jar
/home/jbergqvist/.m2/repository/com/github/luben/zstd-jni/1.4.3-1/zstd-jni-1.4.3-1.jar
/home/jbergqvist/.m2/repository/com/google/guava/guava/31.1-jre/guava-31.1-jre.jar
/home/jbergqvist/.m2/repository/com/google/guava/failureaccess/1.0.1/failureaccess-1.0.1.jar
/home/jbergqvist/.m2/repository/com/google/guava/listenablefuture/9999.0-empty-to-avoid-conflict-with-guava/listenablefuture-9999.0-empty-to-avoid-conflict-with-guava.jar
/home/jbergqvist/.m2/repository/org/checkerframework/checker-qual/3.12.0/checker-qual-3.12.0.jar
/home/jbergqvist/.m2/repository/com/google/errorprone/error_prone_annotations/2.11.0/error_prone_annotations-2.11.0.jar
/home/jbergqvist/.m2/repository/com/google/j2objc/j2objc-annotations/1.3/j2objc-annotations-1.3.jar
/home/jbergqvist/.m2/repository/org/questdb/questdb/6.4.3/questdb-6.4.3.jar
/home/jbergqvist/.m2/repository/com/diffblue/cover/cover-annotations/1.8.0/cover-annotations-1.8.0.jar
13:18:01.180 [INFO]   [Checking]    Detected test framework: JUnit Jupiter API 5.13.4
13:18:01.191 [INFO]   [Checking]    Detected JUnit Jupiter Engine version 5.13.4
13:18:01.246 [INFO]   [Checking]    Detected Mockito Core version 5.20.0
13:18:01.627 [INFO]   [Checking]    Indexing...
13:18:01.922 [INFO]   [Checking]    Selected test output directory: /home/jbergqvist/diffblue/terrierteam-FinFlink/src/test/java
13:18:01.937 [INFO]   [Checking]    Using default build rules as no custom rules found in any of [/home/jbergqvist/diffblue/terrierteam-FinFlink]
13:18:01.938 [INFO]   [Checking]    Attempting to invoke mvnw in working directory: /home/jbergqvist/diffblue/terrierteam-FinFlink
13:18:01.939 [INFO]   [Checking]    Attempting to invoke /home/jbergqvist/.sdkman/candidates/maven/current/bin/mvn in working directory: /home/jbergqvist/diffblue/terrierteam-FinFlink
13:18:01.939 [INFO]   [Checking]    Started "/home/jbergqvist/.sdkman/candidates/maven/current/bin/mvn -Dmaven.ext.class.path=/opt/cover/cover-buildsystem-maven-spy-jar-with-dependencies.jar -Dcom.diffblue.cover.skipTests=true -DskipTestOptimizer --batch-mode --projects=Infinitech-FinFlink:Infinitech-FinFlink --global-settings=/home/jbergqvist/.sdkman/candidates/maven/current/conf/settings.xml test -DfailIfNoTests=false -Dsurefire.failIfNoSpecifiedTests=false -Dmaven.test.failure.ignore=True -Dtest=DummyJupiterDiffblueTest"
13:18:02.722 [INFO]   [Checking]    out: [INFO] Scanning for projects...
13:18:02.772 [INFO]   [Checking]    out: [INFO] 
13:18:02.772 [INFO]   [Checking]    out: [INFO] --------------< Infinitech-FinFlink:Infinitech-FinFlink >---------------
13:18:02.772 [INFO]   [Checking]    out: [INFO] Building Infinitech-FinFlink 0.6
13:18:02.772 [INFO]   [Checking]    out: [INFO]   from pom.xml
13:18:02.772 [INFO]   [Checking]    out: [INFO] --------------------------------[ jar ]---------------------------------
13:18:03.117 [INFO]   [Checking]    deserializing line [DIFFBLUE]{"__type":"com.diffblue.cover.buildsystem.model.DefaultEventMessage","project":"Infinitech-FinFlink:Infinitech-FinFlink","goal":"resources","cause":null,"state":"STARTED"}
13:18:03.119 [INFO]   [Checking]    out: [INFO] 
13:18:03.119 [INFO]   [Checking]    out: [INFO] --- resources:3.3.1:resources (default-resources) @ Infinitech-FinFlink ---
13:18:03.200 [INFO]   [Checking]    out: [WARNING] Using platform encoding (UTF-8 actually) to copy filtered resources, i.e. build is platform dependent!
13:18:03.200 [INFO]   [Checking]    out: [INFO] skip non existing resourceDirectory /home/jbergqvist/diffblue/terrierteam-FinFlink/resources
13:18:03.201 [INFO]   [Checking]    deserializing line [DIFFBLUE]{"__type":"com.diffblue.cover.buildsystem.model.DefaultEventMessage","project":"Infinitech-FinFlink:Infinitech-FinFlink","goal":"resources","cause":null,"state":"SUCCESS"}
13:18:03.204 [INFO]   [Checking]    deserializing line [DIFFBLUE]{"__type":"com.diffblue.cover.buildsystem.model.DefaultEventMessage","project":"Infinitech-FinFlink:Infinitech-FinFlink","goal":"compile","cause":null,"state":"STARTED"}
13:18:03.206 [INFO]   [Checking]    out: [INFO] 
13:18:03.206 [INFO]   [Checking]    out: [INFO] --- compiler:3.8.1:compile (default-compile) @ Infinitech-FinFlink ---
13:18:03.354 [INFO]   [Checking]    out: [INFO] Nothing to compile - all classes are up to date
13:18:03.356 [INFO]   [Checking]    deserializing line [DIFFBLUE]{"__type":"com.diffblue.cover.buildsystem.model.DefaultEventMessage","project":"Infinitech-FinFlink:Infinitech-FinFlink","goal":"compile","cause":null,"state":"SUCCESS"}
13:18:03.358 [INFO]   [Checking]    deserializing line [DIFFBLUE]{"__type":"com.diffblue.cover.buildsystem.model.DefaultEventMessage","project":"Infinitech-FinFlink:Infinitech-FinFlink","goal":"testResources","cause":null,"state":"STARTED"}
13:18:03.360 [INFO]   [Checking]    out: [INFO] 
13:18:03.360 [INFO]   [Checking]    out: [INFO] --- resources:3.3.1:testResources (default-testResources) @ Infinitech-FinFlink ---
13:18:03.360 [INFO]   [Checking]    out: [WARNING] Using platform encoding (UTF-8 actually) to copy filtered resources, i.e. build is platform dependent!
13:18:03.360 [INFO]   [Checking]    out: [INFO] skip non existing resourceDirectory /home/jbergqvist/diffblue/terrierteam-FinFlink/src/test/resources
13:18:03.361 [INFO]   [Checking]    deserializing line [DIFFBLUE]{"__type":"com.diffblue.cover.buildsystem.model.DefaultEventMessage","project":"Infinitech-FinFlink:Infinitech-FinFlink","goal":"testResources","cause":null,"state":"SUCCESS"}
13:18:03.363 [INFO]   [Checking]    deserializing line [DIFFBLUE]{"__type":"com.diffblue.cover.buildsystem.model.DefaultEventMessage","project":"Infinitech-FinFlink:Infinitech-FinFlink","goal":"testCompile","cause":null,"state":"STARTED"}
13:18:03.365 [INFO]   [Checking]    out: [INFO] 
13:18:03.365 [INFO]   [Checking]    out: [INFO] --- compiler:3.8.1:testCompile (default-testCompile) @ Infinitech-FinFlink ---
13:18:03.367 [INFO]   [Checking]    out: [INFO] Changes detected - recompiling the module!
13:18:03.368 [INFO]   [Checking]    out: [WARNING] File encoding has not been set, using platform encoding UTF-8, i.e. build is platform dependent!
13:18:03.369 [INFO]   [Checking]    out: [INFO] Compiling 1 source file to /home/jbergqvist/diffblue/terrierteam-FinFlink/target/test-classes
13:18:03.825 [INFO]   [Checking]    deserializing line [DIFFBLUE]{"__type":"com.diffblue.cover.buildsystem.model.DefaultEventMessage","project":"Infinitech-FinFlink:Infinitech-FinFlink","goal":"testCompile","cause":null,"state":"SUCCESS"}
13:18:03.828 [INFO]   [Checking]    deserializing line [DIFFBLUE]{"__type":"com.diffblue.cover.buildsystem.model.DefaultEventMessage","project":"Infinitech-FinFlink:Infinitech-FinFlink","goal":"test","cause":null,"state":"STARTED"}
13:18:03.830 [INFO]   [Checking]    out: [INFO] 
13:18:03.831 [INFO]   [Checking]    out: [INFO] --- surefire:3.2.5:test (default-test) @ Infinitech-FinFlink ---
13:18:03.956 [INFO]   [Checking]    out: [INFO] Using auto detected provider org.apache.maven.surefire.junitplatform.JUnitPlatformProvider
13:18:03.993 [INFO]   [Checking]    out: [INFO] 
13:18:03.994 [INFO]   [Checking]    out: [INFO] -------------------------------------------------------
13:18:03.994 [INFO]   [Checking]    out: [INFO]  T E S T S
13:18:03.994 [INFO]   [Checking]    out: [INFO] -------------------------------------------------------
13:18:04.391 [INFO]   [Checking]    out: [INFO] Running DummyJupiterDiffblueTest
13:18:04.429 [INFO]   [Checking]    out: [INFO] Tests run: 1, Failures: 0, Errors: 0, Skipped: 0, Time elapsed: 0.025 s -- in DummyJupiterDiffblueTest
13:18:04.444 [INFO]   [Checking]    out: [INFO] 
13:18:04.444 [INFO]   [Checking]    out: [INFO] Results:
13:18:04.444 [INFO]   [Checking]    out: [INFO] 
13:18:04.444 [INFO]   [Checking]    out: [INFO] Tests run: 1, Failures: 0, Errors: 0, Skipped: 0
13:18:04.444 [INFO]   [Checking]    out: [INFO] 
13:18:04.447 [INFO]   [Checking]    deserializing line [DIFFBLUE]{"__type":"com.diffblue.cover.buildsystem.model.DefaultEventMessage","project":"Infinitech-FinFlink:Infinitech-FinFlink","goal":"test","cause":null,"state":"SUCCESS"}
13:18:04.470 [INFO]   [Checking]    deserializing line [DIFFBLUE]{"__type":"com.diffblue.cover.buildsystem.model.DefaultProjectModuleMessage","project":{"__type":"DefaultProjectModule","junitReport":["/home/jbergqvist/diffblue/terrierteam-FinFlink/target/surefire-reports"],"jacocoReport":["/home/jbergqvist/diffblue/terrierteam-FinFlink/target/site/jacoco/jacoco.xml"],"jacocoDestFile":["/home/jbergqvist/diffblue/terrierteam-FinFlink/target/jacoco.exec"],"jacocoFormats":["xml"],"jacocoSkipped":false,"classpath":["/home/jbergqvist/diffblue/terrierteam-FinFlink/target/classes","/home/jbergqvist/.m2/repository/org/apache/flink/flink-streaming-java_2.12/1.14.4/flink-streaming-java_2.12-1.14.4.jar","/home/jbergqvist/.m2/repository/org/apache/flink/flink-core/1.14.4/flink-core-1.14.4.jar","/home/jbergqvist/.m2/repository/org/apache/flink/flink-annotations/1.14.4/flink-annotations-1.14.4.jar","/home/jbergqvist/.m2/repository/org/apache/flink/flink-metrics-core/1.14.4/flink-metrics-core-1.14.4.jar","/home/jbergqvist/.m2/repository/org/apache/flink/flink-shaded-asm-7/7.1-14.0/flink-shaded-asm-7-7.1-14.0.jar","/home/jbergqvist/.m2/repository/org/apache/commons/commons-lang3/3.3.2/commons-lang3-3.3.2.jar","/home/jbergqvist/.m2/repository/com/esotericsoftware/kryo/kryo/2.24.0/kryo-2.24.0.jar","/home/jbergqvist/.m2/repository/com/esotericsoftware/minlog/minlog/1.2/minlog-1.2.jar","/home/jbergqvist/.m2/repository/commons-collections/commons-collections/3.2.2/commons-collections-3.2.2.jar","/home/jbergqvist/.m2/repository/org/apache/commons/commons-compress/1.21/commons-compress-1.21.jar","/home/jbergqvist/.m2/repository/org/apache/flink/flink-file-sink-common/1.14.4/flink-file-sink-common-1.14.4.jar","/home/jbergqvist/.m2/repository/org/apache/flink/flink-runtime/1.14.4/flink-runtime-1.14.4.jar","/home/jbergqvist/.m2/repository/org/apache/flink/flink-rpc-core/1.14.4/flink-rpc-core-1.14.4.jar","/home/jbergqvist/.m2/repository/org/apache/flink/flink-rpc-akka-loader/1.14.4/flink-rpc-akka-loader-1.14.4.jar","/home/jbergqvist/.m2/repository/org/apache/flink/flink-queryable-state-client-java/1.14.4/flink-queryable-state-client-java-1.14.4.jar","/home/jbergqvist/.m2/repository/org/apache/flink/flink-hadoop-fs/1.14.4/flink-hadoop-fs-1.14.4.jar","/home/jbergqvist/.m2/repository/commons-io/commons-io/2.8.0/commons-io-2.8.0.jar","/home/jbergqvist/.m2/repository/org/apache/flink/flink-shaded-netty/4.1.65.Final-14.0/flink-shaded-netty-4.1.65.Final-14.0.jar","/home/jbergqvist/.m2/repository/org/apache/flink/flink-shaded-jackson/2.12.4-14.0/flink-shaded-jackson-2.12.4-14.0.jar","/home/jbergqvist/.m2/repository/org/apache/flink/flink-shaded-zookeeper-3/3.4.14-14.0/flink-shaded-zookeeper-3-3.4.14-14.0.jar","/home/jbergqvist/.m2/repository/org/javassist/javassist/3.24.0-GA/javassist-3.24.0-GA.jar","/home/jbergqvist/.m2/repository/org/xerial/snappy/snappy-java/1.1.8.3/snappy-java-1.1.8.3.jar","/home/jbergqvist/.m2/repository/org/lz4/lz4-java/1.8.0/lz4-java-1.8.0.jar","/home/jbergqvist/.m2/repository/org/apache/flink/flink-scala_2.12/1.14.4/flink-scala_2.12-1.14.4.jar","/home/jbergqvist/.m2/repository/org/scala-lang/scala-reflect/2.12.7/scala-reflect-2.12.7.jar","/home/jbergqvist/.m2/repository/org/scala-lang/scala-library/2.12.7/scala-library-2.12.7.jar","/home/jbergqvist/.m2/repository/org/scala-lang/scala-compiler/2.12.7/scala-compiler-2.12.7.jar","/home/jbergqvist/.m2/repository/org/scala-lang/modules/scala-xml_2.12/1.0.6/scala-xml_2.12-1.0.6.jar","/home/jbergqvist/.m2/repository/com/twitter/chill_2.12/0.7.6/chill_2.12-0.7.6.jar","/home/jbergqvist/.m2/repository/com/twitter/chill-java/0.7.6/chill-java-0.7.6.jar","/home/jbergqvist/.m2/repository/org/apache/flink/flink-java/1.14.4/flink-java-1.14.4.jar","/home/jbergqvist/.m2/repository/org/apache/flink/flink-shaded-guava/30.1.1-jre-14.0/flink-shaded-guava-30.1.1-jre-14.0.jar","/home/jbergqvist/.m2/repository/org/apache/commons/commons-math3/3.5/commons-math3-3.5.jar","/home/jbergqvist/.m2/repository/org/slf4j/slf4j-api/1.7.15/slf4j-api-1.7.15.jar","/home/jbergqvist/.m2/repository/com/google/code/findbugs/jsr305/1.3.9/jsr305-1.3.9.jar","/home/jbergqvist/.m2/repository/org/apache/flink/flink-shaded-force-shading/14.0/flink-shaded-force-shading-14.0.jar","/home/jbergqvist/.m2/repository/org/junit/jupiter/junit-jupiter-engine/5.13.4/junit-jupiter-engine-5.13.4.jar","/home/jbergqvist/.m2/repository/org/junit/platform/junit-platform-engine/1.13.4/junit-platform-engine-1.13.4.jar","/home/jbergqvist/.m2/repository/org/opentest4j/opentest4j/1.3.0/opentest4j-1.3.0.jar","/home/jbergqvist/.m2/repository/org/junit/platform/junit-platform-commons/1.13.4/junit-platform-commons-1.13.4.jar","/home/jbergqvist/.m2/repository/org/junit/jupiter/junit-jupiter-api/5.13.4/junit-jupiter-api-5.13.4.jar","/home/jbergqvist/.m2/repository/org/apiguardian/apiguardian-api/1.1.2/apiguardian-api-1.1.2.jar","/home/jbergqvist/.m2/repository/org/mockito/mockito-core/5.20.0/mockito-core-5.20.0.jar","/home/jbergqvist/.m2/repository/net/bytebuddy/byte-buddy/1.17.7/byte-buddy-1.17.7.jar","/home/jbergqvist/.m2/repository/net/bytebuddy/byte-buddy-agent/1.17.7/byte-buddy-agent-1.17.7.jar","/home/jbergqvist/.m2/repository/org/objenesis/objenesis/3.3/objenesis-3.3.jar","/home/jbergqvist/.m2/repository/org/mockito/mockito-junit-jupiter/5.20.0/mockito-junit-jupiter-5.20.0.jar","/home/jbergqvist/.m2/repository/org/apache/flink/flink-clients_2.12/1.14.4/flink-clients_2.12-1.14.4.jar","/home/jbergqvist/.m2/repository/org/apache/flink/flink-optimizer/1.14.4/flink-optimizer-1.14.4.jar","/home/jbergqvist/.m2/repository/commons-cli/commons-cli/1.3.1/commons-cli-1.3.1.jar","/home/jbergqvist/.m2/repository/org/apache/flink/flink-connector-kafka_2.11/1.14.4/flink-connector-kafka_2.11-1.14.4.jar","/home/jbergqvist/.m2/repository/org/apache/flink/flink-connector-base/1.14.4/flink-connector-base-1.14.4.jar","/home/jbergqvist/.m2/repository/org/apache/kafka/kafka-clients/2.4.1/kafka-clients-2.4.1.jar","/home/jbergqvist/.m2/repository/com/github/luben/zstd-jni/1.4.3-1/zstd-jni-1.4.3-1.jar","/home/jbergqvist/.m2/repository/com/google/guava/guava/31.1-jre/guava-31.1-jre.jar","/home/jbergqvist/.m2/repository/com/google/guava/failureaccess/1.0.1/failureaccess-1.0.1.jar","/home/jbergqvist/.m2/repository/com/google/guava/listenablefuture/9999.0-empty-to-avoid-conflict-with-guava/listenablefuture-9999.0-empty-to-avoid-conflict-with-guava.jar","/home/jbergqvist/.m2/repository/org/checkerframework/checker-qual/3.12.0/checker-qual-3.12.0.jar","/home/jbergqvist/.m2/repository/com/google/errorprone/error_prone_annotations/2.11.0/error_prone_annotations-2.11.0.jar","/home/jbergqvist/.m2/repository/com/google/j2objc/j2objc-annotations/1.3/j2objc-annotations-1.3.jar","/home/jbergqvist/.m2/repository/org/questdb/questdb/6.4.3/questdb-6.4.3.jar","/home/jbergqvist/.m2/repository/com/diffblue/cover/cover-annotations/1.8.0/cover-annotations-1.8.0.jar"],"complianceLevel":"11","productionSources":["/home/jbergqvist/diffblue/terrierteam-FinFlink/src/main/java"],"testSources":["/home/jbergqvist/diffblue/terrierteam-FinFlink/src/test/java"],"productionClasses":"/home/jbergqvist/diffblue/terrierteam-FinFlink/target/classes","testClasses":"/home/jbergqvist/diffblue/terrierteam-FinFlink/target/test-classes","sourceToBuildPathMap":null,"testSourceToBuildPathMap":null,"buildDirectory":"/home/jbergqvist/diffblue/terrierteam-FinFlink/target","plugins":[{"__type":"DefaultPlugin","groupId":"org.apache.maven.plugins","artefactId":"maven-compiler-plugin","version":"3.8.1","pluginClassName":null},{"__type":"DefaultPlugin","groupId":"org.apache.maven.plugins","artefactId":"maven-shade-plugin","version":"3.1.1","pluginClassName":null},{"__type":"DefaultPlugin","groupId":"org.apache.maven.plugins","artefactId":"maven-clean-plugin","version":"3.2.0","pluginClassName":null},{"__type":"DefaultPlugin","groupId":"org.apache.maven.plugins","artefactId":"maven-resources-plugin","version":"3.3.1","pluginClassName":null},{"__type":"DefaultPlugin","groupId":"org.apache.maven.plugins","artefactId":"maven-jar-plugin","version":"3.4.1","pluginClassName":null},{"__type":"DefaultPlugin","groupId":"org.apache.maven.plugins","artefactId":"maven-surefire-plugin","version":"3.2.5","pluginClassName":null},{"__type":"DefaultPlugin","groupId":"org.apache.maven.plugins","artefactId":"maven-install-plugin","version":"3.1.2","pluginClassName":null},{"__type":"DefaultPlugin","groupId":"org.apache.maven.plugins","artefactId":"maven-deploy-plugin","version":"3.1.2","pluginClassName":null},{"__type":"DefaultPlugin","groupId":"org.apache.maven.plugins","artefactId":"maven-site-plugin","version":"3.12.1","pluginClassName":null}],"version":"3.9.12","encoding":null,"name":"maven","subModules":[],"simpleModuleName":null,"parentModuleName":null,"location":"/home/jbergqvist/diffblue/terrierteam-FinFlink","fullModuleName":"Infinitech-FinFlink:Infinitech-FinFlink"}}
13:18:04.475 [INFO]   [Checking]    out: [INFO] ------------------------------------------------------------------------
13:18:04.475 [INFO]   [Checking]    out: [INFO] BUILD SUCCESS
13:18:04.475 [INFO]   [Checking]    out: [INFO] ------------------------------------------------------------------------
13:18:04.475 [INFO]   [Checking]    out: [INFO] Total time:  1.765 s
13:18:04.475 [INFO]   [Checking]    out: [INFO] Finished at: 2026-01-12T13:18:04Z
13:18:04.476 [INFO]   [Checking]    out: [INFO] ------------------------------------------------------------------------
13:18:04.476 [INFO]   [Checking]    deserializing line [DIFFBLUE]{"__type":"com.diffblue.cover.buildsystem.model.ProjectInfoMessage","projectName":"Infinitech-FinFlink:Infinitech-FinFlink","productionSources":["/home/jbergqvist/diffblue/terrierteam-FinFlink/src/main/java","/home/jbergqvist/diffblue/terrierteam-FinFlink/target/generated-sources/annotations"],"testSources":["/home/jbergqvist/diffblue/terrierteam-FinFlink/src/test/java","/home/jbergqvist/diffblue/terrierteam-FinFlink/target/generated-test-sources/test-annotations"],"location":"/home/jbergqvist/diffblue/terrierteam-FinFlink"}
13:18:04.508 [INFO]   [Checking]    maven:err process not stopped, joining thread
13:18:04.508 [INFO]   [Checking]    maven:out process not stopped, joining thread
13:18:04.521 [INFO]   [Checking]    Selected test framework: JUnit Jupiter API
13:18:04.538 [INFO]   [Checking]    Detected Mockito JUnit Jupiter version 5.20.0
13:18:04.638 [INFO]   [Checking]    Using default build rules as no custom rules found in any of [/home/jbergqvist/diffblue/terrierteam-FinFlink]
13:18:04.638 [INFO]   [Checking]    Attempting to invoke mvnw in working directory: /home/jbergqvist/diffblue/terrierteam-FinFlink
13:18:04.638 [INFO]   [Checking]    Attempting to invoke /home/jbergqvist/.sdkman/candidates/maven/current/bin/mvn in working directory: /home/jbergqvist/diffblue/terrierteam-FinFlink
13:18:04.639 [INFO]   [Checking]    Started "/home/jbergqvist/.sdkman/candidates/maven/current/bin/mvn -Dmaven.ext.class.path=/opt/cover/cover-buildsystem-maven-spy-jar-with-dependencies.jar -Dcom.diffblue.cover.skipTests=true -DskipTestOptimizer --batch-mode --projects=Infinitech-FinFlink:Infinitech-FinFlink --global-settings=/home/jbergqvist/.sdkman/candidates/maven/current/conf/settings.xml test -DfailIfNoTests=false -Dsurefire.failIfNoSpecifiedTests=false -Dmaven.test.failure.ignore=True -Dtest=DummyJUnitJupiterLauncherDiffblueTest293697586094235238"
13:18:05.376 [INFO]   [Checking]    out: [INFO] Scanning for projects...
13:18:05.414 [INFO]   [Checking]    out: [INFO] 
13:18:05.414 [INFO]   [Checking]    out: [INFO] --------------< Infinitech-FinFlink:Infinitech-FinFlink >---------------
13:18:05.414 [INFO]   [Checking]    out: [INFO] Building Infinitech-FinFlink 0.6
13:18:05.415 [INFO]   [Checking]    out: [INFO]   from pom.xml
13:18:05.415 [INFO]   [Checking]    out: [INFO] --------------------------------[ jar ]---------------------------------
13:18:05.754 [INFO]   [Checking]    deserializing line [DIFFBLUE]{"__type":"com.diffblue.cover.buildsystem.model.DefaultEventMessage","project":"Infinitech-FinFlink:Infinitech-FinFlink","goal":"resources","cause":null,"state":"STARTED"}
13:18:05.756 [INFO]   [Checking]    out: [INFO] 
13:18:05.757 [INFO]   [Checking]    out: [INFO] --- resources:3.3.1:resources (default-resources) @ Infinitech-FinFlink ---
13:18:05.830 [INFO]   [Checking]    out: [WARNING] Using platform encoding (UTF-8 actually) to copy filtered resources, i.e. build is platform dependent!
13:18:05.830 [INFO]   [Checking]    out: [INFO] skip non existing resourceDirectory /home/jbergqvist/diffblue/terrierteam-FinFlink/resources
13:18:05.831 [INFO]   [Checking]    deserializing line [DIFFBLUE]{"__type":"com.diffblue.cover.buildsystem.model.DefaultEventMessage","project":"Infinitech-FinFlink:Infinitech-FinFlink","goal":"resources","cause":null,"state":"SUCCESS"}
13:18:05.833 [INFO]   [Checking]    deserializing line [DIFFBLUE]{"__type":"com.diffblue.cover.buildsystem.model.DefaultEventMessage","project":"Infinitech-FinFlink:Infinitech-FinFlink","goal":"compile","cause":null,"state":"STARTED"}
13:18:05.835 [INFO]   [Checking]    out: [INFO] 
13:18:05.835 [INFO]   [Checking]    out: [INFO] --- compiler:3.8.1:compile (default-compile) @ Infinitech-FinFlink ---
13:18:05.985 [INFO]   [Checking]    out: [INFO] Nothing to compile - all classes are up to date
13:18:05.987 [INFO]   [Checking]    deserializing line [DIFFBLUE]{"__type":"com.diffblue.cover.buildsystem.model.DefaultEventMessage","project":"Infinitech-FinFlink:Infinitech-FinFlink","goal":"compile","cause":null,"state":"SUCCESS"}
13:18:05.990 [INFO]   [Checking]    deserializing line [DIFFBLUE]{"__type":"com.diffblue.cover.buildsystem.model.DefaultEventMessage","project":"Infinitech-FinFlink:Infinitech-FinFlink","goal":"testResources","cause":null,"state":"STARTED"}
13:18:05.992 [INFO]   [Checking]    out: [INFO] 
13:18:05.992 [INFO]   [Checking]    out: [INFO] --- resources:3.3.1:testResources (default-testResources) @ Infinitech-FinFlink ---
13:18:05.992 [INFO]   [Checking]    out: [WARNING] Using platform encoding (UTF-8 actually) to copy filtered resources, i.e. build is platform dependent!
13:18:05.992 [INFO]   [Checking]    out: [INFO] skip non existing resourceDirectory /home/jbergqvist/diffblue/terrierteam-FinFlink/src/test/resources
13:18:05.992 [INFO]   [Checking]    deserializing line [DIFFBLUE]{"__type":"com.diffblue.cover.buildsystem.model.DefaultEventMessage","project":"Infinitech-FinFlink:Infinitech-FinFlink","goal":"testResources","cause":null,"state":"SUCCESS"}
13:18:05.993 [INFO]   [Checking]    deserializing line [DIFFBLUE]{"__type":"com.diffblue.cover.buildsystem.model.DefaultEventMessage","project":"Infinitech-FinFlink:Infinitech-FinFlink","goal":"testCompile","cause":null,"state":"STARTED"}
13:18:05.995 [INFO]   [Checking]    out: [INFO] 
13:18:05.995 [INFO]   [Checking]    out: [INFO] --- compiler:3.8.1:testCompile (default-testCompile) @ Infinitech-FinFlink ---
13:18:05.996 [INFO]   [Checking]    out: [INFO] Changes detected - recompiling the module!
13:18:05.997 [INFO]   [Checking]    out: [WARNING] File encoding has not been set, using platform encoding UTF-8, i.e. build is platform dependent!
13:18:05.998 [INFO]   [Checking]    out: [INFO] Compiling 1 source file to /home/jbergqvist/diffblue/terrierteam-FinFlink/target/test-classes
13:18:06.435 [INFO]   [Checking]    deserializing line [DIFFBLUE]{"__type":"com.diffblue.cover.buildsystem.model.DefaultEventMessage","project":"Infinitech-FinFlink:Infinitech-FinFlink","goal":"testCompile","cause":null,"state":"SUCCESS"}
13:18:06.437 [INFO]   [Checking]    deserializing line [DIFFBLUE]{"__type":"com.diffblue.cover.buildsystem.model.DefaultEventMessage","project":"Infinitech-FinFlink:Infinitech-FinFlink","goal":"test","cause":null,"state":"STARTED"}
13:18:06.438 [INFO]   [Checking]    out: [INFO] 
13:18:06.438 [INFO]   [Checking]    out: [INFO] --- surefire:3.2.5:test (default-test) @ Infinitech-FinFlink ---
13:18:06.559 [INFO]   [Checking]    out: [INFO] Using auto detected provider org.apache.maven.surefire.junitplatform.JUnitPlatformProvider
13:18:06.595 [INFO]   [Checking]    out: [INFO] 
13:18:06.595 [INFO]   [Checking]    out: [INFO] -------------------------------------------------------
13:18:06.595 [INFO]   [Checking]    out: [INFO]  T E S T S
13:18:06.595 [INFO]   [Checking]    out: [INFO] -------------------------------------------------------
13:18:06.987 [INFO]   [Checking]    out: [INFO] Running DummyJUnitJupiterLauncherDiffblueTest293697586094235238
13:18:07.024 [INFO]   [Checking]    out: [INFO] Tests run: 1, Failures: 0, Errors: 0, Skipped: 0, Time elapsed: 0.024 s -- in DummyJUnitJupiterLauncherDiffblueTest293697586094235238
13:18:07.043 [INFO]   [Checking]    out: [INFO] 
13:18:07.043 [INFO]   [Checking]    out: [INFO] Results:
13:18:07.043 [INFO]   [Checking]    out: [INFO] 
13:18:07.043 [INFO]   [Checking]    out: [INFO] Tests run: 1, Failures: 0, Errors: 0, Skipped: 0
13:18:07.043 [INFO]   [Checking]    out: [INFO] 
13:18:07.046 [INFO]   [Checking]    deserializing line [DIFFBLUE]{"__type":"com.diffblue.cover.buildsystem.model.DefaultEventMessage","project":"Infinitech-FinFlink:Infinitech-FinFlink","goal":"test","cause":null,"state":"SUCCESS"}
13:18:07.069 [INFO]   [Checking]    deserializing line [DIFFBLUE]{"__type":"com.diffblue.cover.buildsystem.model.DefaultProjectModuleMessage","project":{"__type":"DefaultProjectModule","junitReport":["/home/jbergqvist/diffblue/terrierteam-FinFlink/target/surefire-reports"],"jacocoReport":["/home/jbergqvist/diffblue/terrierteam-FinFlink/target/site/jacoco/jacoco.xml"],"jacocoDestFile":["/home/jbergqvist/diffblue/terrierteam-FinFlink/target/jacoco.exec"],"jacocoFormats":["xml"],"jacocoSkipped":false,"classpath":["/home/jbergqvist/diffblue/terrierteam-FinFlink/target/classes","/home/jbergqvist/.m2/repository/org/apache/flink/flink-streaming-java_2.12/1.14.4/flink-streaming-java_2.12-1.14.4.jar","/home/jbergqvist/.m2/repository/org/apache/flink/flink-core/1.14.4/flink-core-1.14.4.jar","/home/jbergqvist/.m2/repository/org/apache/flink/flink-annotations/1.14.4/flink-annotations-1.14.4.jar","/home/jbergqvist/.m2/repository/org/apache/flink/flink-metrics-core/1.14.4/flink-metrics-core-1.14.4.jar","/home/jbergqvist/.m2/repository/org/apache/flink/flink-shaded-asm-7/7.1-14.0/flink-shaded-asm-7-7.1-14.0.jar","/home/jbergqvist/.m2/repository/org/apache/commons/commons-lang3/3.3.2/commons-lang3-3.3.2.jar","/home/jbergqvist/.m2/repository/com/esotericsoftware/kryo/kryo/2.24.0/kryo-2.24.0.jar","/home/jbergqvist/.m2/repository/com/esotericsoftware/minlog/minlog/1.2/minlog-1.2.jar","/home/jbergqvist/.m2/repository/commons-collections/commons-collections/3.2.2/commons-collections-3.2.2.jar","/home/jbergqvist/.m2/repository/org/apache/commons/commons-compress/1.21/commons-compress-1.21.jar","/home/jbergqvist/.m2/repository/org/apache/flink/flink-file-sink-common/1.14.4/flink-file-sink-common-1.14.4.jar","/home/jbergqvist/.m2/repository/org/apache/flink/flink-runtime/1.14.4/flink-runtime-1.14.4.jar","/home/jbergqvist/.m2/repository/org/apache/flink/flink-rpc-core/1.14.4/flink-rpc-core-1.14.4.jar","/home/jbergqvist/.m2/repository/org/apache/flink/flink-rpc-akka-loader/1.14.4/flink-rpc-akka-loader-1.14.4.jar","/home/jbergqvist/.m2/repository/org/apache/flink/flink-queryable-state-client-java/1.14.4/flink-queryable-state-client-java-1.14.4.jar","/home/jbergqvist/.m2/repository/org/apache/flink/flink-hadoop-fs/1.14.4/flink-hadoop-fs-1.14.4.jar","/home/jbergqvist/.m2/repository/commons-io/commons-io/2.8.0/commons-io-2.8.0.jar","/home/jbergqvist/.m2/repository/org/apache/flink/flink-shaded-netty/4.1.65.Final-14.0/flink-shaded-netty-4.1.65.Final-14.0.jar","/home/jbergqvist/.m2/repository/org/apache/flink/flink-shaded-jackson/2.12.4-14.0/flink-shaded-jackson-2.12.4-14.0.jar","/home/jbergqvist/.m2/repository/org/apache/flink/flink-shaded-zookeeper-3/3.4.14-14.0/flink-shaded-zookeeper-3-3.4.14-14.0.jar","/home/jbergqvist/.m2/repository/org/javassist/javassist/3.24.0-GA/javassist-3.24.0-GA.jar","/home/jbergqvist/.m2/repository/org/xerial/snappy/snappy-java/1.1.8.3/snappy-java-1.1.8.3.jar","/home/jbergqvist/.m2/repository/org/lz4/lz4-java/1.8.0/lz4-java-1.8.0.jar","/home/jbergqvist/.m2/repository/org/apache/flink/flink-scala_2.12/1.14.4/flink-scala_2.12-1.14.4.jar","/home/jbergqvist/.m2/repository/org/scala-lang/scala-reflect/2.12.7/scala-reflect-2.12.7.jar","/home/jbergqvist/.m2/repository/org/scala-lang/scala-library/2.12.7/scala-library-2.12.7.jar","/home/jbergqvist/.m2/repository/org/scala-lang/scala-compiler/2.12.7/scala-compiler-2.12.7.jar","/home/jbergqvist/.m2/repository/org/scala-lang/modules/scala-xml_2.12/1.0.6/scala-xml_2.12-1.0.6.jar","/home/jbergqvist/.m2/repository/com/twitter/chill_2.12/0.7.6/chill_2.12-0.7.6.jar","/home/jbergqvist/.m2/repository/com/twitter/chill-java/0.7.6/chill-java-0.7.6.jar","/home/jbergqvist/.m2/repository/org/apache/flink/flink-java/1.14.4/flink-java-1.14.4.jar","/home/jbergqvist/.m2/repository/org/apache/flink/flink-shaded-guava/30.1.1-jre-14.0/flink-shaded-guava-30.1.1-jre-14.0.jar","/home/jbergqvist/.m2/repository/org/apache/commons/commons-math3/3.5/commons-math3-3.5.jar","/home/jbergqvist/.m2/repository/org/slf4j/slf4j-api/1.7.15/slf4j-api-1.7.15.jar","/home/jbergqvist/.m2/repository/com/google/code/findbugs/jsr305/1.3.9/jsr305-1.3.9.jar","/home/jbergqvist/.m2/repository/org/apache/flink/flink-shaded-force-shading/14.0/flink-shaded-force-shading-14.0.jar","/home/jbergqvist/.m2/repository/org/junit/jupiter/junit-jupiter-engine/5.13.4/junit-jupiter-engine-5.13.4.jar","/home/jbergqvist/.m2/repository/org/junit/platform/junit-platform-engine/1.13.4/junit-platform-engine-1.13.4.jar","/home/jbergqvist/.m2/repository/org/opentest4j/opentest4j/1.3.0/opentest4j-1.3.0.jar","/home/jbergqvist/.m2/repository/org/junit/platform/junit-platform-commons/1.13.4/junit-platform-commons-1.13.4.jar","/home/jbergqvist/.m2/repository/org/junit/jupiter/junit-jupiter-api/5.13.4/junit-jupiter-api-5.13.4.jar","/home/jbergqvist/.m2/repository/org/apiguardian/apiguardian-api/1.1.2/apiguardian-api-1.1.2.jar","/home/jbergqvist/.m2/repository/org/mockito/mockito-core/5.20.0/mockito-core-5.20.0.jar","/home/jbergqvist/.m2/repository/net/bytebuddy/byte-buddy/1.17.7/byte-buddy-1.17.7.jar","/home/jbergqvist/.m2/repository/net/bytebuddy/byte-buddy-agent/1.17.7/byte-buddy-agent-1.17.7.jar","/home/jbergqvist/.m2/repository/org/objenesis/objenesis/3.3/objenesis-3.3.jar","/home/jbergqvist/.m2/repository/org/mockito/mockito-junit-jupiter/5.20.0/mockito-junit-jupiter-5.20.0.jar","/home/jbergqvist/.m2/repository/org/apache/flink/flink-clients_2.12/1.14.4/flink-clients_2.12-1.14.4.jar","/home/jbergqvist/.m2/repository/org/apache/flink/flink-optimizer/1.14.4/flink-optimizer-1.14.4.jar","/home/jbergqvist/.m2/repository/commons-cli/commons-cli/1.3.1/commons-cli-1.3.1.jar","/home/jbergqvist/.m2/repository/org/apache/flink/flink-connector-kafka_2.11/1.14.4/flink-connector-kafka_2.11-1.14.4.jar","/home/jbergqvist/.m2/repository/org/apache/flink/flink-connector-base/1.14.4/flink-connector-base-1.14.4.jar","/home/jbergqvist/.m2/repository/org/apache/kafka/kafka-clients/2.4.1/kafka-clients-2.4.1.jar","/home/jbergqvist/.m2/repository/com/github/luben/zstd-jni/1.4.3-1/zstd-jni-1.4.3-1.jar","/home/jbergqvist/.m2/repository/com/google/guava/guava/31.1-jre/guava-31.1-jre.jar","/home/jbergqvist/.m2/repository/com/google/guava/failureaccess/1.0.1/failureaccess-1.0.1.jar","/home/jbergqvist/.m2/repository/com/google/guava/listenablefuture/9999.0-empty-to-avoid-conflict-with-guava/listenablefuture-9999.0-empty-to-avoid-conflict-with-guava.jar","/home/jbergqvist/.m2/repository/org/checkerframework/checker-qual/3.12.0/checker-qual-3.12.0.jar","/home/jbergqvist/.m2/repository/com/google/errorprone/error_prone_annotations/2.11.0/error_prone_annotations-2.11.0.jar","/home/jbergqvist/.m2/repository/com/google/j2objc/j2objc-annotations/1.3/j2objc-annotations-1.3.jar","/home/jbergqvist/.m2/repository/org/questdb/questdb/6.4.3/questdb-6.4.3.jar","/home/jbergqvist/.m2/repository/com/diffblue/cover/cover-annotations/1.8.0/cover-annotations-1.8.0.jar"],"complianceLevel":"11","productionSources":["/home/jbergqvist/diffblue/terrierteam-FinFlink/src/main/java"],"testSources":["/home/jbergqvist/diffblue/terrierteam-FinFlink/src/test/java"],"productionClasses":"/home/jbergqvist/diffblue/terrierteam-FinFlink/target/classes","testClasses":"/home/jbergqvist/diffblue/terrierteam-FinFlink/target/test-classes","sourceToBuildPathMap":null,"testSourceToBuildPathMap":null,"buildDirectory":"/home/jbergqvist/diffblue/terrierteam-FinFlink/target","plugins":[{"__type":"DefaultPlugin","groupId":"org.apache.maven.plugins","artefactId":"maven-compiler-plugin","version":"3.8.1","pluginClassName":null},{"__type":"DefaultPlugin","groupId":"org.apache.maven.plugins","artefactId":"maven-shade-plugin","version":"3.1.1","pluginClassName":null},{"__type":"DefaultPlugin","groupId":"org.apache.maven.plugins","artefactId":"maven-clean-plugin","version":"3.2.0","pluginClassName":null},{"__type":"DefaultPlugin","groupId":"org.apache.maven.plugins","artefactId":"maven-resources-plugin","version":"3.3.1","pluginClassName":null},{"__type":"DefaultPlugin","groupId":"org.apache.maven.plugins","artefactId":"maven-jar-plugin","version":"3.4.1","pluginClassName":null},{"__type":"DefaultPlugin","groupId":"org.apache.maven.plugins","artefactId":"maven-surefire-plugin","version":"3.2.5","pluginClassName":null},{"__type":"DefaultPlugin","groupId":"org.apache.maven.plugins","artefactId":"maven-install-plugin","version":"3.1.2","pluginClassName":null},{"__type":"DefaultPlugin","groupId":"org.apache.maven.plugins","artefactId":"maven-deploy-plugin","version":"3.1.2","pluginClassName":null},{"__type":"DefaultPlugin","groupId":"org.apache.maven.plugins","artefactId":"maven-site-plugin","version":"3.12.1","pluginClassName":null}],"version":"3.9.12","encoding":null,"name":"maven","subModules":[],"simpleModuleName":null,"parentModuleName":null,"location":"/home/jbergqvist/diffblue/terrierteam-FinFlink","fullModuleName":"Infinitech-FinFlink:Infinitech-FinFlink"}}
13:18:07.074 [INFO]   [Checking]    out: [INFO] ------------------------------------------------------------------------
13:18:07.074 [INFO]   [Checking]    out: [INFO] BUILD SUCCESS
13:18:07.074 [INFO]   [Checking]    out: [INFO] ------------------------------------------------------------------------
13:18:07.074 [INFO]   [Checking]    out: [INFO] Total time:  1.707 s
13:18:07.074 [INFO]   [Checking]    out: [INFO] Finished at: 2026-01-12T13:18:07Z
13:18:07.074 [INFO]   [Checking]    out: [INFO] ------------------------------------------------------------------------
13:18:07.074 [INFO]   [Checking]    deserializing line [DIFFBLUE]{"__type":"com.diffblue.cover.buildsystem.model.ProjectInfoMessage","projectName":"Infinitech-FinFlink:Infinitech-FinFlink","productionSources":["/home/jbergqvist/diffblue/terrierteam-FinFlink/src/main/java","/home/jbergqvist/diffblue/terrierteam-FinFlink/target/generated-sources/annotations"],"testSources":["/home/jbergqvist/diffblue/terrierteam-FinFlink/src/test/java","/home/jbergqvist/diffblue/terrierteam-FinFlink/target/generated-test-sources/test-annotations"],"location":"/home/jbergqvist/diffblue/terrierteam-FinFlink"}
13:18:07.104 [INFO]   [Checking]    maven:err process not stopped, joining thread
13:18:07.105 [INFO]   [Checking]    maven:out process not stopped, joining thread
13:18:07.289 [INFO]   [Checking]    Detected JVM architecture: 64-Bit
13:18:07.347 [INFO]   [Checking]    Detected Cover Annotations version 1.8.0
13:18:07.438 [INFO]   [Checking]    Selected Java language compliance level: 11
13:18:07.438 [INFO]   [Checking]    Selected test validation: enabled
13:18:07.788 [INFO]   [Checking]    Prefixes for filtering classes/methods:
13:18:07.793 [INFO]   [Checking]    - eu.infinitech.finflink.apps
13:18:07.794 [INFO]   [Checking]    - eu.infinitech.finflink.keys
13:18:07.795 [INFO]   [Checking]    - eu.infinitech.finflink.sinks
13:18:07.796 [INFO]   [Checking]    - eu.infinitech.finflink.structures
13:18:07.797 [INFO]   [Checking]    - eu.infinitech.finflink.time
13:18:07.798 [INFO]   [Checking]    - eu.infinitech.finflink.transformations.data
13:18:07.798 [INFO]   [Checking]    - eu.infinitech.finflink.transformations.technicalIndicators
13:18:07.799 [INFO]   [Checking]    - eu.infinitech.finflink.util
13:18:07.800 [INFO]   [Checking]    Gathering methods to test...
13:18:09.808 [WARN]   [Checking]    E199: Libraries with limited support found
Libraries are on the classpath that have only limited support by
Diffblue Cover:
- Apache Flink 1.14.4
For code that uses these libraries fewer or lower quality tests may be written.
13:18:09.831 [INFO]   [Reporting]   
13:18:09.831 [INFO]   [Reporting]   Environment summary for module: Infinitech-FinFlink:Infinitech-FinFlink
13:18:09.831 [INFO]   [Reporting]   -----------------------------------------------------------------------
13:18:09.832 [INFO]   [Reporting]   Java version                   11.0.29                       SUCCESS        
13:18:09.832 [INFO]   [Reporting]   Build system                   Maven                         SUCCESS        
13:18:09.832 [INFO]   [Reporting]   Mocking Framework              Mockito Core 5.20.0           SUCCESS        
13:18:09.832 [INFO]   [Reporting]   Surefire version               3.2.5                         SUCCESS        
13:18:09.832 [INFO]   [Reporting]   Testing framework              JUnit Jupiter                 SUCCESS        
13:18:09.832 [INFO]   [Reporting]   Mockito JUnit Jupiter version  5.20.0                        SUCCESS        
13:18:09.832 [INFO]   [Reporting]   JavaEE version                 Skipped                       -----          
13:18:09.832 [INFO]   [Reporting]   OSGi Annotations               Not Detected                  -----          
13:18:09.832 [INFO]   [Reporting]   Javax WS RS API                Not Detected                  -----          
13:18:09.832 [INFO]   [Reporting]   Jakarta RESTful WS API         Not Detected                  -----          
13:18:09.832 [INFO]   [Reporting]   Jersey Server                  Not Detected                  -----          
13:18:09.832 [INFO]   [Reporting]   Jersey Test Framework          Not Detected                  -----          
13:18:09.832 [INFO]   [Reporting]   Jersey Test Provider InMemory  Not Detected                  -----          
13:18:09.832 [INFO]   [Reporting]   Guice Framework                Not Detected                  -----          
13:18:09.832 [INFO]   [Reporting]   JaCoCo plugin version          0.8.11                        SUCCESS        
13:18:09.832 [INFO]   [Reporting]   Launcher                       JUnit Jupiter                 SUCCESS        
13:18:09.832 [INFO]   [Reporting]   Quarkus                        Not Detected                  -----          
13:18:09.832 [INFO]   [Reporting]   Test validation                Enabled                       SUCCESS        
13:18:09.832 [INFO]   [Reporting]   Hamcrest                       Not Detected                  -----          
13:18:09.832 [INFO]   [Reporting]   Spring Core                    Not Detected                  -----          
13:18:09.832 [INFO]   [Reporting]   Spring Boot                    Skipped                       -----          
13:18:09.832 [INFO]   [Reporting]   Spring Boot Starter Webflux    Skipped                       -----          
13:18:09.832 [INFO]   [Reporting]   Spring Boot Test Autoconfigure Skipped                       -----          
13:18:09.832 [INFO]   [Reporting]   Spring Boot Test               Skipped                       -----          
13:18:09.832 [INFO]   [Reporting]   Spring Web                     Skipped                       -----          
13:18:09.832 [INFO]   [Reporting]   Spring Security Web            Skipped                       -----          
13:18:09.832 [INFO]   [Reporting]   Spring Test                    Skipped                       -----          
13:18:09.832 [INFO]   [Reporting]   Libraries with limited support Found                         WARNING        
13:18:09.832 [INFO]   [Reporting]   
13:18:09.832 [INFO]   [Reporting]   Environment check status: WARNING
13:18:09.955 [INFO]   [Creating]    Found 220 callable methods in 47 classes
13:18:09.956 [INFO]   [Creating]    
13:18:09.956 [INFO]   [Creating]    Creating tests:
13:18:09.956 [INFO]   [Creating]    ---------------
13:18:09.961 [INFO]   [Creating]    
================================================================================
= Starting analysis for class 'eu.infinitech.finflink.apps.FinFlinkExample'
================================================================================
13:18:09.961 [INFO]   [Creating]    Filtering out non-testable methods...
13:18:10.392 [INFO]   [Creating]          [1/220] eu.infinitech.finflink.apps.FinFlinkExample.main
13:18:10.392 [INFO]   [Creating]          [1/220]   T006: Main method
13:18:10.392 [INFO]   [Creating]          [1/220]     It is difficult to assert on side effects of main methods in a unit test.
13:18:10.392 [INFO]   [Creating]          [1/220]     Refactor the main method. E.g. factor out its body into a separate,
13:18:10.392 [INFO]   [Creating]          [1/220]     accessible method that returns the results that should be asserted on.
13:18:10.392 [INFO]   [Creating]          [1/220]     See https://diff.blue/T006 for information on testing main methods.
13:18:10.576 [INFO]   [Creating]    Filtering of methods complete. Creating analysis request
13:18:10.577 [INFO]   [Creating]    Attempting to get service client, retry 1.
13:18:10.580 [INFO]   [Creating]    Starting monitoring server.
13:18:10.720 [INFO]   [Creating]    Monitoring server listening on localhost/127.0.0.1:34645
13:18:10.770 [INFO]   [Creating]    Starting analyzer server process...
13:18:10.770 [INFO]   [Creating]    Server command-line: /home/jbergqvist/.sdkman/candidates/java/11.0.29-amzn/bin/java -XX:+IgnoreUnrecognizedVMOptions -Djdk.attach.allowAttachSelf=true -Djdk.jar.maxSignatureFileSize=100000000 -ea -javaagent:/opt/cover/launcher-shared-jar.jar -Dlogback.configurationFile=/tmp/diffblue/config/logback-remote-service.xml -Dcom.diffblue.springIsolationJar=/opt/cover/cover-isolation-layer.jar -Dcover.jar.path=/opt/cover/cover-service-analyzer.jar -Dcom.diffblue.assertionSuggestionJar=/opt/cover/cover-service-analyzer.jar -Dcover.main.class=com.diffblue.cover.service.analyzer.Main -jar /opt/cover/launcher-shared-jar.jar --service-lifespan 120 --monitoring-service-port 34645 --index-service-port 34645 --debug-log
13:18:10.772 [INFO]   [Creating]    Server started. Waiting up to 300 seconds for a connection to be established...
13:18:11.641 [INFO]   [Creating]    Starting new remote monitor client
13:18:12.323 [INFO]   [Creating]    Attempting to start remote server.
13:18:12.465 [INFO]   [Creating]    Server started, listening on localhost/127.0.0.1:39963
13:18:12.469 [INFO]   [Creating]    Expect analyzer service to be listening on port 39963.
13:18:13.159 [INFO]   [Creating]    Started analyzer service and client retrieved.
13:18:17.710 [INFO]   [Creating]          [2/220] eu.infinitech.finflink.apps.FinFlinkExample.<init>
13:18:17.710 [INFO]   [Creating]          [2/220]   T005: Trivial constructor
13:18:17.710 [INFO]   [Creating]          [2/220]     See https://diff.blue/T005
13:18:17.718 [INFO]   [Creating]     [1/47] eu.infinitech.finflink.apps.FinFlinkExample
13:18:17.718 [INFO]   [Creating]     [1/47]   Tests created: 0
13:18:17.720 [INFO]   [Creating]    
================================================================================
= Starting analysis for class 'eu.infinitech.finflink.apps.FinFlinkExample$Example'
================================================================================
13:18:17.720 [INFO]   [Creating]    Filtering out non-testable methods...
13:18:17.725 [INFO]   [Creating]          [3/220] eu.infinitech.finflink.apps.FinFlinkExample$Example.valueOf
13:18:17.725 [INFO]   [Creating]          [3/220]   T012: Synthetic method
13:18:17.725 [INFO]   [Creating]          [3/220]     Indicates that the method is synthetic. Currently, this includes methods:
13:18:17.725 [INFO]   [Creating]          [3/220]     - that are marked as synthetic by the compiler
13:18:17.725 [INFO]   [Creating]          [3/220]     - that are not directly callable
13:18:17.725 [INFO]   [Creating]          [3/220]     - that exist on the JDK class but do not appear in the source code
13:18:17.725 [INFO]   [Creating]          [3/220]     Diffblue Cover considers these methods as not directly callable.
13:18:17.727 [INFO]   [Creating]          [4/220] eu.infinitech.finflink.apps.FinFlinkExample$Example.values
13:18:17.727 [INFO]   [Creating]          [4/220]   T012: Synthetic method
13:18:17.727 [INFO]   [Creating]          [4/220]     Indicates that the method is synthetic. Currently, this includes methods:
13:18:17.727 [INFO]   [Creating]          [4/220]     - that are marked as synthetic by the compiler
13:18:17.727 [INFO]   [Creating]          [4/220]     - that are not directly callable
13:18:17.727 [INFO]   [Creating]          [4/220]     - that exist on the JDK class but do not appear in the source code
13:18:17.727 [INFO]   [Creating]          [4/220]     Diffblue Cover considers these methods as not directly callable.
13:18:17.728 [INFO]   [Creating]     [2/47] eu.infinitech.finflink.apps.FinFlinkExample$Example
13:18:17.728 [INFO]   [Creating]     [2/47]   Tests created: 0
13:18:17.728 [INFO]   [Creating]    No testable methods
13:18:17.728 [INFO]   [Creating]    
================================================================================
= Starting analysis for class 'eu.infinitech.finflink.keys.KeyByAssetID'
================================================================================
13:18:17.728 [INFO]   [Creating]    Filtering out non-testable methods...
13:18:17.733 [INFO]   [Creating]    Filtering of methods complete. Creating analysis request
13:18:17.733 [INFO]   [Creating]    Attempting to get service client, retry 1.
13:18:32.121 [INFO]   [Creating]          [5/220] eu.infinitech.finflink.keys.KeyByAssetID.<init>
13:18:32.121 [INFO]   [Creating]          [5/220]   R002: Missing observers
13:18:32.121 [INFO]   [Creating]          [5/220]     Diffblue Cover was unable to create an assertion.
13:18:32.121 [INFO]   [Creating]          [5/220]     There are no fields that could be asserted on.
13:18:33.626 [INFO]   [Creating]          [6/220] eu.infinitech.finflink.keys.KeyByAssetID.getKey
13:18:33.626 [INFO]   [Creating]          [6/220]   Tests created: 1
13:18:33.629 [INFO]   [Creating]     [3/47] eu.infinitech.finflink.keys.KeyByAssetID
13:18:33.629 [INFO]   [Creating]     [3/47]   Tests created: 1
13:18:33.631 [INFO]   [Creating]    
================================================================================
= Starting analysis for class 'eu.infinitech.finflink.sinks.PrintSink'
================================================================================
13:18:33.631 [INFO]   [Creating]    Filtering out non-testable methods...
13:18:33.635 [INFO]   [Creating]    Filtering of methods complete. Creating analysis request
13:18:33.635 [INFO]   [Creating]    Attempting to get service client, retry 1.
13:18:39.642 [INFO]   [Creating]          [7/220] eu.infinitech.finflink.sinks.PrintSink.<init>
13:18:39.643 [INFO]   [Creating]          [7/220]   R002: Missing observers
13:18:39.643 [INFO]   [Creating]          [7/220]     Diffblue Cover was unable to create an assertion.
13:18:39.643 [INFO]   [Creating]          [7/220]     There are no fields that could be asserted on.
13:18:39.647 [INFO]   [Creating]          [8/220] eu.infinitech.finflink.sinks.PrintSink.invoke
13:18:39.647 [INFO]   [Creating]          [8/220]   Diffblue AI was unable to find a test
13:18:39.651 [INFO]   [Creating]     [4/47] eu.infinitech.finflink.sinks.PrintSink
13:18:39.652 [INFO]   [Creating]     [4/47]   Tests created: 0
13:18:39.653 [INFO]   [Creating]    
================================================================================
= Starting analysis for class 'eu.infinitech.finflink.sinks.QuestDBSink'
================================================================================
13:18:39.654 [INFO]   [Creating]    Filtering out non-testable methods...
13:18:39.660 [INFO]   [Creating]    Filtering of methods complete. Creating analysis request
13:18:39.660 [INFO]   [Creating]    Attempting to get service client, retry 1.
13:18:40.997 [INFO]   [Creating]          [9/220] eu.infinitech.finflink.sinks.QuestDBSink.getColumNames
13:18:40.997 [INFO]   [Creating]         [10/220] eu.infinitech.finflink.sinks.QuestDBSink.getDbUrl
13:18:40.997 [INFO]   [Creating]         [10/220]   Tests created: 1
13:18:43.179 [INFO]   [Creating]         [11/220] eu.infinitech.finflink.sinks.QuestDBSink.<init>
13:18:43.179 [INFO]   [Creating]         [11/220]   Tests created: 3
13:18:43.181 [INFO]   [Creating]         [12/220] eu.infinitech.finflink.sinks.QuestDBSink.invoke
13:18:43.181 [INFO]   [Creating]         [12/220]   R011: Sandboxing policy violation
13:18:43.181 [INFO]   [Creating]         [12/220]     Diffblue Cover ran code in your project that tried
13:18:43.181 [INFO]   [Creating]         [12/220]     to access 'sun.misc' from calling class 'io.questdb.std.Unsafe'.
13:18:43.181 [INFO]   [Creating]         [12/220]     Diffblue Cover's default sandboxing policy disallows this in order to prevent
13:18:43.181 [INFO]   [Creating]         [12/220]     your code from damaging your system environment.
13:18:43.181 [INFO]   [Creating]         [12/220]     See https://diff.blue/R011 to resolve this issue.
13:18:43.185 [INFO]   [Creating]     [5/47] eu.infinitech.finflink.sinks.QuestDBSink
13:18:43.185 [INFO]   [Creating]     [5/47]   Tests created: 4
13:18:43.186 [INFO]   [Creating]    
================================================================================
= Starting analysis for class 'eu.infinitech.finflink.structures.IndicatorRequirements'
================================================================================
13:18:43.187 [INFO]   [Creating]    Filtering out non-testable methods...
13:18:43.194 [INFO]   [Creating]    Filtering of methods complete. Creating analysis request
13:18:43.194 [INFO]   [Creating]    Attempting to get service client, retry 1.
13:18:43.476 [INFO]   [Creating]         [13/220] eu.infinitech.finflink.structures.IndicatorRequirements.<init>
13:18:43.476 [INFO]   [Creating]         [14/220] eu.infinitech.finflink.structures.IndicatorRequirements.needsClose
13:18:43.476 [INFO]   [Creating]         [15/220] eu.infinitech.finflink.structures.IndicatorRequirements.needsHigh
13:18:43.476 [INFO]   [Creating]         [16/220] eu.infinitech.finflink.structures.IndicatorRequirements.needsLow
13:18:43.476 [INFO]   [Creating]         [17/220] eu.infinitech.finflink.structures.IndicatorRequirements.needsOpen
13:18:43.476 [INFO]   [Creating]         [18/220] eu.infinitech.finflink.structures.IndicatorRequirements.needsVolume
13:18:43.476 [INFO]   [Creating]         [18/220]   Tests created: 1
13:18:43.627 [INFO]   [Creating]         [19/220] eu.infinitech.finflink.structures.IndicatorRequirements.checkClose
13:18:43.627 [INFO]   [Creating]         [19/220]   Tests created: 1
13:18:43.772 [INFO]   [Creating]         [20/220] eu.infinitech.finflink.structures.IndicatorRequirements.checkHigh
13:18:43.772 [INFO]   [Creating]         [20/220]   Tests created: 1
13:18:43.924 [INFO]   [Creating]         [21/220] eu.infinitech.finflink.structures.IndicatorRequirements.checkLow
13:18:43.924 [INFO]   [Creating]         [21/220]   Tests created: 1
13:18:44.095 [INFO]   [Creating]         [22/220] eu.infinitech.finflink.structures.IndicatorRequirements.checkOpen
13:18:44.095 [INFO]   [Creating]         [22/220]   Tests created: 1
13:18:44.186 [INFO]   [Creating]         [23/220] eu.infinitech.finflink.structures.IndicatorRequirements.checkVolume
13:18:44.186 [INFO]   [Creating]         [23/220]   Tests created: 1
13:18:44.188 [INFO]   [Creating]     [6/47] eu.infinitech.finflink.structures.IndicatorRequirements
13:18:44.188 [INFO]   [Creating]     [6/47]   Tests created: 6
13:18:44.189 [INFO]   [Creating]    
================================================================================
= Starting analysis for class 'eu.infinitech.finflink.structures.InputStreamType'
================================================================================
13:18:44.189 [INFO]   [Creating]    Filtering out non-testable methods...
13:18:44.193 [INFO]   [Creating]    Filtering of methods complete. Creating analysis request
13:18:44.193 [INFO]   [Creating]    Attempting to get service client, retry 1.
13:18:44.725 [INFO]   [Creating]         [24/220] eu.infinitech.finflink.structures.InputStreamType.<init>
13:18:44.725 [INFO]   [Creating]         [25/220] eu.infinitech.finflink.structures.InputStreamType.<init>
13:18:44.725 [INFO]   [Creating]         [26/220] eu.infinitech.finflink.structures.InputStreamType.getAsset
13:18:44.725 [INFO]   [Creating]         [27/220] eu.infinitech.finflink.structures.InputStreamType.getType
13:18:44.725 [INFO]   [Creating]         [27/220]   Tests created: 2
13:18:44.865 [INFO]   [Creating]         [28/220] eu.infinitech.finflink.structures.InputStreamType.pricePoint
13:18:44.865 [INFO]   [Creating]         [28/220]   Tests created: 1
13:18:44.971 [INFO]   [Creating]         [29/220] eu.infinitech.finflink.structures.InputStreamType.trade
13:18:44.971 [INFO]   [Creating]         [29/220]   Tests created: 1
13:18:44.973 [INFO]   [Creating]     [7/47] eu.infinitech.finflink.structures.InputStreamType
13:18:44.974 [INFO]   [Creating]     [7/47]   Tests created: 4
13:18:44.975 [INFO]   [Creating]    
================================================================================
= Starting analysis for class 'eu.infinitech.finflink.structures.InputStreamType$Type'
================================================================================
13:18:44.975 [INFO]   [Creating]    Filtering out non-testable methods...
13:18:44.979 [INFO]   [Creating]         [30/220] eu.infinitech.finflink.structures.InputStreamType$Type.valueOf
13:18:44.979 [INFO]   [Creating]         [30/220]   T012: Synthetic method
13:18:44.979 [INFO]   [Creating]         [30/220]     Indicates that the method is synthetic. Currently, this includes methods:
13:18:44.979 [INFO]   [Creating]         [30/220]     - that are marked as synthetic by the compiler
13:18:44.979 [INFO]   [Creating]         [30/220]     - that are not directly callable
13:18:44.979 [INFO]   [Creating]         [30/220]     - that exist on the JDK class but do not appear in the source code
13:18:44.979 [INFO]   [Creating]         [30/220]     Diffblue Cover considers these methods as not directly callable.
13:18:44.982 [INFO]   [Creating]         [31/220] eu.infinitech.finflink.structures.InputStreamType$Type.values
13:18:44.982 [INFO]   [Creating]         [31/220]   T012: Synthetic method
13:18:44.982 [INFO]   [Creating]         [31/220]     Indicates that the method is synthetic. Currently, this includes methods:
13:18:44.982 [INFO]   [Creating]         [31/220]     - that are marked as synthetic by the compiler
13:18:44.982 [INFO]   [Creating]         [31/220]     - that are not directly callable
13:18:44.982 [INFO]   [Creating]         [31/220]     - that exist on the JDK class but do not appear in the source code
13:18:44.982 [INFO]   [Creating]         [31/220]     Diffblue Cover considers these methods as not directly callable.
13:18:44.983 [INFO]   [Creating]     [8/47] eu.infinitech.finflink.structures.InputStreamType$Type
13:18:44.983 [INFO]   [Creating]     [8/47]   Tests created: 0
13:18:44.983 [INFO]   [Creating]    No testable methods
13:18:44.983 [INFO]   [Creating]    
================================================================================
= Starting analysis for class 'eu.infinitech.finflink.structures.PricePoint'
================================================================================
13:18:44.983 [INFO]   [Creating]    Filtering out non-testable methods...
13:18:45.001 [INFO]   [Creating]    Filtering of methods complete. Creating analysis request
13:18:45.001 [INFO]   [Creating]    Attempting to get service client, retry 1.
13:18:45.746 [INFO]   [Creating]         [32/220] eu.infinitech.finflink.structures.PricePoint.<init>
13:18:45.746 [INFO]   [Creating]         [33/220] eu.infinitech.finflink.structures.PricePoint.getAssetSymbol
13:18:45.746 [INFO]   [Creating]         [34/220] eu.infinitech.finflink.structures.PricePoint.getClosePrice
13:18:45.746 [INFO]   [Creating]         [35/220] eu.infinitech.finflink.structures.PricePoint.getHighPrice
13:18:45.746 [INFO]   [Creating]         [36/220] eu.infinitech.finflink.structures.PricePoint.getLowPrice
13:18:45.746 [INFO]   [Creating]         [37/220] eu.infinitech.finflink.structures.PricePoint.getOpenInt
13:18:45.746 [INFO]   [Creating]         [38/220] eu.infinitech.finflink.structures.PricePoint.getOpenPrice
13:18:45.746 [INFO]   [Creating]         [39/220] eu.infinitech.finflink.structures.PricePoint.getUnixDate
13:18:45.746 [INFO]   [Creating]         [40/220] eu.infinitech.finflink.structures.PricePoint.getVolume
13:18:45.746 [INFO]   [Creating]         [41/220] eu.infinitech.finflink.structures.PricePoint.isIgnore
13:18:45.746 [INFO]   [Creating]         [42/220] eu.infinitech.finflink.structures.PricePoint.setAssetSymbol
13:18:45.746 [INFO]   [Creating]         [43/220] eu.infinitech.finflink.structures.PricePoint.setClosePrice
13:18:45.746 [INFO]   [Creating]         [44/220] eu.infinitech.finflink.structures.PricePoint.setHighPrice
13:18:45.746 [INFO]   [Creating]         [45/220] eu.infinitech.finflink.structures.PricePoint.setIgnore
13:18:45.746 [INFO]   [Creating]         [46/220] eu.infinitech.finflink.structures.PricePoint.setLowPrice
13:18:45.746 [INFO]   [Creating]         [47/220] eu.infinitech.finflink.structures.PricePoint.setOpenInt
13:18:45.747 [INFO]   [Creating]         [48/220] eu.infinitech.finflink.structures.PricePoint.setOpenPrice
13:18:45.747 [INFO]   [Creating]         [49/220] eu.infinitech.finflink.structures.PricePoint.setUnixDate
13:18:45.747 [INFO]   [Creating]         [50/220] eu.infinitech.finflink.structures.PricePoint.setVolume
13:18:45.747 [INFO]   [Creating]         [50/220]   Tests created: 1
13:18:46.173 [INFO]   [Creating]         [51/220] eu.infinitech.finflink.structures.PricePoint.<init>
13:18:46.173 [INFO]   [Creating]         [51/220]   Tests created: 1
13:18:47.328 [INFO]   [Creating]         [52/220] eu.infinitech.finflink.structures.PricePoint.<init>
13:18:47.328 [INFO]   [Creating]         [52/220]   Tests created: 1
13:18:47.585 [INFO]   [Creating]         [53/220] eu.infinitech.finflink.structures.PricePoint.compareTo
13:18:47.585 [INFO]   [Creating]         [53/220]   Tests created: 3
13:18:47.587 [INFO]   [Creating]     [9/47] eu.infinitech.finflink.structures.PricePoint
13:18:47.587 [INFO]   [Creating]     [9/47]   Tests created: 6
13:18:47.588 [INFO]   [Creating]    
================================================================================
= Starting analysis for class 'eu.infinitech.finflink.structures.StreamCharacteristics'
================================================================================
13:18:47.588 [INFO]   [Creating]    Filtering out non-testable methods...
13:18:47.592 [INFO]   [Creating]    Filtering of methods complete. Creating analysis request
13:18:47.592 [INFO]   [Creating]    Attempting to get service client, retry 1.
13:18:47.896 [INFO]   [Creating]         [54/220] eu.infinitech.finflink.structures.StreamCharacteristics.<init>
13:18:47.896 [INFO]   [Creating]         [55/220] eu.infinitech.finflink.structures.StreamCharacteristics.hasClose
13:18:47.896 [INFO]   [Creating]         [56/220] eu.infinitech.finflink.structures.StreamCharacteristics.hasHigh
13:18:47.896 [INFO]   [Creating]         [57/220] eu.infinitech.finflink.structures.StreamCharacteristics.hasLow
13:18:47.896 [INFO]   [Creating]         [58/220] eu.infinitech.finflink.structures.StreamCharacteristics.hasOpen
13:18:47.896 [INFO]   [Creating]         [59/220] eu.infinitech.finflink.structures.StreamCharacteristics.hasVolume
13:18:47.896 [INFO]   [Creating]         [59/220]   Tests created: 1
13:18:49.598 [INFO]   [Creating]         [60/220] eu.infinitech.finflink.structures.StreamCharacteristics.meetsRequirements
13:18:49.598 [INFO]   [Creating]         [60/220]   Tests created: 1
13:18:49.943 [INFO]   [Creating]         [61/220] eu.infinitech.finflink.structures.StreamCharacteristics.meetsRequirements
13:18:49.943 [INFO]   [Creating]         [61/220]   Tests created: 4
13:18:49.944 [INFO]   [Creating]    [10/47] eu.infinitech.finflink.structures.StreamCharacteristics
13:18:49.944 [INFO]   [Creating]    [10/47]   Tests created: 6
13:18:49.945 [INFO]   [Creating]    
================================================================================
= Starting analysis for class 'eu.infinitech.finflink.structures.TechnicalIndicator'
================================================================================
13:18:49.945 [INFO]   [Creating]    Filtering out non-testable methods...
13:18:49.948 [INFO]   [Creating]    Filtering of methods complete. Creating analysis request
13:18:49.948 [INFO]   [Creating]    Attempting to get service client, retry 1.
13:18:50.598 [INFO]   [Creating]         [62/220] eu.infinitech.finflink.structures.TechnicalIndicator.<init>
13:18:50.598 [INFO]   [Creating]         [63/220] eu.infinitech.finflink.structures.TechnicalIndicator.getName
13:18:50.598 [INFO]   [Creating]         [64/220] eu.infinitech.finflink.structures.TechnicalIndicator.getProperties
13:18:50.598 [INFO]   [Creating]         [65/220] eu.infinitech.finflink.structures.TechnicalIndicator.getValue
13:18:50.598 [INFO]   [Creating]         [66/220] eu.infinitech.finflink.structures.TechnicalIndicator.setName
13:18:50.598 [INFO]   [Creating]         [67/220] eu.infinitech.finflink.structures.TechnicalIndicator.setProperties
13:18:50.598 [INFO]   [Creating]         [68/220] eu.infinitech.finflink.structures.TechnicalIndicator.setValue
13:18:50.598 [INFO]   [Creating]         [68/220]   Tests created: 1
13:18:50.687 [INFO]   [Creating]         [69/220] eu.infinitech.finflink.structures.TechnicalIndicator.<init>
13:18:50.687 [INFO]   [Creating]         [69/220]   Tests created: 1
13:18:50.688 [INFO]   [Creating]    [11/47] eu.infinitech.finflink.structures.TechnicalIndicator
13:18:50.689 [INFO]   [Creating]    [11/47]   Tests created: 2
13:18:50.689 [INFO]   [Creating]    
================================================================================
= Starting analysis for class 'eu.infinitech.finflink.structures.TechnicalIndicators'
================================================================================
13:18:50.689 [INFO]   [Creating]    Filtering out non-testable methods...
13:18:50.692 [INFO]   [Creating]    Filtering of methods complete. Creating analysis request
13:18:50.692 [INFO]   [Creating]    Attempting to get service client, retry 1.
13:18:52.129 [INFO]   [Creating]         [70/220] eu.infinitech.finflink.structures.TechnicalIndicators.<init>
13:18:52.129 [INFO]   [Creating]         [71/220] eu.infinitech.finflink.structures.TechnicalIndicators.<init>
13:18:52.129 [INFO]   [Creating]         [72/220] eu.infinitech.finflink.structures.TechnicalIndicators.getIndicators
13:18:52.129 [INFO]   [Creating]         [73/220] eu.infinitech.finflink.structures.TechnicalIndicators.setIndicators
13:18:52.129 [INFO]   [Creating]         [73/220]   Tests created: 2
13:18:52.378 [INFO]   [Creating]         [74/220] eu.infinitech.finflink.structures.TechnicalIndicators.toString
13:18:52.378 [INFO]   [Creating]         [74/220]   Tests created: 3
13:18:52.380 [INFO]   [Creating]    [12/47] eu.infinitech.finflink.structures.TechnicalIndicators
13:18:52.380 [INFO]   [Creating]    [12/47]   Tests created: 5
13:18:52.381 [INFO]   [Creating]    
================================================================================
= Starting analysis for class 'eu.infinitech.finflink.structures.Trade'
================================================================================
13:18:52.381 [INFO]   [Creating]    Filtering out non-testable methods...
13:18:52.384 [INFO]   [Creating]    Filtering of methods complete. Creating analysis request
13:18:52.384 [INFO]   [Creating]    Attempting to get service client, retry 1.
13:18:52.794 [INFO]   [Creating]         [75/220] eu.infinitech.finflink.structures.Trade.<init>
13:18:52.794 [INFO]   [Creating]         [76/220] eu.infinitech.finflink.structures.Trade.getAssetSymbol
13:18:52.794 [INFO]   [Creating]         [77/220] eu.infinitech.finflink.structures.Trade.getPrice
13:18:52.794 [INFO]   [Creating]         [78/220] eu.infinitech.finflink.structures.Trade.getUnixDate
13:18:52.794 [INFO]   [Creating]         [79/220] eu.infinitech.finflink.structures.Trade.getVolume
13:18:52.794 [INFO]   [Creating]         [80/220] eu.infinitech.finflink.structures.Trade.setAssetSymbol
13:18:52.794 [INFO]   [Creating]         [81/220] eu.infinitech.finflink.structures.Trade.setPrice
13:18:52.794 [INFO]   [Creating]         [82/220] eu.infinitech.finflink.structures.Trade.setUnixDate
13:18:52.794 [INFO]   [Creating]         [83/220] eu.infinitech.finflink.structures.Trade.setVolume
13:18:52.794 [INFO]   [Creating]         [83/220]   Tests created: 1
13:18:53.924 [INFO]   [Creating]         [84/220] eu.infinitech.finflink.structures.Trade.<init>
13:18:53.924 [INFO]   [Creating]         [84/220]   Tests created: 1
13:18:54.072 [INFO]   [Creating]         [85/220] eu.infinitech.finflink.structures.Trade.compareTo
13:18:54.072 [INFO]   [Creating]         [85/220]   Tests created: 2
13:18:54.073 [INFO]   [Creating]    [13/47] eu.infinitech.finflink.structures.Trade
13:18:54.074 [INFO]   [Creating]    [13/47]   Tests created: 4
13:18:54.074 [INFO]   [Creating]    
================================================================================
= Starting analysis for class 'eu.infinitech.finflink.structures.TradePeriod'
================================================================================
13:18:54.074 [INFO]   [Creating]    Filtering out non-testable methods...
13:18:54.084 [INFO]   [Creating]    Filtering of methods complete. Creating analysis request
13:18:54.084 [INFO]   [Creating]    Attempting to get service client, retry 1.
13:18:58.306 [INFO]   [Creating]         [86/220] eu.infinitech.finflink.structures.TradePeriod.<init>
13:18:58.306 [INFO]   [Creating]         [87/220] eu.infinitech.finflink.structures.TradePeriod.getClosePrice
13:18:58.306 [INFO]   [Creating]         [88/220] eu.infinitech.finflink.structures.TradePeriod.getHighPrice
13:18:58.306 [INFO]   [Creating]         [89/220] eu.infinitech.finflink.structures.TradePeriod.getLowPrice
13:18:58.306 [INFO]   [Creating]         [90/220] eu.infinitech.finflink.structures.TradePeriod.getOpenPrice
13:18:58.306 [INFO]   [Creating]         [91/220] eu.infinitech.finflink.structures.TradePeriod.getStartTime
13:18:58.306 [INFO]   [Creating]         [92/220] eu.infinitech.finflink.structures.TradePeriod.getStopTime
13:18:58.306 [INFO]   [Creating]         [93/220] eu.infinitech.finflink.structures.TradePeriod.getTradingData
13:18:58.306 [INFO]   [Creating]         [94/220] eu.infinitech.finflink.structures.TradePeriod.getVolume
13:18:58.306 [INFO]   [Creating]         [95/220] eu.infinitech.finflink.structures.TradePeriod.setClosePrice
13:18:58.306 [INFO]   [Creating]         [96/220] eu.infinitech.finflink.structures.TradePeriod.setHighPrice
13:18:58.306 [INFO]   [Creating]         [97/220] eu.infinitech.finflink.structures.TradePeriod.setLowPrice
13:18:58.306 [INFO]   [Creating]         [98/220] eu.infinitech.finflink.structures.TradePeriod.setOpenPrice
13:18:58.306 [INFO]   [Creating]         [99/220] eu.infinitech.finflink.structures.TradePeriod.setStartTime
13:18:58.306 [INFO]   [Creating]        [100/220] eu.infinitech.finflink.structures.TradePeriod.setStopTime
13:18:58.306 [INFO]   [Creating]        [101/220] eu.infinitech.finflink.structures.TradePeriod.setTradingData
13:18:58.306 [INFO]   [Creating]        [102/220] eu.infinitech.finflink.structures.TradePeriod.setVolume
13:18:58.306 [INFO]   [Creating]        [102/220]   Tests created: 1
13:19:03.916 [INFO]   [Creating]        [103/220] eu.infinitech.finflink.structures.TradePeriod.<init>
13:19:03.916 [INFO]   [Creating]        [103/220]   Tests created: 5
13:19:08.709 [INFO]   [Creating]        [104/220] eu.infinitech.finflink.structures.TradePeriod.<init>
13:19:08.709 [INFO]   [Creating]        [104/220]   Tests created: 4
13:19:09.958 [INFO]   [Creating]        [105/220] eu.infinitech.finflink.structures.TradePeriod.initializeTradePeriod
13:19:09.958 [INFO]   [Creating]        [105/220]   R013: No inputs found that don't throw a trivial exception
13:19:09.958 [INFO]   [Creating]        [105/220]     Diffblue Cover tried to run the arrange/act section, but the test threw
13:19:09.958 [INFO]   [Creating]        [105/220]     java.lang.NullPointerException
13:19:09.958 [INFO]   [Creating]        [105/220]         at eu.infinitech.finflink.structures.TradePeriod.initializeTradePeriod(TradePeriod.java:89)
13:19:09.958 [INFO]   [Creating]        [105/220]     In order to prevent initializeTradePeriod(List)
13:19:09.958 [INFO]   [Creating]        [105/220]     from throwing NullPointerException, add constructors or factory
13:19:09.958 [INFO]   [Creating]        [105/220]     methods that make it easier to construct fully initialized objects used in
13:19:09.958 [INFO]   [Creating]        [105/220]     initializeTradePeriod(List).
13:19:09.958 [INFO]   [Creating]        [105/220]     See https://diff.blue/R013 to resolve this issue.
13:19:12.262 [INFO]   [Creating]        [106/220] eu.infinitech.finflink.structures.TradePeriod.usingPricePoints
13:19:12.262 [INFO]   [Creating]        [106/220]   Tests created: 3
13:19:12.600 [INFO]   [Creating]        [107/220] eu.infinitech.finflink.structures.TradePeriod.usingTrades
13:19:12.600 [INFO]   [Creating]        [107/220]   Tests created: 3
13:19:12.601 [INFO]   [Creating]    [14/47] eu.infinitech.finflink.structures.TradePeriod
13:19:12.601 [INFO]   [Creating]    [14/47]   Tests created: 16
13:19:12.602 [INFO]   [Creating]    
================================================================================
= Starting analysis for class 'eu.infinitech.finflink.structures.TradingDataAccumulator'
================================================================================
13:19:12.602 [INFO]   [Creating]    Filtering out non-testable methods...
13:19:12.604 [INFO]   [Creating]    Filtering of methods complete. Creating analysis request
13:19:12.604 [INFO]   [Creating]    Attempting to get service client, retry 1.
13:19:12.870 [INFO]   [Creating]        [108/220] eu.infinitech.finflink.structures.TradingDataAccumulator.<init>
13:19:12.870 [INFO]   [Creating]        [109/220] eu.infinitech.finflink.structures.TradingDataAccumulator.<init>
13:19:12.870 [INFO]   [Creating]        [110/220] eu.infinitech.finflink.structures.TradingDataAccumulator.getTradingData
13:19:12.870 [INFO]   [Creating]        [111/220] eu.infinitech.finflink.structures.TradingDataAccumulator.setTradingData
13:19:12.870 [INFO]   [Creating]        [111/220]   Tests created: 2
13:19:12.872 [INFO]   [Creating]    [15/47] eu.infinitech.finflink.structures.TradingDataAccumulator
13:19:12.872 [INFO]   [Creating]    [15/47]   Tests created: 2
13:19:12.873 [INFO]   [Creating]    
================================================================================
= Starting analysis for class 'eu.infinitech.finflink.time.TradingDataTimeAssigner'
================================================================================
13:19:12.873 [INFO]   [Creating]    Filtering out non-testable methods...
13:19:12.875 [INFO]   [Creating]    Filtering of methods complete. Creating analysis request
13:19:12.875 [INFO]   [Creating]    Attempting to get service client, retry 1.
13:19:14.769 [INFO]   [Creating]        [112/220] eu.infinitech.finflink.time.TradingDataTimeAssigner.<init>
13:19:14.770 [INFO]   [Creating]        [112/220]   R002: Missing observers
13:19:14.770 [INFO]   [Creating]        [112/220]     Diffblue Cover was unable to create an assertion.
13:19:14.770 [INFO]   [Creating]        [112/220]     There are no fields that could be asserted on.
13:19:16.260 [INFO]   [Creating]        [113/220] eu.infinitech.finflink.time.TradingDataTimeAssigner.createTimestampAssigner
13:19:16.260 [INFO]   [Creating]        [113/220]   Tests created: 1
13:19:16.340 [INFO]   [Creating]        [114/220] eu.infinitech.finflink.time.TradingDataTimeAssigner.extractTimestamp
13:19:16.341 [INFO]   [Creating]        [114/220]   Tests created: 1
13:19:16.342 [INFO]   [Creating]    [16/47] eu.infinitech.finflink.time.TradingDataTimeAssigner
13:19:16.342 [INFO]   [Creating]    [16/47]   Tests created: 2
13:19:16.343 [INFO]   [Creating]    
================================================================================
= Starting analysis for class 'eu.infinitech.finflink.transformations.data.InputParser'
================================================================================
13:19:16.343 [INFO]   [Creating]    Filtering out non-testable methods...
13:19:16.346 [INFO]   [Creating]    Filtering of methods complete. Creating analysis request
13:19:16.346 [INFO]   [Creating]    Attempting to get service client, retry 1.
13:19:16.382 [INFO]   [Creating]        [115/220] eu.infinitech.finflink.transformations.data.InputParser.<init>
13:19:16.382 [INFO]   [Creating]        [115/220]   T005: Trivial constructor
13:19:16.382 [INFO]   [Creating]        [115/220]     See https://diff.blue/T005
13:19:16.765 [INFO]   [Creating]        [116/220] eu.infinitech.finflink.transformations.data.InputParser.selectMapper
13:19:16.765 [INFO]   [Creating]        [116/220]   Tests created: 2
13:19:16.766 [INFO]   [Creating]    [17/47] eu.infinitech.finflink.transformations.data.InputParser
13:19:16.766 [INFO]   [Creating]    [17/47]   Tests created: 2
13:19:16.767 [INFO]   [Creating]    
================================================================================
= Starting analysis for class 'eu.infinitech.finflink.transformations.data.ToPricePoint'
================================================================================
13:19:16.767 [INFO]   [Creating]    Filtering out non-testable methods...
13:19:16.774 [INFO]   [Creating]    Filtering of methods complete. Creating analysis request
13:19:16.774 [INFO]   [Creating]    Attempting to get service client, retry 1.
13:19:18.192 [INFO]   [Creating]        [117/220] eu.infinitech.finflink.transformations.data.ToPricePoint.<init>
13:19:18.192 [INFO]   [Creating]        [118/220] eu.infinitech.finflink.transformations.data.ToPricePoint.<init>
13:19:18.192 [INFO]   [Creating]        [118/220]   Tests created: 2
13:19:18.362 [INFO]   [Creating]        [119/220] eu.infinitech.finflink.transformations.data.ToPricePoint.map
13:19:18.362 [INFO]   [Creating]        [119/220]   Tests created: 2
13:19:18.363 [INFO]   [Creating]    [18/47] eu.infinitech.finflink.transformations.data.ToPricePoint
13:19:18.363 [INFO]   [Creating]    [18/47]   Tests created: 4
13:19:18.364 [INFO]   [Creating]    
================================================================================
= Starting analysis for class 'eu.infinitech.finflink.transformations.data.ToTrade'
================================================================================
13:19:18.364 [INFO]   [Creating]    Filtering out non-testable methods...
13:19:18.366 [INFO]   [Creating]    Filtering of methods complete. Creating analysis request
13:19:18.366 [INFO]   [Creating]    Attempting to get service client, retry 1.
13:19:19.028 [INFO]   [Creating]        [120/220] eu.infinitech.finflink.transformations.data.ToTrade.<init>
13:19:19.028 [INFO]   [Creating]        [120/220]   R002: Missing observers
13:19:19.028 [INFO]   [Creating]        [120/220]     Diffblue Cover was unable to create an assertion.
13:19:19.028 [INFO]   [Creating]        [120/220]     There are no fields that could be asserted on.
13:19:19.031 [INFO]   [Creating]        [121/220] eu.infinitech.finflink.transformations.data.ToTrade.map
13:19:19.031 [INFO]   [Creating]        [121/220]   R013: No inputs found that don't throw a trivial exception
13:19:19.031 [INFO]   [Creating]        [121/220]     Diffblue Cover tried to run the arrange/act section, but the test threw
13:19:19.031 [INFO]   [Creating]        [121/220]     java.lang.ArrayIndexOutOfBoundsException: Index 2 out of bounds for length 2
13:19:19.031 [INFO]   [Creating]        [121/220]         at eu.infinitech.finflink.transformations.data.ToTrade.map(ToTrade.java:21)
13:19:19.031 [INFO]   [Creating]        [121/220]     In order to prevent map(String)
13:19:19.031 [INFO]   [Creating]        [121/220]     from throwing ArrayIndexOutOfBoundsException, add constructors or factory
13:19:19.031 [INFO]   [Creating]        [121/220]     methods that make it easier to construct fully initialized objects used in
13:19:19.031 [INFO]   [Creating]        [121/220]     map(String).
13:19:19.031 [INFO]   [Creating]        [121/220]     See https://diff.blue/R013 to resolve this issue.
13:19:19.032 [INFO]   [Creating]    [19/47] eu.infinitech.finflink.transformations.data.ToTrade
13:19:19.032 [INFO]   [Creating]    [19/47]   Tests created: 0
13:19:19.033 [INFO]   [Creating]    
================================================================================
= Starting analysis for class 'eu.infinitech.finflink.transformations.technicalIndicators.AccumulationDistributionIndex'
================================================================================
13:19:19.033 [INFO]   [Creating]    Filtering out non-testable methods...
13:19:19.036 [INFO]   [Creating]    Filtering of methods complete. Creating analysis request
13:19:19.036 [INFO]   [Creating]    Attempting to get service client, retry 1.
13:19:19.559 [INFO]   [Creating]        [122/220] eu.infinitech.finflink.transformations.technicalIndicators.AccumulationDistributionIndex.<init>
13:19:19.559 [INFO]   [Creating]        [122/220]   Tests created: 1
13:19:21.731 [INFO]   [Creating]        [123/220] eu.infinitech.finflink.transformations.technicalIndicators.AccumulationDistributionIndex.<init>
13:19:21.731 [INFO]   [Creating]        [123/220]   Tests created: 1
13:19:21.991 [INFO]   [Creating]        [124/220] eu.infinitech.finflink.transformations.technicalIndicators.AccumulationDistributionIndex.calculate
13:19:21.991 [INFO]   [Creating]        [124/220]   Tests created: 3
13:19:21.992 [INFO]   [Creating]    [20/47] eu.infinitech.finflink.transformations.technicalIndicators.AccumulationDistributionIndex
13:19:21.992 [INFO]   [Creating]    [20/47]   Tests created: 5
13:19:21.993 [INFO]   [Creating]    
================================================================================
= Starting analysis for class 'eu.infinitech.finflink.transformations.technicalIndicators.AverageDirectionalIndex'
================================================================================
13:19:21.993 [INFO]   [Creating]    Filtering out non-testable methods...
13:19:21.995 [INFO]   [Creating]    Filtering of methods complete. Creating analysis request
13:19:21.995 [INFO]   [Creating]    Attempting to get service client, retry 1.
13:19:22.307 [INFO]   [Creating]        [125/220] eu.infinitech.finflink.transformations.technicalIndicators.AverageDirectionalIndex.<init>
13:19:22.307 [INFO]   [Creating]        [125/220]   Tests created: 1
13:19:24.480 [INFO]   [Creating]        [126/220] eu.infinitech.finflink.transformations.technicalIndicators.AverageDirectionalIndex.<init>
13:19:24.480 [INFO]   [Creating]        [126/220]   Tests created: 1
13:19:24.705 [INFO]   [Creating]        [127/220] eu.infinitech.finflink.transformations.technicalIndicators.AverageDirectionalIndex.calculate
13:19:24.705 [INFO]   [Creating]        [127/220]   Tests created: 3
13:19:24.707 [INFO]   [Creating]    [21/47] eu.infinitech.finflink.transformations.technicalIndicators.AverageDirectionalIndex
13:19:24.707 [INFO]   [Creating]    [21/47]   Tests created: 5
13:19:24.707 [INFO]   [Creating]    
================================================================================
= Starting analysis for class 'eu.infinitech.finflink.transformations.technicalIndicators.AverageTrueRange'
================================================================================
13:19:24.707 [INFO]   [Creating]    Filtering out non-testable methods...
13:19:24.711 [INFO]   [Creating]    Filtering of methods complete. Creating analysis request
13:19:24.711 [INFO]   [Creating]    Attempting to get service client, retry 1.
13:19:25.017 [INFO]   [Creating]        [128/220] eu.infinitech.finflink.transformations.technicalIndicators.AverageTrueRange.<init>
13:19:25.017 [INFO]   [Creating]        [128/220]   Tests created: 1
13:19:26.191 [INFO]   [Creating]        [129/220] eu.infinitech.finflink.transformations.technicalIndicators.AverageTrueRange.<init>
13:19:26.191 [INFO]   [Creating]        [129/220]   Tests created: 1
13:19:26.332 [INFO]   [Creating]        [130/220] eu.infinitech.finflink.transformations.technicalIndicators.AverageTrueRange.calculate
13:19:26.332 [INFO]   [Creating]        [130/220]   Tests created: 2
13:19:26.333 [INFO]   [Creating]    [22/47] eu.infinitech.finflink.transformations.technicalIndicators.AverageTrueRange
13:19:26.333 [INFO]   [Creating]    [22/47]   Tests created: 4
13:19:26.333 [INFO]   [Creating]    
================================================================================
= Starting analysis for class 'eu.infinitech.finflink.transformations.technicalIndicators.CommodityChannelIndex'
================================================================================
13:19:26.334 [INFO]   [Creating]    Filtering out non-testable methods...
13:19:26.335 [INFO]   [Creating]    Filtering of methods complete. Creating analysis request
13:19:26.336 [INFO]   [Creating]    Attempting to get service client, retry 1.
13:19:28.138 [INFO]   [Creating]        [131/220] eu.infinitech.finflink.transformations.technicalIndicators.CommodityChannelIndex.<init>
13:19:28.138 [INFO]   [Creating]        [131/220]   Tests created: 1
13:19:28.462 [INFO]   [Creating]        [132/220] eu.infinitech.finflink.transformations.technicalIndicators.CommodityChannelIndex.calculate
13:19:28.462 [INFO]   [Creating]        [132/220]   Tests created: 4
13:19:28.463 [INFO]   [Creating]    [23/47] eu.infinitech.finflink.transformations.technicalIndicators.CommodityChannelIndex
13:19:28.463 [INFO]   [Creating]    [23/47]   Tests created: 5
13:19:28.464 [INFO]   [Creating]    
================================================================================
= Starting analysis for class 'eu.infinitech.finflink.transformations.technicalIndicators.DetrendedCloseOscillator'
================================================================================
13:19:28.464 [INFO]   [Creating]    Filtering out non-testable methods...
13:19:28.466 [INFO]   [Creating]    Filtering of methods complete. Creating analysis request
13:19:28.466 [INFO]   [Creating]    Attempting to get service client, retry 1.
13:19:30.181 [INFO]   [Creating]        [133/220] eu.infinitech.finflink.transformations.technicalIndicators.DetrendedCloseOscillator.<init>
13:19:30.181 [INFO]   [Creating]        [133/220]   Tests created: 1
13:19:30.506 [INFO]   [Creating]        [134/220] eu.infinitech.finflink.transformations.technicalIndicators.DetrendedCloseOscillator.calculate
13:19:30.506 [INFO]   [Creating]        [134/220]   Tests created: 4
13:19:30.507 [INFO]   [Creating]    [24/47] eu.infinitech.finflink.transformations.technicalIndicators.DetrendedCloseOscillator
13:19:30.508 [INFO]   [Creating]    [24/47]   Tests created: 5
13:19:30.508 [INFO]   [Creating]    
================================================================================
= Starting analysis for class 'eu.infinitech.finflink.transformations.technicalIndicators.DirectionalIndex'
================================================================================
13:19:30.508 [INFO]   [Creating]    Filtering out non-testable methods...
13:19:30.510 [INFO]   [Creating]    Filtering of methods complete. Creating analysis request
13:19:30.510 [INFO]   [Creating]    Attempting to get service client, retry 1.
13:19:30.801 [INFO]   [Creating]        [135/220] eu.infinitech.finflink.transformations.technicalIndicators.DirectionalIndex.<init>
13:19:30.801 [INFO]   [Creating]        [135/220]   Tests created: 1
13:19:32.703 [INFO]   [Creating]        [136/220] eu.infinitech.finflink.transformations.technicalIndicators.DirectionalIndex.<init>
13:19:32.703 [INFO]   [Creating]        [136/220]   Tests created: 1
13:19:33.297 [INFO]   [Creating]        [137/220] eu.infinitech.finflink.transformations.technicalIndicators.DirectionalIndex.calculate
13:19:33.297 [INFO]   [Creating]        [137/220]   Tests created: 7
13:19:33.298 [INFO]   [Creating]    [25/47] eu.infinitech.finflink.transformations.technicalIndicators.DirectionalIndex
13:19:33.298 [INFO]   [Creating]    [25/47]   Tests created: 9
13:19:33.299 [INFO]   [Creating]    
================================================================================
= Starting analysis for class 'eu.infinitech.finflink.transformations.technicalIndicators.ForceIndex'
================================================================================
13:19:33.299 [INFO]   [Creating]    Filtering out non-testable methods...
13:19:33.300 [INFO]   [Creating]    Filtering of methods complete. Creating analysis request
13:19:33.300 [INFO]   [Creating]    Attempting to get service client, retry 1.
13:19:35.405 [INFO]   [Creating]        [138/220] eu.infinitech.finflink.transformations.technicalIndicators.ForceIndex.<init>
13:19:35.405 [INFO]   [Creating]        [138/220]   Tests created: 1
13:19:35.633 [INFO]   [Creating]        [139/220] eu.infinitech.finflink.transformations.technicalIndicators.ForceIndex.calculate
13:19:35.633 [INFO]   [Creating]        [139/220]   Tests created: 3
13:19:35.634 [INFO]   [Creating]    [26/47] eu.infinitech.finflink.transformations.technicalIndicators.ForceIndex
13:19:35.634 [INFO]   [Creating]    [26/47]   Tests created: 4
13:19:35.635 [INFO]   [Creating]    
================================================================================
= Starting analysis for class 'eu.infinitech.finflink.transformations.technicalIndicators.HighPriceDirectionalIndex'
================================================================================
13:19:35.635 [INFO]   [Creating]    Filtering out non-testable methods...
13:19:35.636 [INFO]   [Creating]    Filtering of methods complete. Creating analysis request
13:19:35.636 [INFO]   [Creating]    Attempting to get service client, retry 1.
13:19:35.915 [INFO]   [Creating]        [140/220] eu.infinitech.finflink.transformations.technicalIndicators.HighPriceDirectionalIndex.<init>
13:19:35.915 [INFO]   [Creating]        [140/220]   Tests created: 1
13:19:37.312 [INFO]   [Creating]        [141/220] eu.infinitech.finflink.transformations.technicalIndicators.HighPriceDirectionalIndex.<init>
13:19:37.312 [INFO]   [Creating]        [141/220]   Tests created: 1
13:19:37.455 [INFO]   [Creating]        [142/220] eu.infinitech.finflink.transformations.technicalIndicators.HighPriceDirectionalIndex.calculate
13:19:37.455 [INFO]   [Creating]        [142/220]   Tests created: 2
13:19:37.456 [INFO]   [Creating]    [27/47] eu.infinitech.finflink.transformations.technicalIndicators.HighPriceDirectionalIndex
13:19:37.456 [INFO]   [Creating]    [27/47]   Tests created: 4
13:19:37.457 [INFO]   [Creating]    
================================================================================
= Starting analysis for class 'eu.infinitech.finflink.transformations.technicalIndicators.HighPriceDirectionalMomentum'
================================================================================
13:19:37.457 [INFO]   [Creating]    Filtering out non-testable methods...
13:19:37.458 [INFO]   [Creating]    Filtering of methods complete. Creating analysis request
13:19:37.458 [INFO]   [Creating]    Attempting to get service client, retry 1.
13:19:37.754 [INFO]   [Creating]        [143/220] eu.infinitech.finflink.transformations.technicalIndicators.HighPriceDirectionalMomentum.<init>
13:19:37.755 [INFO]   [Creating]        [143/220]   Tests created: 1
13:19:38.791 [INFO]   [Creating]        [144/220] eu.infinitech.finflink.transformations.technicalIndicators.HighPriceDirectionalMomentum.<init>
13:19:38.791 [INFO]   [Creating]        [144/220]   Tests created: 1
13:19:38.930 [INFO]   [Creating]        [145/220] eu.infinitech.finflink.transformations.technicalIndicators.HighPriceDirectionalMomentum.calculate
13:19:38.930 [INFO]   [Creating]        [145/220]   Tests created: 2
13:19:38.931 [INFO]   [Creating]    [28/47] eu.infinitech.finflink.transformations.technicalIndicators.HighPriceDirectionalMomentum
13:19:38.931 [INFO]   [Creating]    [28/47]   Tests created: 4
13:19:38.932 [INFO]   [Creating]    
================================================================================
= Starting analysis for class 'eu.infinitech.finflink.transformations.technicalIndicators.LogReturns'
================================================================================
13:19:38.932 [INFO]   [Creating]    Filtering out non-testable methods...
13:19:38.933 [INFO]   [Creating]    Filtering of methods complete. Creating analysis request
13:19:38.933 [INFO]   [Creating]    Attempting to get service client, retry 1.
13:19:41.511 [INFO]   [Creating]        [146/220] eu.infinitech.finflink.transformations.technicalIndicators.LogReturns.<init>
13:19:41.511 [INFO]   [Creating]        [146/220]   Tests created: 1
13:19:41.927 [INFO]   [Creating]        [147/220] eu.infinitech.finflink.transformations.technicalIndicators.LogReturns.calculate
13:19:41.927 [INFO]   [Creating]        [147/220]   Tests created: 5
13:19:41.928 [INFO]   [Creating]    [29/47] eu.infinitech.finflink.transformations.technicalIndicators.LogReturns
13:19:41.928 [INFO]   [Creating]    [29/47]   Tests created: 6
13:19:41.929 [INFO]   [Creating]    
================================================================================
= Starting analysis for class 'eu.infinitech.finflink.transformations.technicalIndicators.LowPriceDirectionalIndex'
================================================================================
13:19:41.929 [INFO]   [Creating]    Filtering out non-testable methods...
13:19:41.930 [INFO]   [Creating]    Filtering of methods complete. Creating analysis request
13:19:41.930 [INFO]   [Creating]    Attempting to get service client, retry 1.
13:19:42.223 [INFO]   [Creating]        [148/220] eu.infinitech.finflink.transformations.technicalIndicators.LowPriceDirectionalIndex.<init>
13:19:42.223 [INFO]   [Creating]        [148/220]   Tests created: 1
13:19:43.609 [INFO]   [Creating]        [149/220] eu.infinitech.finflink.transformations.technicalIndicators.LowPriceDirectionalIndex.<init>
13:19:43.609 [INFO]   [Creating]        [149/220]   Tests created: 1
13:19:43.746 [INFO]   [Creating]        [150/220] eu.infinitech.finflink.transformations.technicalIndicators.LowPriceDirectionalIndex.calculate
13:19:43.746 [INFO]   [Creating]        [150/220]   Tests created: 2
13:19:43.747 [INFO]   [Creating]    [30/47] eu.infinitech.finflink.transformations.technicalIndicators.LowPriceDirectionalIndex
13:19:43.747 [INFO]   [Creating]    [30/47]   Tests created: 4
13:19:43.748 [INFO]   [Creating]    
================================================================================
= Starting analysis for class 'eu.infinitech.finflink.transformations.technicalIndicators.LowPriceDirectionalMomentum'
================================================================================
13:19:43.748 [INFO]   [Creating]    Filtering out non-testable methods...
13:19:43.750 [INFO]   [Creating]    Filtering of methods complete. Creating analysis request
13:19:43.750 [INFO]   [Creating]    Attempting to get service client, retry 1.
13:19:44.044 [INFO]   [Creating]        [151/220] eu.infinitech.finflink.transformations.technicalIndicators.LowPriceDirectionalMomentum.<init>
13:19:44.044 [INFO]   [Creating]        [151/220]   Tests created: 1
13:19:45.072 [INFO]   [Creating]        [152/220] eu.infinitech.finflink.transformations.technicalIndicators.LowPriceDirectionalMomentum.<init>
13:19:45.072 [INFO]   [Creating]        [152/220]   Tests created: 1
13:19:45.206 [INFO]   [Creating]        [153/220] eu.infinitech.finflink.transformations.technicalIndicators.LowPriceDirectionalMomentum.calculate
13:19:45.206 [INFO]   [Creating]        [153/220]   Tests created: 2
13:19:45.207 [INFO]   [Creating]    [31/47] eu.infinitech.finflink.transformations.technicalIndicators.LowPriceDirectionalMomentum
13:19:45.207 [INFO]   [Creating]    [31/47]   Tests created: 4
13:19:45.208 [INFO]   [Creating]    
================================================================================
= Starting analysis for class 'eu.infinitech.finflink.transformations.technicalIndicators.Momentum'
================================================================================
13:19:45.208 [INFO]   [Creating]    Filtering out non-testable methods...
13:19:45.210 [INFO]   [Creating]    Filtering of methods complete. Creating analysis request
13:19:45.210 [INFO]   [Creating]    Attempting to get service client, retry 1.
13:19:45.551 [INFO]   [Creating]        [154/220] eu.infinitech.finflink.transformations.technicalIndicators.Momentum.<init>
13:19:45.551 [INFO]   [Creating]        [154/220]   Tests created: 1
13:19:47.795 [INFO]   [Creating]        [155/220] eu.infinitech.finflink.transformations.technicalIndicators.Momentum.<init>
13:19:47.795 [INFO]   [Creating]        [155/220]   Tests created: 1
13:19:48.090 [INFO]   [Creating]        [156/220] eu.infinitech.finflink.transformations.technicalIndicators.Momentum.calculate
13:19:48.090 [INFO]   [Creating]        [156/220]   Tests created: 4
13:19:48.091 [INFO]   [Creating]    [32/47] eu.infinitech.finflink.transformations.technicalIndicators.Momentum
13:19:48.091 [INFO]   [Creating]    [32/47]   Tests created: 6
13:19:48.092 [INFO]   [Creating]    
================================================================================
= Starting analysis for class 'eu.infinitech.finflink.transformations.technicalIndicators.MoneyFlowIndex'
================================================================================
13:19:48.092 [INFO]   [Creating]    Filtering out non-testable methods...
13:19:48.097 [INFO]   [Creating]    Filtering of methods complete. Creating analysis request
13:19:48.097 [INFO]   [Creating]    Attempting to get service client, retry 1.
13:19:49.784 [INFO]   [Creating]        [157/220] eu.infinitech.finflink.transformations.technicalIndicators.MoneyFlowIndex.<init>
13:19:49.784 [INFO]   [Creating]        [157/220]   Tests created: 1
13:19:50.193 [INFO]   [Creating]        [158/220] eu.infinitech.finflink.transformations.technicalIndicators.MoneyFlowIndex.calculate
13:19:50.193 [INFO]   [Creating]        [158/220]   Tests created: 5
13:19:50.194 [INFO]   [Creating]    [33/47] eu.infinitech.finflink.transformations.technicalIndicators.MoneyFlowIndex
13:19:50.194 [INFO]   [Creating]    [33/47]   Tests created: 6
13:19:50.195 [INFO]   [Creating]    
================================================================================
= Starting analysis for class 'eu.infinitech.finflink.transformations.technicalIndicators.MovingAverageConvergenceDivergence'
================================================================================
13:19:50.195 [INFO]   [Creating]    Filtering out non-testable methods...
13:19:50.197 [INFO]   [Creating]    Filtering of methods complete. Creating analysis request
13:19:50.197 [INFO]   [Creating]    Attempting to get service client, retry 1.
13:19:50.704 [INFO]   [Creating]        [159/220] eu.infinitech.finflink.transformations.technicalIndicators.MovingAverageConvergenceDivergence.<init>
13:19:50.704 [INFO]   [Creating]        [159/220]   Tests created: 1
13:19:52.528 [INFO]   [Creating]        [160/220] eu.infinitech.finflink.transformations.technicalIndicators.MovingAverageConvergenceDivergence.<init>
13:19:52.528 [INFO]   [Creating]        [160/220]   Tests created: 1
13:19:52.760 [INFO]   [Creating]        [161/220] eu.infinitech.finflink.transformations.technicalIndicators.MovingAverageConvergenceDivergence.calculate
13:19:52.760 [INFO]   [Creating]        [161/220]   Tests created: 3
13:19:52.761 [INFO]   [Creating]    [34/47] eu.infinitech.finflink.transformations.technicalIndicators.MovingAverageConvergenceDivergence
13:19:52.761 [INFO]   [Creating]    [34/47]   Tests created: 5
13:19:52.761 [INFO]   [Creating]    
================================================================================
= Starting analysis for class 'eu.infinitech.finflink.transformations.technicalIndicators.OnBalanceVolumeIndicator'
================================================================================
13:19:52.762 [INFO]   [Creating]    Filtering out non-testable methods...
13:19:52.763 [INFO]   [Creating]    Filtering of methods complete. Creating analysis request
13:19:52.763 [INFO]   [Creating]    Attempting to get service client, retry 1.
13:19:54.473 [INFO]   [Creating]        [162/220] eu.infinitech.finflink.transformations.technicalIndicators.OnBalanceVolumeIndicator.<init>
13:19:54.473 [INFO]   [Creating]        [162/220]   Tests created: 1
13:19:54.856 [INFO]   [Creating]        [163/220] eu.infinitech.finflink.transformations.technicalIndicators.OnBalanceVolumeIndicator.calculate
13:19:54.857 [INFO]   [Creating]        [163/220]   Tests created: 5
13:19:54.858 [INFO]   [Creating]    [35/47] eu.infinitech.finflink.transformations.technicalIndicators.OnBalanceVolumeIndicator
13:19:54.858 [INFO]   [Creating]    [35/47]   Tests created: 6
13:19:54.859 [INFO]   [Creating]    
================================================================================
= Starting analysis for class 'eu.infinitech.finflink.transformations.technicalIndicators.PeriodEnd'
================================================================================
13:19:54.859 [INFO]   [Creating]    Filtering out non-testable methods...
13:19:54.860 [INFO]   [Creating]    Filtering of methods complete. Creating analysis request
13:19:54.860 [INFO]   [Creating]    Attempting to get service client, retry 1.
13:19:57.034 [INFO]   [Creating]        [164/220] eu.infinitech.finflink.transformations.technicalIndicators.PeriodEnd.<init>
13:19:57.034 [INFO]   [Creating]        [164/220]   Tests created: 1
13:19:57.196 [INFO]   [Creating]        [165/220] eu.infinitech.finflink.transformations.technicalIndicators.PeriodEnd.calculate
13:19:57.196 [INFO]   [Creating]        [165/220]   Tests created: 2
13:19:57.197 [INFO]   [Creating]    [36/47] eu.infinitech.finflink.transformations.technicalIndicators.PeriodEnd
13:19:57.197 [INFO]   [Creating]    [36/47]   Tests created: 3
13:19:57.198 [INFO]   [Creating]    
================================================================================
= Starting analysis for class 'eu.infinitech.finflink.transformations.technicalIndicators.RelativeStrengthIndex'
================================================================================
13:19:57.198 [INFO]   [Creating]    Filtering out non-testable methods...
13:19:57.199 [INFO]   [Creating]    Filtering of methods complete. Creating analysis request
13:19:57.199 [INFO]   [Creating]    Attempting to get service client, retry 1.
13:19:59.163 [INFO]   [Creating]        [166/220] eu.infinitech.finflink.transformations.technicalIndicators.RelativeStrengthIndex.<init>
13:19:59.163 [INFO]   [Creating]        [166/220]   Tests created: 1
13:19:59.477 [INFO]   [Creating]        [167/220] eu.infinitech.finflink.transformations.technicalIndicators.RelativeStrengthIndex.calculate
13:19:59.477 [INFO]   [Creating]        [167/220]   Tests created: 4
13:19:59.478 [INFO]   [Creating]    [37/47] eu.infinitech.finflink.transformations.technicalIndicators.RelativeStrengthIndex
13:19:59.478 [INFO]   [Creating]    [37/47]   Tests created: 5
13:19:59.479 [INFO]   [Creating]    
================================================================================
= Starting analysis for class 'eu.infinitech.finflink.transformations.technicalIndicators.Returns'
================================================================================
13:19:59.479 [INFO]   [Creating]    Filtering out non-testable methods...
13:19:59.481 [INFO]   [Creating]    Filtering of methods complete. Creating analysis request
13:19:59.481 [INFO]   [Creating]    Attempting to get service client, retry 1.
13:20:02.058 [INFO]   [Creating]        [168/220] eu.infinitech.finflink.transformations.technicalIndicators.Returns.<init>
13:20:02.058 [INFO]   [Creating]        [168/220]   Tests created: 1
13:20:02.416 [INFO]   [Creating]        [169/220] eu.infinitech.finflink.transformations.technicalIndicators.Returns.calculate
13:20:02.416 [INFO]   [Creating]        [169/220]   Tests created: 4
13:20:02.416 [INFO]   [Creating]    [38/47] eu.infinitech.finflink.transformations.technicalIndicators.Returns
13:20:02.417 [INFO]   [Creating]    [38/47]   Tests created: 5
13:20:02.417 [INFO]   [Creating]    
================================================================================
= Starting analysis for class 'eu.infinitech.finflink.transformations.technicalIndicators.TechnicalIndicator'
================================================================================
13:20:02.417 [INFO]   [Creating]    Filtering out non-testable methods...
13:20:02.421 [INFO]   [Creating]    Filtering of methods complete. Creating analysis request
13:20:02.421 [INFO]   [Creating]    Attempting to get service client, retry 1.
13:20:03.869 [INFO]   [Creating]        [170/220] eu.infinitech.finflink.transformations.technicalIndicators.TechnicalIndicator.<init>
13:20:03.869 [INFO]   [Creating]        [171/220] eu.infinitech.finflink.transformations.technicalIndicators.TechnicalIndicator.<init>
13:20:03.869 [INFO]   [Creating]        [172/220] eu.infinitech.finflink.transformations.technicalIndicators.TechnicalIndicator.getSupplier
13:20:03.869 [INFO]   [Creating]        [172/220]   Tests created: 2
13:20:04.192 [INFO]   [Creating]        [173/220] eu.infinitech.finflink.transformations.technicalIndicators.TechnicalIndicator.add
13:20:04.192 [INFO]   [Creating]        [173/220]   Tests created: 1
13:20:04.572 [INFO]   [Creating]        [174/220] eu.infinitech.finflink.transformations.technicalIndicators.TechnicalIndicator.createAccumulator
13:20:04.572 [INFO]   [Creating]        [174/220]   Tests created: 1
13:20:05.006 [INFO]   [Creating]        [175/220] eu.infinitech.finflink.transformations.technicalIndicators.TechnicalIndicator.getResult
13:20:05.006 [INFO]   [Creating]        [175/220]   Tests created: 1
13:20:05.071 [INFO]   [Creating]        [176/220] eu.infinitech.finflink.transformations.technicalIndicators.TechnicalIndicator.merge
13:20:05.071 [INFO]   [Creating]        [176/220]   Tests created: 1
13:20:05.072 [INFO]   [Creating]    [39/47] eu.infinitech.finflink.transformations.technicalIndicators.TechnicalIndicator
13:20:05.072 [INFO]   [Creating]    [39/47]   Tests created: 6
13:20:05.075 [INFO]   [Creating]    
================================================================================
= Starting analysis for class 'eu.infinitech.finflink.transformations.technicalIndicators.TechnicalIndicatorGenerator'
================================================================================
13:20:05.075 [INFO]   [Creating]    Filtering out non-testable methods...
13:20:06.858 [INFO]   [Creating]    Filtering of methods complete. Creating analysis request
13:20:06.858 [INFO]   [Creating]    Attempting to get service client, retry 1.
13:20:07.169 [INFO]   [Creating]        [177/220] eu.infinitech.finflink.transformations.technicalIndicators.TechnicalIndicatorGenerator.getIndicatorRequirements
13:20:07.169 [INFO]   [Creating]        [177/220]   Tests created: 1
13:20:07.310 [INFO]   [Creating]        [178/220] eu.infinitech.finflink.transformations.technicalIndicators.TechnicalIndicatorGenerator.getName
13:20:07.310 [INFO]   [Creating]        [178/220]   Tests created: 1
13:20:07.512 [INFO]   [Creating]        [179/220] eu.infinitech.finflink.transformations.technicalIndicators.TechnicalIndicatorGenerator.getProperties
13:20:07.512 [INFO]   [Creating]        [179/220]   Tests created: 1
13:20:07.661 [INFO]   [Creating]        [180/220] eu.infinitech.finflink.transformations.technicalIndicators.TechnicalIndicatorGenerator.getTimePeriod
13:20:07.661 [INFO]   [Creating]        [180/220]   Tests created: 1
13:20:07.858 [INFO]   [Creating]        [181/220] eu.infinitech.finflink.transformations.technicalIndicators.TechnicalIndicatorGenerator.setIndicatorRequirements
13:20:07.858 [INFO]   [Creating]        [181/220]   Tests created: 1
13:20:08.746 [INFO]   [Creating]        [182/220] eu.infinitech.finflink.transformations.technicalIndicators.TechnicalIndicatorGenerator.setTimePeriod
13:20:08.746 [INFO]   [Creating]        [182/220]   Tests created: 1
13:20:09.313 [INFO]   [Creating]        [183/220] eu.infinitech.finflink.transformations.technicalIndicators.TechnicalIndicatorGenerator.setTimePeriod
13:20:09.313 [INFO]   [Creating]        [183/220]   Diffblue AI was unable to find a test
13:20:09.316 [INFO]   [Creating]        [184/220] eu.infinitech.finflink.transformations.technicalIndicators.TechnicalIndicatorGenerator.setTimePeriodLength
13:20:09.316 [INFO]   [Creating]        [184/220]   Diffblue AI was unable to find a test
13:20:09.317 [INFO]   [Creating]    [40/47] eu.infinitech.finflink.transformations.technicalIndicators.TechnicalIndicatorGenerator
13:20:09.317 [INFO]   [Creating]    [40/47]   Tests created: 6
13:20:09.318 [INFO]   [Creating]    
================================================================================
= Starting analysis for class 'eu.infinitech.finflink.transformations.technicalIndicators.TechnicalIndicatorPipeline'
================================================================================
13:20:09.318 [INFO]   [Creating]    Filtering out non-testable methods...
13:20:09.326 [INFO]   [Creating]    Filtering of methods complete. Creating analysis request
13:20:09.326 [INFO]   [Creating]    Attempting to get service client, retry 1.
13:20:10.427 [INFO]   [Creating]        [185/220] eu.infinitech.finflink.transformations.technicalIndicators.TechnicalIndicatorPipeline.<init>
13:20:10.427 [INFO]   [Creating]        [186/220] eu.infinitech.finflink.transformations.technicalIndicators.TechnicalIndicatorPipeline.<init>
13:20:10.427 [INFO]   [Creating]        [187/220] eu.infinitech.finflink.transformations.technicalIndicators.TechnicalIndicatorPipeline.getPipeline
13:20:10.427 [INFO]   [Creating]        [188/220] eu.infinitech.finflink.transformations.technicalIndicators.TechnicalIndicatorPipeline.getPipelineID
13:20:10.427 [INFO]   [Creating]        [189/220] eu.infinitech.finflink.transformations.technicalIndicators.TechnicalIndicatorPipeline.setPipeline
13:20:10.428 [INFO]   [Creating]        [190/220] eu.infinitech.finflink.transformations.technicalIndicators.TechnicalIndicatorPipeline.setPipelineID
13:20:10.428 [INFO]   [Creating]        [190/220]   Tests created: 2
13:20:10.712 [INFO]   [Creating]        [191/220] eu.infinitech.finflink.transformations.technicalIndicators.TechnicalIndicatorPipeline.add
13:20:10.713 [INFO]   [Creating]        [191/220]   Tests created: 1
13:20:16.744 [INFO]   [Creating]        [192/220] eu.infinitech.finflink.transformations.technicalIndicators.TechnicalIndicatorPipeline.createAccumulator
13:20:16.744 [INFO]   [Creating]        [192/220]   Tests created: 1
13:20:17.805 [INFO]   [Creating]        [193/220] eu.infinitech.finflink.transformations.technicalIndicators.TechnicalIndicatorPipeline.getResult
13:20:17.805 [INFO]   [Creating]        [193/220]   Tests created: 4
13:20:17.878 [INFO]   [Creating]        [194/220] eu.infinitech.finflink.transformations.technicalIndicators.TechnicalIndicatorPipeline.merge
13:20:17.878 [INFO]   [Creating]        [194/220]   Tests created: 1
13:20:17.879 [INFO]   [Creating]    [41/47] eu.infinitech.finflink.transformations.technicalIndicators.TechnicalIndicatorPipeline
13:20:17.879 [INFO]   [Creating]    [41/47]   Tests created: 9
13:20:17.880 [INFO]   [Creating]    
================================================================================
= Starting analysis for class 'eu.infinitech.finflink.transformations.technicalIndicators.TrueRange'
================================================================================
13:20:17.880 [INFO]   [Creating]    Filtering out non-testable methods...
13:20:17.883 [INFO]   [Creating]    Filtering of methods complete. Creating analysis request
13:20:17.883 [INFO]   [Creating]    Attempting to get service client, retry 1.
13:20:18.503 [INFO]   [Creating]        [195/220] eu.infinitech.finflink.transformations.technicalIndicators.TrueRange.<init>
13:20:18.503 [INFO]   [Creating]        [196/220] eu.infinitech.finflink.transformations.technicalIndicators.TrueRange.getTrades
13:20:18.503 [INFO]   [Creating]        [197/220] eu.infinitech.finflink.transformations.technicalIndicators.TrueRange.setTrades
13:20:18.503 [INFO]   [Creating]        [197/220]   Tests created: 1
13:20:18.732 [INFO]   [Creating]        [198/220] eu.infinitech.finflink.transformations.technicalIndicators.TrueRange.add
13:20:18.732 [INFO]   [Creating]        [198/220]   Tests created: 1
13:20:19.724 [INFO]   [Creating]        [199/220] eu.infinitech.finflink.transformations.technicalIndicators.TrueRange.get
13:20:19.724 [INFO]   [Creating]        [199/220]   Tests created: 1
13:20:22.175 [INFO]   [Creating]        [200/220] eu.infinitech.finflink.transformations.technicalIndicators.TrueRange.getResult
13:20:22.175 [INFO]   [Creating]        [200/220]   Tests created: 3
13:20:22.178 [INFO]   [Creating]        [201/220] eu.infinitech.finflink.transformations.technicalIndicators.TrueRange.merge
13:20:22.178 [INFO]   [Creating]        [201/220]   Diffblue AI was unable to find a test
13:20:22.179 [INFO]   [Creating]    [42/47] eu.infinitech.finflink.transformations.technicalIndicators.TrueRange
13:20:22.179 [INFO]   [Creating]    [42/47]   Tests created: 6
13:20:22.180 [INFO]   [Creating]    
================================================================================
= Starting analysis for class 'eu.infinitech.finflink.transformations.technicalIndicators.Utils'
================================================================================
13:20:22.180 [INFO]   [Creating]    Filtering out non-testable methods...
13:20:22.184 [INFO]   [Creating]    Filtering of methods complete. Creating analysis request
13:20:22.184 [INFO]   [Creating]    Attempting to get service client, retry 1.
13:20:22.233 [INFO]   [Creating]        [202/220] eu.infinitech.finflink.transformations.technicalIndicators.Utils.<init>
13:20:22.233 [INFO]   [Creating]        [202/220]   T005: Trivial constructor
13:20:22.233 [INFO]   [Creating]        [202/220]     See https://diff.blue/T005
13:20:23.238 [INFO]   [Creating]        [203/220] eu.infinitech.finflink.transformations.technicalIndicators.Utils.cumSum
13:20:23.239 [INFO]   [Creating]        [203/220]   Tests created: 3
13:20:24.072 [INFO]   [Creating]        [204/220] eu.infinitech.finflink.transformations.technicalIndicators.Utils.diff
13:20:24.072 [INFO]   [Creating]        [204/220]   Tests created: 3
13:20:24.974 [INFO]   [Creating]        [205/220] eu.infinitech.finflink.transformations.technicalIndicators.Utils.ewm
13:20:24.974 [INFO]   [Creating]        [205/220]   Tests created: 3
13:20:25.641 [INFO]   [Creating]        [206/220] eu.infinitech.finflink.transformations.technicalIndicators.Utils.expanding
13:20:25.641 [INFO]   [Creating]        [206/220]   Tests created: 3
13:20:26.535 [INFO]   [Creating]        [207/220] eu.infinitech.finflink.transformations.technicalIndicators.Utils.mean
13:20:26.535 [INFO]   [Creating]        [207/220]   Tests created: 3
13:20:27.193 [INFO]   [Creating]        [208/220] eu.infinitech.finflink.transformations.technicalIndicators.Utils.sliding
13:20:27.193 [INFO]   [Creating]        [208/220]   Tests created: 3
13:20:27.810 [INFO]   [Creating]        [209/220] eu.infinitech.finflink.transformations.technicalIndicators.Utils.std
13:20:27.810 [INFO]   [Creating]        [209/220]   Tests created: 3
13:20:28.337 [INFO]   [Creating]        [210/220] eu.infinitech.finflink.transformations.technicalIndicators.Utils.sum
13:20:28.337 [INFO]   [Creating]        [210/220]   Tests created: 3
13:20:29.891 [INFO]   [Creating]        [211/220] eu.infinitech.finflink.transformations.technicalIndicators.Utils.truePrice
13:20:29.891 [INFO]   [Creating]        [211/220]   Tests created: 1
13:20:30.161 [INFO]   [Creating]        [212/220] eu.infinitech.finflink.transformations.technicalIndicators.Utils.trueRange
13:20:30.161 [INFO]   [Creating]        [212/220]   Tests created: 3
13:20:30.162 [INFO]   [Creating]    [43/47] eu.infinitech.finflink.transformations.technicalIndicators.Utils
13:20:30.162 [INFO]   [Creating]    [43/47]   Tests created: 28
13:20:30.163 [INFO]   [Creating]    
================================================================================
= Starting analysis for class 'eu.infinitech.finflink.transformations.technicalIndicators.Volatility'
================================================================================
13:20:30.163 [INFO]   [Creating]    Filtering out non-testable methods...
13:20:30.164 [INFO]   [Creating]    Filtering of methods complete. Creating analysis request
13:20:30.164 [INFO]   [Creating]    Attempting to get service client, retry 1.
13:20:32.842 [INFO]   [Creating]        [213/220] eu.infinitech.finflink.transformations.technicalIndicators.Volatility.<init>
13:20:32.842 [INFO]   [Creating]        [213/220]   Tests created: 1
13:20:33.338 [INFO]   [Creating]        [214/220] eu.infinitech.finflink.transformations.technicalIndicators.Volatility.calculate
13:20:33.338 [INFO]   [Creating]        [214/220]   Tests created: 6
13:20:33.339 [INFO]   [Creating]    [44/47] eu.infinitech.finflink.transformations.technicalIndicators.Volatility
13:20:33.339 [INFO]   [Creating]    [44/47]   Tests created: 7
13:20:33.340 [INFO]   [Creating]    
================================================================================
= Starting analysis for class 'eu.infinitech.finflink.transformations.technicalIndicators.VortexMinus'
================================================================================
13:20:33.340 [INFO]   [Creating]    Filtering out non-testable methods...
13:20:33.341 [INFO]   [Creating]    Filtering of methods complete. Creating analysis request
13:20:33.341 [INFO]   [Creating]    Attempting to get service client, retry 1.
13:20:35.642 [INFO]   [Creating]        [215/220] eu.infinitech.finflink.transformations.technicalIndicators.VortexMinus.<init>
13:20:35.642 [INFO]   [Creating]        [215/220]   Tests created: 1
13:20:35.862 [INFO]   [Creating]        [216/220] eu.infinitech.finflink.transformations.technicalIndicators.VortexMinus.calculate
13:20:35.862 [INFO]   [Creating]        [216/220]   Tests created: 3
13:20:35.863 [INFO]   [Creating]    [45/47] eu.infinitech.finflink.transformations.technicalIndicators.VortexMinus
13:20:35.863 [INFO]   [Creating]    [45/47]   Tests created: 4
13:20:35.864 [INFO]   [Creating]    
================================================================================
= Starting analysis for class 'eu.infinitech.finflink.transformations.technicalIndicators.VortexPlus'
================================================================================
13:20:35.864 [INFO]   [Creating]    Filtering out non-testable methods...
13:20:35.866 [INFO]   [Creating]    Filtering of methods complete. Creating analysis request
13:20:35.866 [INFO]   [Creating]    Attempting to get service client, retry 1.
13:20:38.120 [INFO]   [Creating]        [217/220] eu.infinitech.finflink.transformations.technicalIndicators.VortexPlus.<init>
13:20:38.120 [INFO]   [Creating]        [217/220]   Tests created: 1
13:20:38.351 [INFO]   [Creating]        [218/220] eu.infinitech.finflink.transformations.technicalIndicators.VortexPlus.calculate
13:20:38.351 [INFO]   [Creating]        [218/220]   Tests created: 3
13:20:38.353 [INFO]   [Creating]    [46/47] eu.infinitech.finflink.transformations.technicalIndicators.VortexPlus
13:20:38.353 [INFO]   [Creating]    [46/47]   Tests created: 4
13:20:38.353 [INFO]   [Creating]    
================================================================================
= Starting analysis for class 'eu.infinitech.finflink.util.TradePeriodsGenerator'
================================================================================
13:20:38.353 [INFO]   [Creating]    Filtering out non-testable methods...
13:20:38.354 [INFO]   [Creating]    Filtering of methods complete. Creating analysis request
13:20:38.354 [INFO]   [Creating]    Attempting to get service client, retry 1.
13:20:38.382 [INFO]   [Creating]        [219/220] eu.infinitech.finflink.util.TradePeriodsGenerator.<init>
13:20:38.382 [INFO]   [Creating]        [219/220]   T005: Trivial constructor
13:20:38.382 [INFO]   [Creating]        [219/220]     See https://diff.blue/T005
13:20:40.550 [INFO]   [Creating]        [220/220] eu.infinitech.finflink.util.TradePeriodsGenerator.generateTradePeriods
13:20:40.550 [INFO]   [Creating]        [220/220]   Tests created: 3
13:20:40.550 [INFO]   [Creating]    [47/47] eu.infinitech.finflink.util.TradePeriodsGenerator
13:20:40.550 [INFO]   [Creating]    [47/47]   Tests created: 3
13:20:40.558 [INFO]   [Reporting]   
13:20:40.558 [INFO]   [Reporting]   Test creation summary for module: Infinitech-FinFlink:Infinitech-FinFlink
13:20:40.558 [INFO]   [Reporting]   -------------------------------------------------------------------------
13:20:40.558 [INFO]   [Reporting]   Total:                                             220 methods
13:20:40.558 [INFO]   [Reporting]   232 tests created for:                             200 methods
13:20:40.558 [INFO]   [Reporting]   
13:20:40.558 [INFO]   [Reporting]   Tested indirectly via other methods:                 4 methods
13:20:40.558 [INFO]   [Reporting]       4 T005: Trivial constructor
13:20:40.558 [INFO]   [Reporting]   Not unit-testable:                                   1 method
13:20:40.558 [INFO]   [Reporting]       1 T006: Main method
13:20:40.558 [INFO]   [Reporting]   No tests created for:                               11 methods
13:20:40.558 [INFO]   [Reporting]       4 R002: Missing observers
13:20:40.558 [INFO]   [Reporting]       2 R013: No inputs found that don't throw a trivial exception
13:20:40.558 [INFO]   [Reporting]       1 R011: Sandboxing policy violation
13:20:40.743 [INFO]   [Validating]  
13:20:40.743 [INFO]   [Validating]  Running validation command.
13:20:40.744 [INFO]   [Validating]  Using default build rules as no custom rules found in any of [/home/jbergqvist/diffblue/terrierteam-FinFlink]
13:20:40.744 [INFO]   [Validating]  Attempting to invoke mvnw in working directory: /home/jbergqvist/diffblue/terrierteam-FinFlink
13:20:40.745 [INFO]   [Validating]  Attempting to invoke /home/jbergqvist/.sdkman/candidates/maven/current/bin/mvn in working directory: /home/jbergqvist/diffblue/terrierteam-FinFlink
13:20:40.745 [INFO]   [Validating]  Started "/home/jbergqvist/.sdkman/candidates/maven/current/bin/mvn -Dmaven.ext.class.path=/opt/cover/cover-buildsystem-maven-spy-jar-with-dependencies.jar -Dcom.diffblue.cover.skipTests=true -DskipTestOptimizer --batch-mode --projects=Infinitech-FinFlink:Infinitech-FinFlink --global-settings=/home/jbergqvist/.sdkman/candidates/maven/current/conf/settings.xml validate --also-make"
13:20:41.530 [INFO]   [Validating]  out: [INFO] Scanning for projects...
13:20:41.571 [INFO]   [Validating]  out: [INFO] 
13:20:41.572 [INFO]   [Validating]  out: [INFO] --------------< Infinitech-FinFlink:Infinitech-FinFlink >---------------
13:20:41.572 [INFO]   [Validating]  out: [INFO] Building Infinitech-FinFlink 0.6
13:20:41.572 [INFO]   [Validating]  out: [INFO]   from pom.xml
13:20:41.572 [INFO]   [Validating]  out: [INFO] --------------------------------[ jar ]---------------------------------
13:20:41.698 [INFO]   [Validating]  deserializing line [DIFFBLUE]{"__type":"com.diffblue.cover.buildsystem.model.DefaultProjectModuleMessage","project":{"__type":"DefaultProjectModule","junitReport":["/home/jbergqvist/diffblue/terrierteam-FinFlink/target/surefire-reports"],"jacocoReport":["/home/jbergqvist/diffblue/terrierteam-FinFlink/target/site/jacoco/jacoco.xml"],"jacocoDestFile":["/home/jbergqvist/diffblue/terrierteam-FinFlink/target/jacoco.exec"],"jacocoFormats":["xml"],"jacocoSkipped":false,"classpath":["/home/jbergqvist/diffblue/terrierteam-FinFlink/target/classes"],"complianceLevel":"11","productionSources":["/home/jbergqvist/diffblue/terrierteam-FinFlink/src/main/java"],"testSources":["/home/jbergqvist/diffblue/terrierteam-FinFlink/src/test/java"],"productionClasses":"/home/jbergqvist/diffblue/terrierteam-FinFlink/target/classes","testClasses":"/home/jbergqvist/diffblue/terrierteam-FinFlink/target/test-classes","sourceToBuildPathMap":null,"testSourceToBuildPathMap":null,"buildDirectory":"/home/jbergqvist/diffblue/terrierteam-FinFlink/target","plugins":[{"__type":"DefaultPlugin","groupId":"org.apache.maven.plugins","artefactId":"maven-compiler-plugin","version":"3.8.1","pluginClassName":null},{"__type":"DefaultPlugin","groupId":"org.apache.maven.plugins","artefactId":"maven-shade-plugin","version":"3.1.1","pluginClassName":null},{"__type":"DefaultPlugin","groupId":"org.apache.maven.plugins","artefactId":"maven-clean-plugin","version":"3.2.0","pluginClassName":null},{"__type":"DefaultPlugin","groupId":"org.apache.maven.plugins","artefactId":"maven-resources-plugin","version":"3.3.1","pluginClassName":null},{"__type":"DefaultPlugin","groupId":"org.apache.maven.plugins","artefactId":"maven-jar-plugin","version":"3.4.1","pluginClassName":null},{"__type":"DefaultPlugin","groupId":"org.apache.maven.plugins","artefactId":"maven-surefire-plugin","version":"3.2.5","pluginClassName":null},{"__type":"DefaultPlugin","groupId":"org.apache.maven.plugins","artefactId":"maven-install-plugin","version":"3.1.2","pluginClassName":null},{"__type":"DefaultPlugin","groupId":"org.apache.maven.plugins","artefactId":"maven-deploy-plugin","version":"3.1.2","pluginClassName":null},{"__type":"DefaultPlugin","groupId":"org.apache.maven.plugins","artefactId":"maven-site-plugin","version":"3.12.1","pluginClassName":null}],"version":"3.9.12","encoding":null,"name":"maven","subModules":[],"simpleModuleName":null,"parentModuleName":null,"location":"/home/jbergqvist/diffblue/terrierteam-FinFlink","fullModuleName":"Infinitech-FinFlink:Infinitech-FinFlink"}}
13:20:41.704 [INFO]   [Validating]  out: [INFO] ------------------------------------------------------------------------
13:20:41.704 [INFO]   [Validating]  out: [INFO] BUILD SUCCESS
13:20:41.704 [INFO]   [Validating]  out: [INFO] ------------------------------------------------------------------------
13:20:41.704 [INFO]   [Validating]  out: [INFO] Total time:  0.183 s
13:20:41.704 [INFO]   [Validating]  out: [INFO] Finished at: 2026-01-12T13:20:41Z
13:20:41.704 [INFO]   [Validating]  out: [INFO] ------------------------------------------------------------------------
13:20:41.704 [INFO]   [Validating]  deserializing line [DIFFBLUE]{"__type":"com.diffblue.cover.buildsystem.model.ProjectInfoMessage","projectName":"Infinitech-FinFlink:Infinitech-FinFlink","productionSources":["/home/jbergqvist/diffblue/terrierteam-FinFlink/src/main/java"],"testSources":["/home/jbergqvist/diffblue/terrierteam-FinFlink/src/test/java"],"location":"/home/jbergqvist/diffblue/terrierteam-FinFlink"}
13:20:41.724 [INFO]   [Validating]  maven:err process not stopped, joining thread
13:20:41.724 [INFO]   [Validating]  maven:out process not stopped, joining thread
13:20:41.725 [INFO]   [Validating]  This can take a couple of minutes.
13:20:41.725 [INFO]   [Validating]  Using default build rules as no custom rules found in any of [/home/jbergqvist/diffblue/terrierteam-FinFlink]
13:20:41.725 [INFO]   [Validating]  Attempting to invoke mvnw in working directory: /home/jbergqvist/diffblue/terrierteam-FinFlink
13:20:41.726 [INFO]   [Validating]  Attempting to invoke /home/jbergqvist/.sdkman/candidates/maven/current/bin/mvn in working directory: /home/jbergqvist/diffblue/terrierteam-FinFlink
13:20:41.727 [INFO]   [Validating]  Started "/home/jbergqvist/.sdkman/candidates/maven/current/bin/mvn -Dmaven.ext.class.path=/opt/cover/cover-buildsystem-maven-spy-jar-with-dependencies.jar -Dcom.diffblue.cover.skipTests=true -DskipTestOptimizer --batch-mode --projects=Infinitech-FinFlink:Infinitech-FinFlink --global-settings=/home/jbergqvist/.sdkman/candidates/maven/current/conf/settings.xml clean test"
13:20:42.512 [INFO]   [Validating]  out: [INFO] Scanning for projects...
13:20:42.554 [INFO]   [Validating]  out: [INFO] 
13:20:42.554 [INFO]   [Validating]  out: [INFO] --------------< Infinitech-FinFlink:Infinitech-FinFlink >---------------
13:20:42.555 [INFO]   [Validating]  out: [INFO] Building Infinitech-FinFlink 0.6
13:20:42.555 [INFO]   [Validating]  out: [INFO]   from pom.xml
13:20:42.555 [INFO]   [Validating]  out: [INFO] --------------------------------[ jar ]---------------------------------
13:20:42.946 [INFO]   [Validating]  deserializing line [DIFFBLUE]{"__type":"com.diffblue.cover.buildsystem.model.DefaultEventMessage","project":"Infinitech-FinFlink:Infinitech-FinFlink","goal":"clean","cause":null,"state":"STARTED"}
13:20:42.948 [INFO]   [Validating]  out: [INFO] 
13:20:42.948 [INFO]   [Validating]  out: [INFO] --- clean:3.2.0:clean (default-clean) @ Infinitech-FinFlink ---
13:20:43.009 [INFO]   [Validating]  out: [INFO] Deleting /home/jbergqvist/diffblue/terrierteam-FinFlink/target
13:20:43.021 [INFO]   [Validating]  deserializing line [DIFFBLUE]{"__type":"com.diffblue.cover.buildsystem.model.DefaultEventMessage","project":"Infinitech-FinFlink:Infinitech-FinFlink","goal":"clean","cause":null,"state":"SUCCESS"}
13:20:43.023 [INFO]   [Validating]  deserializing line [DIFFBLUE]{"__type":"com.diffblue.cover.buildsystem.model.DefaultEventMessage","project":"Infinitech-FinFlink:Infinitech-FinFlink","goal":"resources","cause":null,"state":"STARTED"}
13:20:43.025 [INFO]   [Validating]  out: [INFO] 
13:20:43.025 [INFO]   [Validating]  out: [INFO] --- resources:3.3.1:resources (default-resources) @ Infinitech-FinFlink ---
13:20:43.078 [INFO]   [Validating]  out: [WARNING] Using platform encoding (UTF-8 actually) to copy filtered resources, i.e. build is platform dependent!
13:20:43.078 [INFO]   [Validating]  out: [INFO] skip non existing resourceDirectory /home/jbergqvist/diffblue/terrierteam-FinFlink/resources
13:20:43.079 [INFO]   [Validating]  deserializing line [DIFFBLUE]{"__type":"com.diffblue.cover.buildsystem.model.DefaultEventMessage","project":"Infinitech-FinFlink:Infinitech-FinFlink","goal":"resources","cause":null,"state":"SUCCESS"}
13:20:43.081 [INFO]   [Validating]  deserializing line [DIFFBLUE]{"__type":"com.diffblue.cover.buildsystem.model.DefaultEventMessage","project":"Infinitech-FinFlink:Infinitech-FinFlink","goal":"compile","cause":null,"state":"STARTED"}
13:20:43.083 [INFO]   [Validating]  out: [INFO] 
13:20:43.083 [INFO]   [Validating]  out: [INFO] --- compiler:3.8.1:compile (default-compile) @ Infinitech-FinFlink ---
13:20:43.243 [INFO]   [Validating]  out: [INFO] Changes detected - recompiling the module!
13:20:43.244 [INFO]   [Validating]  out: [WARNING] File encoding has not been set, using platform encoding UTF-8, i.e. build is platform dependent!
13:20:43.246 [INFO]   [Validating]  out: [INFO] Compiling 48 source files to /home/jbergqvist/diffblue/terrierteam-FinFlink/target/classes
13:20:44.108 [INFO]   [Validating]  deserializing line [DIFFBLUE]{"__type":"com.diffblue.cover.buildsystem.model.DefaultEventMessage","project":"Infinitech-FinFlink:Infinitech-FinFlink","goal":"compile","cause":null,"state":"SUCCESS"}
13:20:44.110 [INFO]   [Validating]  deserializing line [DIFFBLUE]{"__type":"com.diffblue.cover.buildsystem.model.DefaultEventMessage","project":"Infinitech-FinFlink:Infinitech-FinFlink","goal":"testResources","cause":null,"state":"STARTED"}
13:20:44.112 [INFO]   [Validating]  out: [INFO] 
13:20:44.112 [INFO]   [Validating]  out: [INFO] --- resources:3.3.1:testResources (default-testResources) @ Infinitech-FinFlink ---
13:20:44.113 [INFO]   [Validating]  out: [WARNING] Using platform encoding (UTF-8 actually) to copy filtered resources, i.e. build is platform dependent!
13:20:44.113 [INFO]   [Validating]  out: [INFO] skip non existing resourceDirectory /home/jbergqvist/diffblue/terrierteam-FinFlink/src/test/resources
13:20:44.115 [INFO]   [Validating]  deserializing line [DIFFBLUE]{"__type":"com.diffblue.cover.buildsystem.model.DefaultEventMessage","project":"Infinitech-FinFlink:Infinitech-FinFlink","goal":"testResources","cause":null,"state":"SUCCESS"}
13:20:44.116 [INFO]   [Validating]  deserializing line [DIFFBLUE]{"__type":"com.diffblue.cover.buildsystem.model.DefaultEventMessage","project":"Infinitech-FinFlink:Infinitech-FinFlink","goal":"testCompile","cause":null,"state":"STARTED"}
13:20:44.118 [INFO]   [Validating]  out: [INFO] 
13:20:44.118 [INFO]   [Validating]  out: [INFO] --- compiler:3.8.1:testCompile (default-testCompile) @ Infinitech-FinFlink ---
13:20:44.123 [INFO]   [Validating]  out: [INFO] Changes detected - recompiling the module!
13:20:44.123 [INFO]   [Validating]  out: [WARNING] File encoding has not been set, using platform encoding UTF-8, i.e. build is platform dependent!
13:20:44.123 [INFO]   [Validating]  out: [INFO] Compiling 42 source files to /home/jbergqvist/diffblue/terrierteam-FinFlink/target/test-classes
13:20:44.625 [INFO]   [Validating]  out: [INFO] /home/jbergqvist/diffblue/terrierteam-FinFlink/src/test/java/eu/infinitech/finflink/transformations/technicalIndicators/TechnicalIndicatorDiffblueTest.java: /home/jbergqvist/diffblue/terrierteam-FinFlink/src/test/java/eu/infinitech/finflink/transformations/technicalIndicators/TechnicalIndicatorDiffblueTest.java uses unchecked or unsafe operations.
13:20:44.626 [INFO]   [Validating]  out: [INFO] /home/jbergqvist/diffblue/terrierteam-FinFlink/src/test/java/eu/infinitech/finflink/transformations/technicalIndicators/TechnicalIndicatorDiffblueTest.java: Recompile with -Xlint:unchecked for details.
13:20:44.627 [INFO]   [Validating]  deserializing line [DIFFBLUE]{"__type":"com.diffblue.cover.buildsystem.model.DefaultEventMessage","project":"Infinitech-FinFlink:Infinitech-FinFlink","goal":"testCompile","cause":null,"state":"SUCCESS"}
13:20:44.629 [INFO]   [Validating]  deserializing line [DIFFBLUE]{"__type":"com.diffblue.cover.buildsystem.model.DefaultEventMessage","project":"Infinitech-FinFlink:Infinitech-FinFlink","goal":"test","cause":null,"state":"STARTED"}
13:20:44.631 [INFO]   [Validating]  out: [INFO] 
13:20:44.631 [INFO]   [Validating]  out: [INFO] --- surefire:3.2.5:test (default-test) @ Infinitech-FinFlink ---
13:20:44.769 [INFO]   [Validating]  out: [INFO] Using auto detected provider org.apache.maven.surefire.junitplatform.JUnitPlatformProvider
13:20:44.801 [INFO]   [Validating]  out: [INFO] 
13:20:44.801 [INFO]   [Validating]  out: [INFO] -------------------------------------------------------
13:20:44.802 [INFO]   [Validating]  out: [INFO]  T E S T S
13:20:44.802 [INFO]   [Validating]  out: [INFO] -------------------------------------------------------
13:20:45.428 [INFO]   [Validating]  out: [INFO] Running eu.infinitech.finflink.structures.TechnicalIndicatorsDiffblueTest
13:20:45.471 [INFO]   [Validating]  out: [INFO] Tests run: 5, Failures: 0, Errors: 0, Skipped: 0, Time elapsed: 0.034 s -- in eu.infinitech.finflink.structures.TechnicalIndicatorsDiffblueTest
13:20:45.472 [INFO]   [Validating]  out: [INFO] Running eu.infinitech.finflink.structures.TradePeriodDiffblueTest
13:20:45.480 [INFO]   [Validating]  out: [INFO] Tests run: 16, Failures: 0, Errors: 0, Skipped: 0, Time elapsed: 0.017 s -- in eu.infinitech.finflink.structures.TradePeriodDiffblueTest
13:20:45.480 [INFO]   [Validating]  out: [INFO] Running eu.infinitech.finflink.structures.TradeDiffblueTest
13:20:45.483 [INFO]   [Validating]  out: [INFO] Tests run: 4, Failures: 0, Errors: 0, Skipped: 0, Time elapsed: 0.002 s -- in eu.infinitech.finflink.structures.TradeDiffblueTest
13:20:45.483 [INFO]   [Validating]  out: [INFO] Running eu.infinitech.finflink.structures.PricePointDiffblueTest
13:20:45.487 [INFO]   [Validating]  out: [INFO] Tests run: 6, Failures: 0, Errors: 0, Skipped: 0, Time elapsed: 0.005 s -- in eu.infinitech.finflink.structures.PricePointDiffblueTest
13:20:45.487 [INFO]   [Validating]  out: [INFO] Running eu.infinitech.finflink.structures.IndicatorRequirementsDiffblueTest
13:20:45.492 [INFO]   [Validating]  out: [INFO] Tests run: 6, Failures: 0, Errors: 0, Skipped: 0, Time elapsed: 0.005 s -- in eu.infinitech.finflink.structures.IndicatorRequirementsDiffblueTest
13:20:45.492 [INFO]   [Validating]  out: [INFO] Running eu.infinitech.finflink.structures.TradingDataAccumulatorDiffblueTest
13:20:45.495 [INFO]   [Validating]  out: [INFO] Tests run: 2, Failures: 0, Errors: 0, Skipped: 0, Time elapsed: 0.001 s -- in eu.infinitech.finflink.structures.TradingDataAccumulatorDiffblueTest
13:20:45.495 [INFO]   [Validating]  out: [INFO] Running eu.infinitech.finflink.structures.StreamCharacteristicsDiffblueTest
13:20:45.499 [INFO]   [Validating]  out: [INFO] Tests run: 6, Failures: 0, Errors: 0, Skipped: 0, Time elapsed: 0.005 s -- in eu.infinitech.finflink.structures.StreamCharacteristicsDiffblueTest
13:20:45.500 [INFO]   [Validating]  out: [INFO] Running eu.infinitech.finflink.structures.InputStreamTypeDiffblueTest
13:20:45.502 [INFO]   [Validating]  out: [INFO] Tests run: 4, Failures: 0, Errors: 0, Skipped: 0, Time elapsed: 0.003 s -- in eu.infinitech.finflink.structures.InputStreamTypeDiffblueTest
13:20:45.503 [INFO]   [Validating]  out: [INFO] Running eu.infinitech.finflink.structures.TechnicalIndicatorDiffblueTest
13:20:45.505 [INFO]   [Validating]  out: [INFO] Tests run: 2, Failures: 0, Errors: 0, Skipped: 0, Time elapsed: 0.001 s -- in eu.infinitech.finflink.structures.TechnicalIndicatorDiffblueTest
13:20:45.505 [INFO]   [Validating]  out: [INFO] Running eu.infinitech.finflink.time.TradingDataTimeAssignerDiffblueTest
13:20:46.164 [INFO]   [Validating]  out: [INFO] Tests run: 2, Failures: 0, Errors: 0, Skipped: 0, Time elapsed: 0.658 s -- in eu.infinitech.finflink.time.TradingDataTimeAssignerDiffblueTest
13:20:46.165 [INFO]   [Validating]  out: [INFO] Running eu.infinitech.finflink.keys.KeyByAssetIDDiffblueTest
13:20:46.176 [INFO]   [Validating]  out: [INFO] Tests run: 1, Failures: 0, Errors: 0, Skipped: 0, Time elapsed: 0.004 s -- in eu.infinitech.finflink.keys.KeyByAssetIDDiffblueTest
13:20:46.177 [INFO]   [Validating]  out: [INFO] Running eu.infinitech.finflink.transformations.data.InputParserDiffblueTest
13:20:46.182 [INFO]   [Validating]  out: [INFO] Tests run: 2, Failures: 0, Errors: 0, Skipped: 0, Time elapsed: 0.011 s -- in eu.infinitech.finflink.transformations.data.InputParserDiffblueTest
13:20:46.182 [INFO]   [Validating]  out: [INFO] Running eu.infinitech.finflink.transformations.data.ToPricePointDiffblueTest
13:20:46.190 [INFO]   [Validating]  out: [INFO] Tests run: 4, Failures: 0, Errors: 0, Skipped: 0, Time elapsed: 0.006 s -- in eu.infinitech.finflink.transformations.data.ToPricePointDiffblueTest
13:20:46.190 [INFO]   [Validating]  out: [INFO] Running eu.infinitech.finflink.transformations.technicalIndicators.TrueRangeDiffblueTest
13:20:46.200 [INFO]   [Validating]  out: [INFO] Tests run: 6, Failures: 0, Errors: 0, Skipped: 0, Time elapsed: 0.009 s -- in eu.infinitech.finflink.transformations.technicalIndicators.TrueRangeDiffblueTest
13:20:46.200 [INFO]   [Validating]  out: [INFO] Running eu.infinitech.finflink.transformations.technicalIndicators.HighPriceDirectionalMomentumDiffblueTest
13:20:46.206 [INFO]   [Validating]  out: [INFO] Tests run: 4, Failures: 0, Errors: 0, Skipped: 0, Time elapsed: 0.005 s -- in eu.infinitech.finflink.transformations.technicalIndicators.HighPriceDirectionalMomentumDiffblueTest
13:20:46.206 [INFO]   [Validating]  out: [INFO] Running eu.infinitech.finflink.transformations.technicalIndicators.MoneyFlowIndexDiffblueTest
13:20:46.223 [INFO]   [Validating]  out: [INFO] Tests run: 6, Failures: 0, Errors: 0, Skipped: 0, Time elapsed: 0.017 s -- in eu.infinitech.finflink.transformations.technicalIndicators.MoneyFlowIndexDiffblueTest
13:20:46.223 [INFO]   [Validating]  out: [INFO] Running eu.infinitech.finflink.transformations.technicalIndicators.AverageTrueRangeDiffblueTest
13:20:46.228 [INFO]   [Validating]  out: [INFO] Tests run: 4, Failures: 0, Errors: 0, Skipped: 0, Time elapsed: 0.006 s -- in eu.infinitech.finflink.transformations.technicalIndicators.AverageTrueRangeDiffblueTest
13:20:46.229 [INFO]   [Validating]  out: [INFO] Running eu.infinitech.finflink.transformations.technicalIndicators.TechnicalIndicatorGeneratorDiffblueTest
13:20:46.237 [INFO]   [Validating]  out: [INFO] Tests run: 6, Failures: 0, Errors: 0, Skipped: 0, Time elapsed: 0.006 s -- in eu.infinitech.finflink.transformations.technicalIndicators.TechnicalIndicatorGeneratorDiffblueTest
13:20:46.237 [INFO]   [Validating]  out: [INFO] Running eu.infinitech.finflink.transformations.technicalIndicators.ReturnsDiffblueTest
13:20:46.241 [INFO]   [Validating]  out: [INFO] Tests run: 5, Failures: 0, Errors: 0, Skipped: 0, Time elapsed: 0.004 s -- in eu.infinitech.finflink.transformations.technicalIndicators.ReturnsDiffblueTest
13:20:46.242 [INFO]   [Validating]  out: [INFO] Running eu.infinitech.finflink.transformations.technicalIndicators.VolatilityDiffblueTest
13:20:46.256 [INFO]   [Validating]  out: [INFO] Tests run: 7, Failures: 0, Errors: 0, Skipped: 0, Time elapsed: 0.013 s -- in eu.infinitech.finflink.transformations.technicalIndicators.VolatilityDiffblueTest
13:20:46.256 [INFO]   [Validating]  out: [INFO] Running eu.infinitech.finflink.transformations.technicalIndicators.UtilsDiffblueTest
13:20:46.280 [INFO]   [Validating]  out: [INFO] Tests run: 28, Failures: 0, Errors: 0, Skipped: 0, Time elapsed: 0.023 s -- in eu.infinitech.finflink.transformations.technicalIndicators.UtilsDiffblueTest
13:20:46.280 [INFO]   [Validating]  out: [INFO] Running eu.infinitech.finflink.transformations.technicalIndicators.LowPriceDirectionalIndexDiffblueTest
13:20:46.283 [INFO]   [Validating]  out: [INFO] Tests run: 4, Failures: 0, Errors: 0, Skipped: 0, Time elapsed: 0.003 s -- in eu.infinitech.finflink.transformations.technicalIndicators.LowPriceDirectionalIndexDiffblueTest
13:20:46.284 [INFO]   [Validating]  out: [INFO] Running eu.infinitech.finflink.transformations.technicalIndicators.RelativeStrengthIndexDiffblueTest
13:20:46.289 [INFO]   [Validating]  out: [INFO] Tests run: 5, Failures: 0, Errors: 0, Skipped: 0, Time elapsed: 0.005 s -- in eu.infinitech.finflink.transformations.technicalIndicators.RelativeStrengthIndexDiffblueTest
13:20:46.289 [INFO]   [Validating]  out: [INFO] Running eu.infinitech.finflink.transformations.technicalIndicators.MomentumDiffblueTest
13:20:46.293 [INFO]   [Validating]  out: [INFO] Tests run: 6, Failures: 0, Errors: 0, Skipped: 0, Time elapsed: 0.005 s -- in eu.infinitech.finflink.transformations.technicalIndicators.MomentumDiffblueTest
13:20:46.294 [INFO]   [Validating]  out: [INFO] Running eu.infinitech.finflink.transformations.technicalIndicators.OnBalanceVolumeIndicatorDiffblueTest
13:20:46.299 [INFO]   [Validating]  out: [INFO] Tests run: 6, Failures: 0, Errors: 0, Skipped: 0, Time elapsed: 0.005 s -- in eu.infinitech.finflink.transformations.technicalIndicators.OnBalanceVolumeIndicatorDiffblueTest
13:20:46.300 [INFO]   [Validating]  out: [INFO] Running eu.infinitech.finflink.transformations.technicalIndicators.VortexMinusDiffblueTest
13:20:46.305 [INFO]   [Validating]  out: [INFO] Tests run: 4, Failures: 0, Errors: 0, Skipped: 0, Time elapsed: 0.005 s -- in eu.infinitech.finflink.transformations.technicalIndicators.VortexMinusDiffblueTest
13:20:46.305 [INFO]   [Validating]  out: [INFO] Running eu.infinitech.finflink.transformations.technicalIndicators.ForceIndexDiffblueTest
13:20:46.308 [INFO]   [Validating]  out: [INFO] Tests run: 4, Failures: 0, Errors: 0, Skipped: 0, Time elapsed: 0.003 s -- in eu.infinitech.finflink.transformations.technicalIndicators.ForceIndexDiffblueTest
13:20:46.308 [INFO]   [Validating]  out: [INFO] Running eu.infinitech.finflink.transformations.technicalIndicators.VortexPlusDiffblueTest
13:20:46.313 [INFO]   [Validating]  out: [INFO] Tests run: 4, Failures: 0, Errors: 0, Skipped: 0, Time elapsed: 0.004 s -- in eu.infinitech.finflink.transformations.technicalIndicators.VortexPlusDiffblueTest
13:20:46.313 [INFO]   [Validating]  out: [INFO] Running eu.infinitech.finflink.transformations.technicalIndicators.LogReturnsDiffblueTest
13:20:46.317 [INFO]   [Validating]  out: [INFO] Tests run: 6, Failures: 0, Errors: 0, Skipped: 0, Time elapsed: 0.004 s -- in eu.infinitech.finflink.transformations.technicalIndicators.LogReturnsDiffblueTest
13:20:46.317 [INFO]   [Validating]  out: [INFO] Running eu.infinitech.finflink.transformations.technicalIndicators.HighPriceDirectionalIndexDiffblueTest
13:20:46.320 [INFO]   [Validating]  out: [INFO] Tests run: 4, Failures: 0, Errors: 0, Skipped: 0, Time elapsed: 0.002 s -- in eu.infinitech.finflink.transformations.technicalIndicators.HighPriceDirectionalIndexDiffblueTest
13:20:46.321 [INFO]   [Validating]  out: [INFO] Running eu.infinitech.finflink.transformations.technicalIndicators.TechnicalIndicatorPipelineDiffblueTest
13:20:46.342 [INFO]   [Validating]  out: [INFO] Tests run: 9, Failures: 0, Errors: 0, Skipped: 0, Time elapsed: 0.021 s -- in eu.infinitech.finflink.transformations.technicalIndicators.TechnicalIndicatorPipelineDiffblueTest
13:20:46.343 [INFO]   [Validating]  out: [INFO] Running eu.infinitech.finflink.transformations.technicalIndicators.LowPriceDirectionalMomentumDiffblueTest
13:20:46.345 [INFO]   [Validating]  out: [INFO] Tests run: 4, Failures: 0, Errors: 0, Skipped: 0, Time elapsed: 0.002 s -- in eu.infinitech.finflink.transformations.technicalIndicators.LowPriceDirectionalMomentumDiffblueTest
13:20:46.345 [INFO]   [Validating]  out: [INFO] Running eu.infinitech.finflink.transformations.technicalIndicators.DirectionalIndexDiffblueTest
13:20:46.350 [INFO]   [Validating]  out: [INFO] Tests run: 9, Failures: 0, Errors: 0, Skipped: 0, Time elapsed: 0.004 s -- in eu.infinitech.finflink.transformations.technicalIndicators.DirectionalIndexDiffblueTest
13:20:46.350 [INFO]   [Validating]  out: [INFO] Running eu.infinitech.finflink.transformations.technicalIndicators.AccumulationDistributionIndexDiffblueTest
13:20:46.354 [INFO]   [Validating]  out: [INFO] Tests run: 5, Failures: 0, Errors: 0, Skipped: 0, Time elapsed: 0.004 s -- in eu.infinitech.finflink.transformations.technicalIndicators.AccumulationDistributionIndexDiffblueTest
13:20:46.354 [INFO]   [Validating]  out: [INFO] Running eu.infinitech.finflink.transformations.technicalIndicators.AverageDirectionalIndexDiffblueTest
13:20:46.356 [INFO]   [Validating]  out: [INFO] Tests run: 5, Failures: 0, Errors: 0, Skipped: 0, Time elapsed: 0.003 s -- in eu.infinitech.finflink.transformations.technicalIndicators.AverageDirectionalIndexDiffblueTest
13:20:46.357 [INFO]   [Validating]  out: [INFO] Running eu.infinitech.finflink.transformations.technicalIndicators.MovingAverageConvergenceDivergenceDiffblueTest
13:20:46.361 [INFO]   [Validating]  out: [INFO] Tests run: 5, Failures: 0, Errors: 0, Skipped: 0, Time elapsed: 0.004 s -- in eu.infinitech.finflink.transformations.technicalIndicators.MovingAverageConvergenceDivergenceDiffblueTest
13:20:46.361 [INFO]   [Validating]  out: [INFO] Running eu.infinitech.finflink.transformations.technicalIndicators.CommodityChannelIndexDiffblueTest
13:20:46.365 [INFO]   [Validating]  out: [INFO] Tests run: 5, Failures: 0, Errors: 0, Skipped: 0, Time elapsed: 0.004 s -- in eu.infinitech.finflink.transformations.technicalIndicators.CommodityChannelIndexDiffblueTest
13:20:46.365 [INFO]   [Validating]  out: [INFO] Running eu.infinitech.finflink.transformations.technicalIndicators.PeriodEndDiffblueTest
13:20:46.368 [INFO]   [Validating]  out: [INFO] Tests run: 3, Failures: 0, Errors: 0, Skipped: 0, Time elapsed: 0.003 s -- in eu.infinitech.finflink.transformations.technicalIndicators.PeriodEndDiffblueTest
13:20:46.368 [INFO]   [Validating]  out: [INFO] Running eu.infinitech.finflink.transformations.technicalIndicators.DetrendedCloseOscillatorDiffblueTest
13:20:46.372 [INFO]   [Validating]  out: [INFO] Tests run: 5, Failures: 0, Errors: 0, Skipped: 0, Time elapsed: 0.004 s -- in eu.infinitech.finflink.transformations.technicalIndicators.DetrendedCloseOscillatorDiffblueTest
13:20:46.373 [INFO]   [Validating]  out: [INFO] Running eu.infinitech.finflink.transformations.technicalIndicators.TechnicalIndicatorDiffblueTest
13:20:46.436 [INFO]   [Validating]  out: [INFO] Tests run: 6, Failures: 0, Errors: 0, Skipped: 0, Time elapsed: 0.063 s -- in eu.infinitech.finflink.transformations.technicalIndicators.TechnicalIndicatorDiffblueTest
13:20:46.437 [INFO]   [Validating]  out: [INFO] Running eu.infinitech.finflink.util.TradePeriodsGeneratorDiffblueTest
13:20:46.439 [INFO]   [Validating]  out: [INFO] Tests run: 3, Failures: 0, Errors: 0, Skipped: 0, Time elapsed: 0.001 s -- in eu.infinitech.finflink.util.TradePeriodsGeneratorDiffblueTest
13:20:46.439 [INFO]   [Validating]  out: [INFO] Running eu.infinitech.finflink.sinks.QuestDBSinkDiffblueTest
13:20:46.441 [INFO]   [Validating]  out: [INFO] Tests run: 4, Failures: 0, Errors: 0, Skipped: 0, Time elapsed: 0.003 s -- in eu.infinitech.finflink.sinks.QuestDBSinkDiffblueTest
13:20:46.476 [INFO]   [Validating]  out: [INFO] 
13:20:46.477 [INFO]   [Validating]  out: [INFO] Results:
13:20:46.477 [INFO]   [Validating]  out: [INFO] 
13:20:46.477 [INFO]   [Validating]  out: [INFO] Tests run: 232, Failures: 0, Errors: 0, Skipped: 0
13:20:46.477 [INFO]   [Validating]  out: [INFO] 
13:20:46.480 [INFO]   [Validating]  deserializing line [DIFFBLUE]{"__type":"com.diffblue.cover.buildsystem.model.DefaultEventMessage","project":"Infinitech-FinFlink:Infinitech-FinFlink","goal":"test","cause":null,"state":"SUCCESS"}
13:20:46.504 [INFO]   [Validating]  deserializing line [DIFFBLUE]{"__type":"com.diffblue.cover.buildsystem.model.DefaultProjectModuleMessage","project":{"__type":"DefaultProjectModule","junitReport":["/home/jbergqvist/diffblue/terrierteam-FinFlink/target/surefire-reports"],"jacocoReport":["/home/jbergqvist/diffblue/terrierteam-FinFlink/target/site/jacoco/jacoco.xml"],"jacocoDestFile":["/home/jbergqvist/diffblue/terrierteam-FinFlink/target/jacoco.exec"],"jacocoFormats":["xml"],"jacocoSkipped":false,"classpath":["/home/jbergqvist/diffblue/terrierteam-FinFlink/target/classes","/home/jbergqvist/.m2/repository/org/apache/flink/flink-streaming-java_2.12/1.14.4/flink-streaming-java_2.12-1.14.4.jar","/home/jbergqvist/.m2/repository/org/apache/flink/flink-core/1.14.4/flink-core-1.14.4.jar","/home/jbergqvist/.m2/repository/org/apache/flink/flink-annotations/1.14.4/flink-annotations-1.14.4.jar","/home/jbergqvist/.m2/repository/org/apache/flink/flink-metrics-core/1.14.4/flink-metrics-core-1.14.4.jar","/home/jbergqvist/.m2/repository/org/apache/flink/flink-shaded-asm-7/7.1-14.0/flink-shaded-asm-7-7.1-14.0.jar","/home/jbergqvist/.m2/repository/org/apache/commons/commons-lang3/3.3.2/commons-lang3-3.3.2.jar","/home/jbergqvist/.m2/repository/com/esotericsoftware/kryo/kryo/2.24.0/kryo-2.24.0.jar","/home/jbergqvist/.m2/repository/com/esotericsoftware/minlog/minlog/1.2/minlog-1.2.jar","/home/jbergqvist/.m2/repository/commons-collections/commons-collections/3.2.2/commons-collections-3.2.2.jar","/home/jbergqvist/.m2/repository/org/apache/commons/commons-compress/1.21/commons-compress-1.21.jar","/home/jbergqvist/.m2/repository/org/apache/flink/flink-file-sink-common/1.14.4/flink-file-sink-common-1.14.4.jar","/home/jbergqvist/.m2/repository/org/apache/flink/flink-runtime/1.14.4/flink-runtime-1.14.4.jar","/home/jbergqvist/.m2/repository/org/apache/flink/flink-rpc-core/1.14.4/flink-rpc-core-1.14.4.jar","/home/jbergqvist/.m2/repository/org/apache/flink/flink-rpc-akka-loader/1.14.4/flink-rpc-akka-loader-1.14.4.jar","/home/jbergqvist/.m2/repository/org/apache/flink/flink-queryable-state-client-java/1.14.4/flink-queryable-state-client-java-1.14.4.jar","/home/jbergqvist/.m2/repository/org/apache/flink/flink-hadoop-fs/1.14.4/flink-hadoop-fs-1.14.4.jar","/home/jbergqvist/.m2/repository/commons-io/commons-io/2.8.0/commons-io-2.8.0.jar","/home/jbergqvist/.m2/repository/org/apache/flink/flink-shaded-netty/4.1.65.Final-14.0/flink-shaded-netty-4.1.65.Final-14.0.jar","/home/jbergqvist/.m2/repository/org/apache/flink/flink-shaded-jackson/2.12.4-14.0/flink-shaded-jackson-2.12.4-14.0.jar","/home/jbergqvist/.m2/repository/org/apache/flink/flink-shaded-zookeeper-3/3.4.14-14.0/flink-shaded-zookeeper-3-3.4.14-14.0.jar","/home/jbergqvist/.m2/repository/org/javassist/javassist/3.24.0-GA/javassist-3.24.0-GA.jar","/home/jbergqvist/.m2/repository/org/xerial/snappy/snappy-java/1.1.8.3/snappy-java-1.1.8.3.jar","/home/jbergqvist/.m2/repository/org/lz4/lz4-java/1.8.0/lz4-java-1.8.0.jar","/home/jbergqvist/.m2/repository/org/apache/flink/flink-scala_2.12/1.14.4/flink-scala_2.12-1.14.4.jar","/home/jbergqvist/.m2/repository/org/scala-lang/scala-reflect/2.12.7/scala-reflect-2.12.7.jar","/home/jbergqvist/.m2/repository/org/scala-lang/scala-library/2.12.7/scala-library-2.12.7.jar","/home/jbergqvist/.m2/repository/org/scala-lang/scala-compiler/2.12.7/scala-compiler-2.12.7.jar","/home/jbergqvist/.m2/repository/org/scala-lang/modules/scala-xml_2.12/1.0.6/scala-xml_2.12-1.0.6.jar","/home/jbergqvist/.m2/repository/com/twitter/chill_2.12/0.7.6/chill_2.12-0.7.6.jar","/home/jbergqvist/.m2/repository/com/twitter/chill-java/0.7.6/chill-java-0.7.6.jar","/home/jbergqvist/.m2/repository/org/apache/flink/flink-java/1.14.4/flink-java-1.14.4.jar","/home/jbergqvist/.m2/repository/org/apache/flink/flink-shaded-guava/30.1.1-jre-14.0/flink-shaded-guava-30.1.1-jre-14.0.jar","/home/jbergqvist/.m2/repository/org/apache/commons/commons-math3/3.5/commons-math3-3.5.jar","/home/jbergqvist/.m2/repository/org/slf4j/slf4j-api/1.7.15/slf4j-api-1.7.15.jar","/home/jbergqvist/.m2/repository/com/google/code/findbugs/jsr305/1.3.9/jsr305-1.3.9.jar","/home/jbergqvist/.m2/repository/org/apache/flink/flink-shaded-force-shading/14.0/flink-shaded-force-shading-14.0.jar","/home/jbergqvist/.m2/repository/org/junit/jupiter/junit-jupiter-engine/5.13.4/junit-jupiter-engine-5.13.4.jar","/home/jbergqvist/.m2/repository/org/junit/platform/junit-platform-engine/1.13.4/junit-platform-engine-1.13.4.jar","/home/jbergqvist/.m2/repository/org/opentest4j/opentest4j/1.3.0/opentest4j-1.3.0.jar","/home/jbergqvist/.m2/repository/org/junit/platform/junit-platform-commons/1.13.4/junit-platform-commons-1.13.4.jar","/home/jbergqvist/.m2/repository/org/junit/jupiter/junit-jupiter-api/5.13.4/junit-jupiter-api-5.13.4.jar","/home/jbergqvist/.m2/repository/org/apiguardian/apiguardian-api/1.1.2/apiguardian-api-1.1.2.jar","/home/jbergqvist/.m2/repository/org/mockito/mockito-core/5.20.0/mockito-core-5.20.0.jar","/home/jbergqvist/.m2/repository/net/bytebuddy/byte-buddy/1.17.7/byte-buddy-1.17.7.jar","/home/jbergqvist/.m2/repository/net/bytebuddy/byte-buddy-agent/1.17.7/byte-buddy-agent-1.17.7.jar","/home/jbergqvist/.m2/repository/org/objenesis/objenesis/3.3/objenesis-3.3.jar","/home/jbergqvist/.m2/repository/org/mockito/mockito-junit-jupiter/5.20.0/mockito-junit-jupiter-5.20.0.jar","/home/jbergqvist/.m2/repository/org/apache/flink/flink-clients_2.12/1.14.4/flink-clients_2.12-1.14.4.jar","/home/jbergqvist/.m2/repository/org/apache/flink/flink-optimizer/1.14.4/flink-optimizer-1.14.4.jar","/home/jbergqvist/.m2/repository/commons-cli/commons-cli/1.3.1/commons-cli-1.3.1.jar","/home/jbergqvist/.m2/repository/org/apache/flink/flink-connector-kafka_2.11/1.14.4/flink-connector-kafka_2.11-1.14.4.jar","/home/jbergqvist/.m2/repository/org/apache/flink/flink-connector-base/1.14.4/flink-connector-base-1.14.4.jar","/home/jbergqvist/.m2/repository/org/apache/kafka/kafka-clients/2.4.1/kafka-clients-2.4.1.jar","/home/jbergqvist/.m2/repository/com/github/luben/zstd-jni/1.4.3-1/zstd-jni-1.4.3-1.jar","/home/jbergqvist/.m2/repository/com/google/guava/guava/31.1-jre/guava-31.1-jre.jar","/home/jbergqvist/.m2/repository/com/google/guava/failureaccess/1.0.1/failureaccess-1.0.1.jar","/home/jbergqvist/.m2/repository/com/google/guava/listenablefuture/9999.0-empty-to-avoid-conflict-with-guava/listenablefuture-9999.0-empty-to-avoid-conflict-with-guava.jar","/home/jbergqvist/.m2/repository/org/checkerframework/checker-qual/3.12.0/checker-qual-3.12.0.jar","/home/jbergqvist/.m2/repository/com/google/errorprone/error_prone_annotations/2.11.0/error_prone_annotations-2.11.0.jar","/home/jbergqvist/.m2/repository/com/google/j2objc/j2objc-annotations/1.3/j2objc-annotations-1.3.jar","/home/jbergqvist/.m2/repository/org/questdb/questdb/6.4.3/questdb-6.4.3.jar","/home/jbergqvist/.m2/repository/com/diffblue/cover/cover-annotations/1.8.0/cover-annotations-1.8.0.jar"],"complianceLevel":"11","productionSources":["/home/jbergqvist/diffblue/terrierteam-FinFlink/src/main/java"],"testSources":["/home/jbergqvist/diffblue/terrierteam-FinFlink/src/test/java"],"productionClasses":"/home/jbergqvist/diffblue/terrierteam-FinFlink/target/classes","testClasses":"/home/jbergqvist/diffblue/terrierteam-FinFlink/target/test-classes","sourceToBuildPathMap":null,"testSourceToBuildPathMap":null,"buildDirectory":"/home/jbergqvist/diffblue/terrierteam-FinFlink/target","plugins":[{"__type":"DefaultPlugin","groupId":"org.apache.maven.plugins","artefactId":"maven-compiler-plugin","version":"3.8.1","pluginClassName":null},{"__type":"DefaultPlugin","groupId":"org.apache.maven.plugins","artefactId":"maven-shade-plugin","version":"3.1.1","pluginClassName":null},{"__type":"DefaultPlugin","groupId":"org.apache.maven.plugins","artefactId":"maven-clean-plugin","version":"3.2.0","pluginClassName":null},{"__type":"DefaultPlugin","groupId":"org.apache.maven.plugins","artefactId":"maven-resources-plugin","version":"3.3.1","pluginClassName":null},{"__type":"DefaultPlugin","groupId":"org.apache.maven.plugins","artefactId":"maven-jar-plugin","version":"3.4.1","pluginClassName":null},{"__type":"DefaultPlugin","groupId":"org.apache.maven.plugins","artefactId":"maven-surefire-plugin","version":"3.2.5","pluginClassName":null},{"__type":"DefaultPlugin","groupId":"org.apache.maven.plugins","artefactId":"maven-install-plugin","version":"3.1.2","pluginClassName":null},{"__type":"DefaultPlugin","groupId":"org.apache.maven.plugins","artefactId":"maven-deploy-plugin","version":"3.1.2","pluginClassName":null},{"__type":"DefaultPlugin","groupId":"org.apache.maven.plugins","artefactId":"maven-site-plugin","version":"3.12.1","pluginClassName":null}],"version":"3.9.12","encoding":null,"name":"maven","subModules":[],"simpleModuleName":null,"parentModuleName":null,"location":"/home/jbergqvist/diffblue/terrierteam-FinFlink","fullModuleName":"Infinitech-FinFlink:Infinitech-FinFlink"}}
13:20:46.508 [INFO]   [Validating]  out: [INFO] ------------------------------------------------------------------------
13:20:46.508 [INFO]   [Validating]  out: [INFO] BUILD SUCCESS
13:20:46.508 [INFO]   [Validating]  out: [INFO] ------------------------------------------------------------------------
13:20:46.508 [INFO]   [Validating]  out: [INFO] Total time:  4.008 s
13:20:46.508 [INFO]   [Validating]  out: [INFO] Finished at: 2026-01-12T13:20:46Z
13:20:46.508 [INFO]   [Validating]  out: [INFO] ------------------------------------------------------------------------
13:20:46.508 [INFO]   [Validating]  deserializing line [DIFFBLUE]{"__type":"com.diffblue.cover.buildsystem.model.ProjectInfoMessage","projectName":"Infinitech-FinFlink:Infinitech-FinFlink","productionSources":["/home/jbergqvist/diffblue/terrierteam-FinFlink/src/main/java","/home/jbergqvist/diffblue/terrierteam-FinFlink/target/generated-sources/annotations"],"testSources":["/home/jbergqvist/diffblue/terrierteam-FinFlink/src/test/java","/home/jbergqvist/diffblue/terrierteam-FinFlink/target/generated-test-sources/test-annotations"],"location":"/home/jbergqvist/diffblue/terrierteam-FinFlink"}
13:20:46.558 [INFO]   [Validating]  maven:err process not stopped, joining thread
13:20:46.559 [INFO]   [Validating]  maven:out process not stopped, joining thread
13:20:46.751 [INFO]   [Validating]  All 232 created tests were successfully validated.
13:20:46.770 [INFO]   [Measuring]   Calculating coverage from Diffblue tests.
13:20:46.773 [INFO]   [Measuring]   Using default build rules as no custom rules found in any of [/home/jbergqvist/diffblue/terrierteam-FinFlink]
13:20:46.773 [INFO]   [Measuring]   Using default build rules as no custom rules found in any of [/home/jbergqvist/diffblue/terrierteam-FinFlink]
13:20:46.774 [INFO]   [Measuring]   Attempting to invoke mvnw in working directory: /home/jbergqvist/diffblue/terrierteam-FinFlink
13:20:46.774 [INFO]   [Measuring]   Attempting to invoke /home/jbergqvist/.sdkman/candidates/maven/current/bin/mvn in working directory: /home/jbergqvist/diffblue/terrierteam-FinFlink
13:20:46.775 [INFO]   [Measuring]   Started "/home/jbergqvist/.sdkman/candidates/maven/current/bin/mvn -Dmaven.ext.class.path=/opt/cover/cover-buildsystem-maven-spy-jar-with-dependencies.jar -Dcom.diffblue.cover.skipTests=true -DskipTestOptimizer --batch-mode --projects=Infinitech-FinFlink:Infinitech-FinFlink --global-settings=/home/jbergqvist/.sdkman/candidates/maven/current/conf/settings.xml org.jacoco:jacoco-maven-plugin:0.8.11:prepare-agent -Djacoco.skip=false test -DfailIfNoTests=false -Dsurefire.failIfNoSpecifiedTests=false -Dmaven.test.failure.ignore=True -Dtest=*DiffblueTest org.jacoco:jacoco-maven-plugin:0.8.11:report -Djacoco.skip=false"
13:20:47.573 [INFO]   [Measuring]   out: [INFO] Scanning for projects...
13:20:47.651 [INFO]   [Measuring]   out: [INFO] 
13:20:47.651 [INFO]   [Measuring]   out: [INFO] --------------< Infinitech-FinFlink:Infinitech-FinFlink >---------------
13:20:47.651 [INFO]   [Measuring]   out: [INFO] Building Infinitech-FinFlink 0.6
13:20:47.651 [INFO]   [Measuring]   out: [INFO]   from pom.xml
13:20:47.651 [INFO]   [Measuring]   out: [INFO] --------------------------------[ jar ]---------------------------------
13:20:47.973 [INFO]   [Measuring]   deserializing line [DIFFBLUE]{"__type":"com.diffblue.cover.buildsystem.model.DefaultEventMessage","project":"Infinitech-FinFlink:Infinitech-FinFlink","goal":"prepare-agent","cause":null,"state":"STARTED"}
13:20:47.974 [INFO]   [Measuring]   out: [INFO] 
13:20:47.974 [INFO]   [Measuring]   out: [INFO] --- jacoco:0.8.11:prepare-agent (default-cli) @ Infinitech-FinFlink ---
13:20:48.050 [INFO]   [Measuring]   out: [INFO] argLine set to -javaagent:/home/jbergqvist/.m2/repository/org/jacoco/org.jacoco.agent/0.8.11/org.jacoco.agent-0.8.11-runtime.jar=destfile=/home/jbergqvist/diffblue/terrierteam-FinFlink/target/jacoco.exec
13:20:48.052 [INFO]   [Measuring]   deserializing line [DIFFBLUE]{"__type":"com.diffblue.cover.buildsystem.model.DefaultEventMessage","project":"Infinitech-FinFlink:Infinitech-FinFlink","goal":"prepare-agent","cause":null,"state":"SUCCESS"}
13:20:48.053 [INFO]   [Measuring]   deserializing line [DIFFBLUE]{"__type":"com.diffblue.cover.buildsystem.model.DefaultEventMessage","project":"Infinitech-FinFlink:Infinitech-FinFlink","goal":"resources","cause":null,"state":"STARTED"}
13:20:48.055 [INFO]   [Measuring]   out: [INFO] 
13:20:48.055 [INFO]   [Measuring]   out: [INFO] --- resources:3.3.1:resources (default-resources) @ Infinitech-FinFlink ---
13:20:48.097 [INFO]   [Measuring]   out: [WARNING] Using platform encoding (UTF-8 actually) to copy filtered resources, i.e. build is platform dependent!
13:20:48.097 [INFO]   [Measuring]   out: [INFO] skip non existing resourceDirectory /home/jbergqvist/diffblue/terrierteam-FinFlink/resources
13:20:48.099 [INFO]   [Measuring]   deserializing line [DIFFBLUE]{"__type":"com.diffblue.cover.buildsystem.model.DefaultEventMessage","project":"Infinitech-FinFlink:Infinitech-FinFlink","goal":"resources","cause":null,"state":"SUCCESS"}
13:20:48.100 [INFO]   [Measuring]   deserializing line [DIFFBLUE]{"__type":"com.diffblue.cover.buildsystem.model.DefaultEventMessage","project":"Infinitech-FinFlink:Infinitech-FinFlink","goal":"compile","cause":null,"state":"STARTED"}
13:20:48.101 [INFO]   [Measuring]   out: [INFO] 
13:20:48.101 [INFO]   [Measuring]   out: [INFO] --- compiler:3.8.1:compile (default-compile) @ Infinitech-FinFlink ---
13:20:48.255 [INFO]   [Measuring]   out: [INFO] Nothing to compile - all classes are up to date
13:20:48.256 [INFO]   [Measuring]   deserializing line [DIFFBLUE]{"__type":"com.diffblue.cover.buildsystem.model.DefaultEventMessage","project":"Infinitech-FinFlink:Infinitech-FinFlink","goal":"compile","cause":null,"state":"SUCCESS"}
13:20:48.258 [INFO]   [Measuring]   deserializing line [DIFFBLUE]{"__type":"com.diffblue.cover.buildsystem.model.DefaultEventMessage","project":"Infinitech-FinFlink:Infinitech-FinFlink","goal":"testResources","cause":null,"state":"STARTED"}
13:20:48.260 [INFO]   [Measuring]   out: [INFO] 
13:20:48.260 [INFO]   [Measuring]   out: [INFO] --- resources:3.3.1:testResources (default-testResources) @ Infinitech-FinFlink ---
13:20:48.260 [INFO]   [Measuring]   out: [WARNING] Using platform encoding (UTF-8 actually) to copy filtered resources, i.e. build is platform dependent!
13:20:48.260 [INFO]   [Measuring]   out: [INFO] skip non existing resourceDirectory /home/jbergqvist/diffblue/terrierteam-FinFlink/src/test/resources
13:20:48.261 [INFO]   [Measuring]   deserializing line [DIFFBLUE]{"__type":"com.diffblue.cover.buildsystem.model.DefaultEventMessage","project":"Infinitech-FinFlink:Infinitech-FinFlink","goal":"testResources","cause":null,"state":"SUCCESS"}
13:20:48.262 [INFO]   [Measuring]   deserializing line [DIFFBLUE]{"__type":"com.diffblue.cover.buildsystem.model.DefaultEventMessage","project":"Infinitech-FinFlink:Infinitech-FinFlink","goal":"testCompile","cause":null,"state":"STARTED"}
13:20:48.263 [INFO]   [Measuring]   out: [INFO] 
13:20:48.264 [INFO]   [Measuring]   out: [INFO] --- compiler:3.8.1:testCompile (default-testCompile) @ Infinitech-FinFlink ---
13:20:48.271 [INFO]   [Measuring]   out: [INFO] Nothing to compile - all classes are up to date
13:20:48.273 [INFO]   [Measuring]   deserializing line [DIFFBLUE]{"__type":"com.diffblue.cover.buildsystem.model.DefaultEventMessage","project":"Infinitech-FinFlink:Infinitech-FinFlink","goal":"testCompile","cause":null,"state":"SUCCESS"}
13:20:48.275 [INFO]   [Measuring]   deserializing line [DIFFBLUE]{"__type":"com.diffblue.cover.buildsystem.model.DefaultEventMessage","project":"Infinitech-FinFlink:Infinitech-FinFlink","goal":"test","cause":null,"state":"STARTED"}
13:20:48.276 [INFO]   [Measuring]   out: [INFO] 
13:20:48.276 [INFO]   [Measuring]   out: [INFO] --- surefire:3.2.5:test (default-test) @ Infinitech-FinFlink ---
13:20:48.390 [INFO]   [Measuring]   out: [INFO] Using auto detected provider org.apache.maven.surefire.junitplatform.JUnitPlatformProvider
13:20:48.419 [INFO]   [Measuring]   out: [INFO] 
13:20:48.419 [INFO]   [Measuring]   out: [INFO] -------------------------------------------------------
13:20:48.419 [INFO]   [Measuring]   out: [INFO]  T E S T S
13:20:48.419 [INFO]   [Measuring]   out: [INFO] -------------------------------------------------------
13:20:49.265 [INFO]   [Measuring]   out: [INFO] Running eu.infinitech.finflink.structures.TechnicalIndicatorsDiffblueTest
13:20:49.343 [INFO]   [Measuring]   out: [INFO] Tests run: 5, Failures: 0, Errors: 0, Skipped: 0, Time elapsed: 0.044 s -- in eu.infinitech.finflink.structures.TechnicalIndicatorsDiffblueTest
13:20:49.343 [INFO]   [Measuring]   out: [INFO] Running eu.infinitech.finflink.structures.TradePeriodDiffblueTest
13:20:49.349 [INFO]   [Measuring]   out: [INFO] Tests run: 16, Failures: 0, Errors: 0, Skipped: 0, Time elapsed: 0.022 s -- in eu.infinitech.finflink.structures.TradePeriodDiffblueTest
13:20:49.349 [INFO]   [Measuring]   out: [INFO] Running eu.infinitech.finflink.structures.TradeDiffblueTest
13:20:49.351 [INFO]   [Measuring]   out: [INFO] Tests run: 4, Failures: 0, Errors: 0, Skipped: 0, Time elapsed: 0.006 s -- in eu.infinitech.finflink.structures.TradeDiffblueTest
13:20:49.351 [INFO]   [Measuring]   out: [INFO] Running eu.infinitech.finflink.structures.PricePointDiffblueTest
13:20:49.354 [INFO]   [Measuring]   out: [INFO] Tests run: 6, Failures: 0, Errors: 0, Skipped: 0, Time elapsed: 0.007 s -- in eu.infinitech.finflink.structures.PricePointDiffblueTest
13:20:49.355 [INFO]   [Measuring]   out: [INFO] Running eu.infinitech.finflink.structures.IndicatorRequirementsDiffblueTest
13:20:49.357 [INFO]   [Measuring]   out: [INFO] Tests run: 6, Failures: 0, Errors: 0, Skipped: 0, Time elapsed: 0.005 s -- in eu.infinitech.finflink.structures.IndicatorRequirementsDiffblueTest
13:20:49.357 [INFO]   [Measuring]   out: [INFO] Running eu.infinitech.finflink.structures.TradingDataAccumulatorDiffblueTest
13:20:49.359 [INFO]   [Measuring]   out: [INFO] Tests run: 2, Failures: 0, Errors: 0, Skipped: 0, Time elapsed: 0.002 s -- in eu.infinitech.finflink.structures.TradingDataAccumulatorDiffblueTest
13:20:49.359 [INFO]   [Measuring]   out: [INFO] Running eu.infinitech.finflink.structures.StreamCharacteristicsDiffblueTest
13:20:49.366 [INFO]   [Measuring]   out: [INFO] Tests run: 6, Failures: 0, Errors: 0, Skipped: 0, Time elapsed: 0.008 s -- in eu.infinitech.finflink.structures.StreamCharacteristicsDiffblueTest
13:20:49.366 [INFO]   [Measuring]   out: [INFO] Running eu.infinitech.finflink.structures.InputStreamTypeDiffblueTest
13:20:49.371 [INFO]   [Measuring]   out: [INFO] Tests run: 4, Failures: 0, Errors: 0, Skipped: 0, Time elapsed: 0.004 s -- in eu.infinitech.finflink.structures.InputStreamTypeDiffblueTest
13:20:49.371 [INFO]   [Measuring]   out: [INFO] Running eu.infinitech.finflink.structures.TechnicalIndicatorDiffblueTest
13:20:49.373 [INFO]   [Measuring]   out: [INFO] Tests run: 2, Failures: 0, Errors: 0, Skipped: 0, Time elapsed: 0.002 s -- in eu.infinitech.finflink.structures.TechnicalIndicatorDiffblueTest
13:20:49.373 [INFO]   [Measuring]   out: [INFO] Running eu.infinitech.finflink.time.TradingDataTimeAssignerDiffblueTest
13:20:50.276 [INFO]   [Measuring]   out: [INFO] Tests run: 2, Failures: 0, Errors: 0, Skipped: 0, Time elapsed: 0.896 s -- in eu.infinitech.finflink.time.TradingDataTimeAssignerDiffblueTest
13:20:50.277 [INFO]   [Measuring]   out: [INFO] Running eu.infinitech.finflink.keys.KeyByAssetIDDiffblueTest
13:20:50.278 [INFO]   [Measuring]   out: [INFO] Tests run: 1, Failures: 0, Errors: 0, Skipped: 0, Time elapsed: 0.004 s -- in eu.infinitech.finflink.keys.KeyByAssetIDDiffblueTest
13:20:50.278 [INFO]   [Measuring]   out: [INFO] Running eu.infinitech.finflink.transformations.data.InputParserDiffblueTest
13:20:50.284 [INFO]   [Measuring]   out: [INFO] Tests run: 2, Failures: 0, Errors: 0, Skipped: 0, Time elapsed: 0.007 s -- in eu.infinitech.finflink.transformations.data.InputParserDiffblueTest
13:20:50.285 [INFO]   [Measuring]   out: [INFO] Running eu.infinitech.finflink.transformations.data.ToPricePointDiffblueTest
13:20:50.291 [INFO]   [Measuring]   out: [INFO] Tests run: 4, Failures: 0, Errors: 0, Skipped: 0, Time elapsed: 0.005 s -- in eu.infinitech.finflink.transformations.data.ToPricePointDiffblueTest
13:20:50.292 [INFO]   [Measuring]   out: [INFO] Running eu.infinitech.finflink.transformations.technicalIndicators.TrueRangeDiffblueTest
13:20:50.300 [INFO]   [Measuring]   out: [INFO] Tests run: 6, Failures: 0, Errors: 0, Skipped: 0, Time elapsed: 0.008 s -- in eu.infinitech.finflink.transformations.technicalIndicators.TrueRangeDiffblueTest
13:20:50.300 [INFO]   [Measuring]   out: [INFO] Running eu.infinitech.finflink.transformations.technicalIndicators.HighPriceDirectionalMomentumDiffblueTest
13:20:50.306 [INFO]   [Measuring]   out: [INFO] Tests run: 4, Failures: 0, Errors: 0, Skipped: 0, Time elapsed: 0.005 s -- in eu.infinitech.finflink.transformations.technicalIndicators.HighPriceDirectionalMomentumDiffblueTest
13:20:50.307 [INFO]   [Measuring]   out: [INFO] Running eu.infinitech.finflink.transformations.technicalIndicators.MoneyFlowIndexDiffblueTest
13:20:50.330 [INFO]   [Measuring]   out: [INFO] Tests run: 6, Failures: 0, Errors: 0, Skipped: 0, Time elapsed: 0.024 s -- in eu.infinitech.finflink.transformations.technicalIndicators.MoneyFlowIndexDiffblueTest
13:20:50.331 [INFO]   [Measuring]   out: [INFO] Running eu.infinitech.finflink.transformations.technicalIndicators.AverageTrueRangeDiffblueTest
13:20:50.336 [INFO]   [Measuring]   out: [INFO] Tests run: 4, Failures: 0, Errors: 0, Skipped: 0, Time elapsed: 0.005 s -- in eu.infinitech.finflink.transformations.technicalIndicators.AverageTrueRangeDiffblueTest
13:20:50.337 [INFO]   [Measuring]   out: [INFO] Running eu.infinitech.finflink.transformations.technicalIndicators.TechnicalIndicatorGeneratorDiffblueTest
13:20:50.343 [INFO]   [Measuring]   out: [INFO] Tests run: 6, Failures: 0, Errors: 0, Skipped: 0, Time elapsed: 0.006 s -- in eu.infinitech.finflink.transformations.technicalIndicators.TechnicalIndicatorGeneratorDiffblueTest
13:20:50.343 [INFO]   [Measuring]   out: [INFO] Running eu.infinitech.finflink.transformations.technicalIndicators.ReturnsDiffblueTest
13:20:50.349 [INFO]   [Measuring]   out: [INFO] Tests run: 5, Failures: 0, Errors: 0, Skipped: 0, Time elapsed: 0.006 s -- in eu.infinitech.finflink.transformations.technicalIndicators.ReturnsDiffblueTest
13:20:50.349 [INFO]   [Measuring]   out: [INFO] Running eu.infinitech.finflink.transformations.technicalIndicators.VolatilityDiffblueTest
13:20:50.370 [INFO]   [Measuring]   out: [INFO] Tests run: 7, Failures: 0, Errors: 0, Skipped: 0, Time elapsed: 0.021 s -- in eu.infinitech.finflink.transformations.technicalIndicators.VolatilityDiffblueTest
13:20:50.370 [INFO]   [Measuring]   out: [INFO] Running eu.infinitech.finflink.transformations.technicalIndicators.UtilsDiffblueTest
13:20:50.397 [INFO]   [Measuring]   out: [INFO] Tests run: 28, Failures: 0, Errors: 0, Skipped: 0, Time elapsed: 0.026 s -- in eu.infinitech.finflink.transformations.technicalIndicators.UtilsDiffblueTest
13:20:50.397 [INFO]   [Measuring]   out: [INFO] Running eu.infinitech.finflink.transformations.technicalIndicators.LowPriceDirectionalIndexDiffblueTest
13:20:50.402 [INFO]   [Measuring]   out: [INFO] Tests run: 4, Failures: 0, Errors: 0, Skipped: 0, Time elapsed: 0.005 s -- in eu.infinitech.finflink.transformations.technicalIndicators.LowPriceDirectionalIndexDiffblueTest
13:20:50.402 [INFO]   [Measuring]   out: [INFO] Running eu.infinitech.finflink.transformations.technicalIndicators.RelativeStrengthIndexDiffblueTest
13:20:50.410 [INFO]   [Measuring]   out: [INFO] Tests run: 5, Failures: 0, Errors: 0, Skipped: 0, Time elapsed: 0.007 s -- in eu.infinitech.finflink.transformations.technicalIndicators.RelativeStrengthIndexDiffblueTest
13:20:50.410 [INFO]   [Measuring]   out: [INFO] Running eu.infinitech.finflink.transformations.technicalIndicators.MomentumDiffblueTest
13:20:50.415 [INFO]   [Measuring]   out: [INFO] Tests run: 6, Failures: 0, Errors: 0, Skipped: 0, Time elapsed: 0.005 s -- in eu.infinitech.finflink.transformations.technicalIndicators.MomentumDiffblueTest
13:20:50.416 [INFO]   [Measuring]   out: [INFO] Running eu.infinitech.finflink.transformations.technicalIndicators.OnBalanceVolumeIndicatorDiffblueTest
13:20:50.422 [INFO]   [Measuring]   out: [INFO] Tests run: 6, Failures: 0, Errors: 0, Skipped: 0, Time elapsed: 0.006 s -- in eu.infinitech.finflink.transformations.technicalIndicators.OnBalanceVolumeIndicatorDiffblueTest
13:20:50.423 [INFO]   [Measuring]   out: [INFO] Running eu.infinitech.finflink.transformations.technicalIndicators.VortexMinusDiffblueTest
13:20:50.428 [INFO]   [Measuring]   out: [INFO] Tests run: 4, Failures: 0, Errors: 0, Skipped: 0, Time elapsed: 0.005 s -- in eu.infinitech.finflink.transformations.technicalIndicators.VortexMinusDiffblueTest
13:20:50.428 [INFO]   [Measuring]   out: [INFO] Running eu.infinitech.finflink.transformations.technicalIndicators.ForceIndexDiffblueTest
13:20:50.432 [INFO]   [Measuring]   out: [INFO] Tests run: 4, Failures: 0, Errors: 0, Skipped: 0, Time elapsed: 0.003 s -- in eu.infinitech.finflink.transformations.technicalIndicators.ForceIndexDiffblueTest
13:20:50.432 [INFO]   [Measuring]   out: [INFO] Running eu.infinitech.finflink.transformations.technicalIndicators.VortexPlusDiffblueTest
13:20:50.438 [INFO]   [Measuring]   out: [INFO] Tests run: 4, Failures: 0, Errors: 0, Skipped: 0, Time elapsed: 0.005 s -- in eu.infinitech.finflink.transformations.technicalIndicators.VortexPlusDiffblueTest
13:20:50.438 [INFO]   [Measuring]   out: [INFO] Running eu.infinitech.finflink.transformations.technicalIndicators.LogReturnsDiffblueTest
13:20:50.442 [INFO]   [Measuring]   out: [INFO] Tests run: 6, Failures: 0, Errors: 0, Skipped: 0, Time elapsed: 0.005 s -- in eu.infinitech.finflink.transformations.technicalIndicators.LogReturnsDiffblueTest
13:20:50.443 [INFO]   [Measuring]   out: [INFO] Running eu.infinitech.finflink.transformations.technicalIndicators.HighPriceDirectionalIndexDiffblueTest
13:20:50.446 [INFO]   [Measuring]   out: [INFO] Tests run: 4, Failures: 0, Errors: 0, Skipped: 0, Time elapsed: 0.003 s -- in eu.infinitech.finflink.transformations.technicalIndicators.HighPriceDirectionalIndexDiffblueTest
13:20:50.447 [INFO]   [Measuring]   out: [INFO] Running eu.infinitech.finflink.transformations.technicalIndicators.TechnicalIndicatorPipelineDiffblueTest
13:20:50.469 [INFO]   [Measuring]   out: [INFO] Tests run: 9, Failures: 0, Errors: 0, Skipped: 0, Time elapsed: 0.022 s -- in eu.infinitech.finflink.transformations.technicalIndicators.TechnicalIndicatorPipelineDiffblueTest
13:20:50.469 [INFO]   [Measuring]   out: [INFO] Running eu.infinitech.finflink.transformations.technicalIndicators.LowPriceDirectionalMomentumDiffblueTest
13:20:50.473 [INFO]   [Measuring]   out: [INFO] Tests run: 4, Failures: 0, Errors: 0, Skipped: 0, Time elapsed: 0.004 s -- in eu.infinitech.finflink.transformations.technicalIndicators.LowPriceDirectionalMomentumDiffblueTest
13:20:50.473 [INFO]   [Measuring]   out: [INFO] Running eu.infinitech.finflink.transformations.technicalIndicators.DirectionalIndexDiffblueTest
13:20:50.479 [INFO]   [Measuring]   out: [INFO] Tests run: 9, Failures: 0, Errors: 0, Skipped: 0, Time elapsed: 0.005 s -- in eu.infinitech.finflink.transformations.technicalIndicators.DirectionalIndexDiffblueTest
13:20:50.479 [INFO]   [Measuring]   out: [INFO] Running eu.infinitech.finflink.transformations.technicalIndicators.AccumulationDistributionIndexDiffblueTest
13:20:50.483 [INFO]   [Measuring]   out: [INFO] Tests run: 5, Failures: 0, Errors: 0, Skipped: 0, Time elapsed: 0.003 s -- in eu.infinitech.finflink.transformations.technicalIndicators.AccumulationDistributionIndexDiffblueTest
13:20:50.483 [INFO]   [Measuring]   out: [INFO] Running eu.infinitech.finflink.transformations.technicalIndicators.AverageDirectionalIndexDiffblueTest
13:20:50.486 [INFO]   [Measuring]   out: [INFO] Tests run: 5, Failures: 0, Errors: 0, Skipped: 0, Time elapsed: 0.002 s -- in eu.infinitech.finflink.transformations.technicalIndicators.AverageDirectionalIndexDiffblueTest
13:20:50.486 [INFO]   [Measuring]   out: [INFO] Running eu.infinitech.finflink.transformations.technicalIndicators.MovingAverageConvergenceDivergenceDiffblueTest
13:20:50.491 [INFO]   [Measuring]   out: [INFO] Tests run: 5, Failures: 0, Errors: 0, Skipped: 0, Time elapsed: 0.005 s -- in eu.infinitech.finflink.transformations.technicalIndicators.MovingAverageConvergenceDivergenceDiffblueTest
13:20:50.492 [INFO]   [Measuring]   out: [INFO] Running eu.infinitech.finflink.transformations.technicalIndicators.CommodityChannelIndexDiffblueTest
13:20:50.496 [INFO]   [Measuring]   out: [INFO] Tests run: 5, Failures: 0, Errors: 0, Skipped: 0, Time elapsed: 0.005 s -- in eu.infinitech.finflink.transformations.technicalIndicators.CommodityChannelIndexDiffblueTest
13:20:50.496 [INFO]   [Measuring]   out: [INFO] Running eu.infinitech.finflink.transformations.technicalIndicators.PeriodEndDiffblueTest
13:20:50.499 [INFO]   [Measuring]   out: [INFO] Tests run: 3, Failures: 0, Errors: 0, Skipped: 0, Time elapsed: 0.003 s -- in eu.infinitech.finflink.transformations.technicalIndicators.PeriodEndDiffblueTest
13:20:50.500 [INFO]   [Measuring]   out: [INFO] Running eu.infinitech.finflink.transformations.technicalIndicators.DetrendedCloseOscillatorDiffblueTest
13:20:50.505 [INFO]   [Measuring]   out: [INFO] Tests run: 5, Failures: 0, Errors: 0, Skipped: 0, Time elapsed: 0.004 s -- in eu.infinitech.finflink.transformations.technicalIndicators.DetrendedCloseOscillatorDiffblueTest
13:20:50.505 [INFO]   [Measuring]   out: [INFO] Running eu.infinitech.finflink.transformations.technicalIndicators.TechnicalIndicatorDiffblueTest
13:20:50.591 [INFO]   [Measuring]   out: [INFO] Tests run: 6, Failures: 0, Errors: 0, Skipped: 0, Time elapsed: 0.085 s -- in eu.infinitech.finflink.transformations.technicalIndicators.TechnicalIndicatorDiffblueTest
13:20:50.591 [INFO]   [Measuring]   out: [INFO] Running eu.infinitech.finflink.util.TradePeriodsGeneratorDiffblueTest
13:20:50.593 [INFO]   [Measuring]   out: [INFO] Tests run: 3, Failures: 0, Errors: 0, Skipped: 0, Time elapsed: 0.001 s -- in eu.infinitech.finflink.util.TradePeriodsGeneratorDiffblueTest
13:20:50.593 [INFO]   [Measuring]   out: [INFO] Running eu.infinitech.finflink.sinks.QuestDBSinkDiffblueTest
13:20:50.596 [INFO]   [Measuring]   out: [INFO] Tests run: 4, Failures: 0, Errors: 0, Skipped: 0, Time elapsed: 0.003 s -- in eu.infinitech.finflink.sinks.QuestDBSinkDiffblueTest
13:20:50.646 [INFO]   [Measuring]   out: [INFO] 
13:20:50.646 [INFO]   [Measuring]   out: [INFO] Results:
13:20:50.646 [INFO]   [Measuring]   out: [INFO] 
13:20:50.646 [INFO]   [Measuring]   out: [INFO] Tests run: 232, Failures: 0, Errors: 0, Skipped: 0
13:20:50.646 [INFO]   [Measuring]   out: [INFO] 
13:20:50.649 [INFO]   [Measuring]   deserializing line [DIFFBLUE]{"__type":"com.diffblue.cover.buildsystem.model.DefaultEventMessage","project":"Infinitech-FinFlink:Infinitech-FinFlink","goal":"test","cause":null,"state":"SUCCESS"}
13:20:50.651 [INFO]   [Measuring]   deserializing line [DIFFBLUE]{"__type":"com.diffblue.cover.buildsystem.model.DefaultEventMessage","project":"Infinitech-FinFlink:Infinitech-FinFlink","goal":"report","cause":null,"state":"STARTED"}
13:20:50.652 [INFO]   [Measuring]   out: [INFO] 
13:20:50.652 [INFO]   [Measuring]   out: [INFO] --- jacoco:0.8.11:report (default-cli) @ Infinitech-FinFlink ---
13:20:50.655 [INFO]   [Measuring]   out: [INFO] Loading execution data file /home/jbergqvist/diffblue/terrierteam-FinFlink/target/jacoco.exec
13:20:50.728 [INFO]   [Measuring]   out: [INFO] Analyzed bundle 'Infinitech-FinFlink' with 51 classes
13:20:50.813 [INFO]   [Measuring]   deserializing line [DIFFBLUE]{"__type":"com.diffblue.cover.buildsystem.model.DefaultEventMessage","project":"Infinitech-FinFlink:Infinitech-FinFlink","goal":"report","cause":null,"state":"SUCCESS"}
13:20:50.841 [INFO]   [Measuring]   deserializing line [DIFFBLUE]{"__type":"com.diffblue.cover.buildsystem.model.DefaultProjectModuleMessage","project":{"__type":"DefaultProjectModule","junitReport":["/home/jbergqvist/diffblue/terrierteam-FinFlink/target/surefire-reports"],"jacocoReport":["/home/jbergqvist/diffblue/terrierteam-FinFlink/target/site/jacoco/jacoco.xml"],"jacocoDestFile":["/home/jbergqvist/diffblue/terrierteam-FinFlink/target/jacoco.exec"],"jacocoFormats":["xml"],"jacocoSkipped":false,"classpath":["/home/jbergqvist/diffblue/terrierteam-FinFlink/target/classes","/home/jbergqvist/.m2/repository/org/apache/flink/flink-streaming-java_2.12/1.14.4/flink-streaming-java_2.12-1.14.4.jar","/home/jbergqvist/.m2/repository/org/apache/flink/flink-core/1.14.4/flink-core-1.14.4.jar","/home/jbergqvist/.m2/repository/org/apache/flink/flink-annotations/1.14.4/flink-annotations-1.14.4.jar","/home/jbergqvist/.m2/repository/org/apache/flink/flink-metrics-core/1.14.4/flink-metrics-core-1.14.4.jar","/home/jbergqvist/.m2/repository/org/apache/flink/flink-shaded-asm-7/7.1-14.0/flink-shaded-asm-7-7.1-14.0.jar","/home/jbergqvist/.m2/repository/org/apache/commons/commons-lang3/3.3.2/commons-lang3-3.3.2.jar","/home/jbergqvist/.m2/repository/com/esotericsoftware/kryo/kryo/2.24.0/kryo-2.24.0.jar","/home/jbergqvist/.m2/repository/com/esotericsoftware/minlog/minlog/1.2/minlog-1.2.jar","/home/jbergqvist/.m2/repository/commons-collections/commons-collections/3.2.2/commons-collections-3.2.2.jar","/home/jbergqvist/.m2/repository/org/apache/commons/commons-compress/1.21/commons-compress-1.21.jar","/home/jbergqvist/.m2/repository/org/apache/flink/flink-file-sink-common/1.14.4/flink-file-sink-common-1.14.4.jar","/home/jbergqvist/.m2/repository/org/apache/flink/flink-runtime/1.14.4/flink-runtime-1.14.4.jar","/home/jbergqvist/.m2/repository/org/apache/flink/flink-rpc-core/1.14.4/flink-rpc-core-1.14.4.jar","/home/jbergqvist/.m2/repository/org/apache/flink/flink-rpc-akka-loader/1.14.4/flink-rpc-akka-loader-1.14.4.jar","/home/jbergqvist/.m2/repository/org/apache/flink/flink-queryable-state-client-java/1.14.4/flink-queryable-state-client-java-1.14.4.jar","/home/jbergqvist/.m2/repository/org/apache/flink/flink-hadoop-fs/1.14.4/flink-hadoop-fs-1.14.4.jar","/home/jbergqvist/.m2/repository/commons-io/commons-io/2.8.0/commons-io-2.8.0.jar","/home/jbergqvist/.m2/repository/org/apache/flink/flink-shaded-netty/4.1.65.Final-14.0/flink-shaded-netty-4.1.65.Final-14.0.jar","/home/jbergqvist/.m2/repository/org/apache/flink/flink-shaded-jackson/2.12.4-14.0/flink-shaded-jackson-2.12.4-14.0.jar","/home/jbergqvist/.m2/repository/org/apache/flink/flink-shaded-zookeeper-3/3.4.14-14.0/flink-shaded-zookeeper-3-3.4.14-14.0.jar","/home/jbergqvist/.m2/repository/org/javassist/javassist/3.24.0-GA/javassist-3.24.0-GA.jar","/home/jbergqvist/.m2/repository/org/xerial/snappy/snappy-java/1.1.8.3/snappy-java-1.1.8.3.jar","/home/jbergqvist/.m2/repository/org/lz4/lz4-java/1.8.0/lz4-java-1.8.0.jar","/home/jbergqvist/.m2/repository/org/apache/flink/flink-scala_2.12/1.14.4/flink-scala_2.12-1.14.4.jar","/home/jbergqvist/.m2/repository/org/scala-lang/scala-reflect/2.12.7/scala-reflect-2.12.7.jar","/home/jbergqvist/.m2/repository/org/scala-lang/scala-library/2.12.7/scala-library-2.12.7.jar","/home/jbergqvist/.m2/repository/org/scala-lang/scala-compiler/2.12.7/scala-compiler-2.12.7.jar","/home/jbergqvist/.m2/repository/org/scala-lang/modules/scala-xml_2.12/1.0.6/scala-xml_2.12-1.0.6.jar","/home/jbergqvist/.m2/repository/com/twitter/chill_2.12/0.7.6/chill_2.12-0.7.6.jar","/home/jbergqvist/.m2/repository/com/twitter/chill-java/0.7.6/chill-java-0.7.6.jar","/home/jbergqvist/.m2/repository/org/apache/flink/flink-java/1.14.4/flink-java-1.14.4.jar","/home/jbergqvist/.m2/repository/org/apache/flink/flink-shaded-guava/30.1.1-jre-14.0/flink-shaded-guava-30.1.1-jre-14.0.jar","/home/jbergqvist/.m2/repository/org/apache/commons/commons-math3/3.5/commons-math3-3.5.jar","/home/jbergqvist/.m2/repository/org/slf4j/slf4j-api/1.7.15/slf4j-api-1.7.15.jar","/home/jbergqvist/.m2/repository/com/google/code/findbugs/jsr305/1.3.9/jsr305-1.3.9.jar","/home/jbergqvist/.m2/repository/org/apache/flink/flink-shaded-force-shading/14.0/flink-shaded-force-shading-14.0.jar","/home/jbergqvist/.m2/repository/org/junit/jupiter/junit-jupiter-engine/5.13.4/junit-jupiter-engine-5.13.4.jar","/home/jbergqvist/.m2/repository/org/junit/platform/junit-platform-engine/1.13.4/junit-platform-engine-1.13.4.jar","/home/jbergqvist/.m2/repository/org/opentest4j/opentest4j/1.3.0/opentest4j-1.3.0.jar","/home/jbergqvist/.m2/repository/org/junit/platform/junit-platform-commons/1.13.4/junit-platform-commons-1.13.4.jar","/home/jbergqvist/.m2/repository/org/junit/jupiter/junit-jupiter-api/5.13.4/junit-jupiter-api-5.13.4.jar","/home/jbergqvist/.m2/repository/org/apiguardian/apiguardian-api/1.1.2/apiguardian-api-1.1.2.jar","/home/jbergqvist/.m2/repository/org/mockito/mockito-core/5.20.0/mockito-core-5.20.0.jar","/home/jbergqvist/.m2/repository/net/bytebuddy/byte-buddy/1.17.7/byte-buddy-1.17.7.jar","/home/jbergqvist/.m2/repository/net/bytebuddy/byte-buddy-agent/1.17.7/byte-buddy-agent-1.17.7.jar","/home/jbergqvist/.m2/repository/org/objenesis/objenesis/3.3/objenesis-3.3.jar","/home/jbergqvist/.m2/repository/org/mockito/mockito-junit-jupiter/5.20.0/mockito-junit-jupiter-5.20.0.jar","/home/jbergqvist/.m2/repository/org/apache/flink/flink-clients_2.12/1.14.4/flink-clients_2.12-1.14.4.jar","/home/jbergqvist/.m2/repository/org/apache/flink/flink-optimizer/1.14.4/flink-optimizer-1.14.4.jar","/home/jbergqvist/.m2/repository/commons-cli/commons-cli/1.3.1/commons-cli-1.3.1.jar","/home/jbergqvist/.m2/repository/org/apache/flink/flink-connector-kafka_2.11/1.14.4/flink-connector-kafka_2.11-1.14.4.jar","/home/jbergqvist/.m2/repository/org/apache/flink/flink-connector-base/1.14.4/flink-connector-base-1.14.4.jar","/home/jbergqvist/.m2/repository/org/apache/kafka/kafka-clients/2.4.1/kafka-clients-2.4.1.jar","/home/jbergqvist/.m2/repository/com/github/luben/zstd-jni/1.4.3-1/zstd-jni-1.4.3-1.jar","/home/jbergqvist/.m2/repository/com/google/guava/guava/31.1-jre/guava-31.1-jre.jar","/home/jbergqvist/.m2/repository/com/google/guava/failureaccess/1.0.1/failureaccess-1.0.1.jar","/home/jbergqvist/.m2/repository/com/google/guava/listenablefuture/9999.0-empty-to-avoid-conflict-with-guava/listenablefuture-9999.0-empty-to-avoid-conflict-with-guava.jar","/home/jbergqvist/.m2/repository/org/checkerframework/checker-qual/3.12.0/checker-qual-3.12.0.jar","/home/jbergqvist/.m2/repository/com/google/errorprone/error_prone_annotations/2.11.0/error_prone_annotations-2.11.0.jar","/home/jbergqvist/.m2/repository/com/google/j2objc/j2objc-annotations/1.3/j2objc-annotations-1.3.jar","/home/jbergqvist/.m2/repository/org/questdb/questdb/6.4.3/questdb-6.4.3.jar","/home/jbergqvist/.m2/repository/com/diffblue/cover/cover-annotations/1.8.0/cover-annotations-1.8.0.jar"],"complianceLevel":"11","productionSources":["/home/jbergqvist/diffblue/terrierteam-FinFlink/src/main/java"],"testSources":["/home/jbergqvist/diffblue/terrierteam-FinFlink/src/test/java"],"productionClasses":"/home/jbergqvist/diffblue/terrierteam-FinFlink/target/classes","testClasses":"/home/jbergqvist/diffblue/terrierteam-FinFlink/target/test-classes","sourceToBuildPathMap":null,"testSourceToBuildPathMap":null,"buildDirectory":"/home/jbergqvist/diffblue/terrierteam-FinFlink/target","plugins":[{"__type":"DefaultPlugin","groupId":"org.apache.maven.plugins","artefactId":"maven-compiler-plugin","version":"3.8.1","pluginClassName":null},{"__type":"DefaultPlugin","groupId":"org.apache.maven.plugins","artefactId":"maven-shade-plugin","version":"3.1.1","pluginClassName":null},{"__type":"DefaultPlugin","groupId":"org.apache.maven.plugins","artefactId":"maven-clean-plugin","version":"3.2.0","pluginClassName":null},{"__type":"DefaultPlugin","groupId":"org.apache.maven.plugins","artefactId":"maven-resources-plugin","version":"3.3.1","pluginClassName":null},{"__type":"DefaultPlugin","groupId":"org.apache.maven.plugins","artefactId":"maven-jar-plugin","version":"3.4.1","pluginClassName":null},{"__type":"DefaultPlugin","groupId":"org.apache.maven.plugins","artefactId":"maven-surefire-plugin","version":"3.2.5","pluginClassName":null},{"__type":"DefaultPlugin","groupId":"org.apache.maven.plugins","artefactId":"maven-install-plugin","version":"3.1.2","pluginClassName":null},{"__type":"DefaultPlugin","groupId":"org.apache.maven.plugins","artefactId":"maven-deploy-plugin","version":"3.1.2","pluginClassName":null},{"__type":"DefaultPlugin","groupId":"org.apache.maven.plugins","artefactId":"maven-site-plugin","version":"3.12.1","pluginClassName":null}],"version":"3.9.12","encoding":null,"name":"maven","subModules":[],"simpleModuleName":null,"parentModuleName":null,"location":"/home/jbergqvist/diffblue/terrierteam-FinFlink","fullModuleName":"Infinitech-FinFlink:Infinitech-FinFlink"}}
13:20:50.843 [INFO]   [Measuring]   out: [INFO] ------------------------------------------------------------------------
13:20:50.843 [INFO]   [Measuring]   out: [INFO] BUILD SUCCESS
13:20:50.843 [INFO]   [Measuring]   out: [INFO] ------------------------------------------------------------------------
13:20:50.843 [INFO]   [Measuring]   out: [INFO] Total time:  3.284 s
13:20:50.843 [INFO]   [Measuring]   out: [INFO] Finished at: 2026-01-12T13:20:50Z
13:20:50.844 [INFO]   [Measuring]   out: [INFO] ------------------------------------------------------------------------
13:20:50.844 [INFO]   [Measuring]   deserializing line [DIFFBLUE]{"__type":"com.diffblue.cover.buildsystem.model.ProjectInfoMessage","projectName":"Infinitech-FinFlink:Infinitech-FinFlink","productionSources":["/home/jbergqvist/diffblue/terrierteam-FinFlink/src/main/java","/home/jbergqvist/diffblue/terrierteam-FinFlink/target/generated-sources/annotations"],"testSources":["/home/jbergqvist/diffblue/terrierteam-FinFlink/src/test/java","/home/jbergqvist/diffblue/terrierteam-FinFlink/target/generated-test-sources/test-annotations"],"location":"/home/jbergqvist/diffblue/terrierteam-FinFlink"}
13:20:50.868 [INFO]   [Measuring]   maven:err process not stopped, joining thread
13:20:50.868 [INFO]   [Measuring]   maven:out process not stopped, joining thread
13:20:50.868 [INFO]   [Measuring]   Attempting to invoke mvnw in working directory: /home/jbergqvist/diffblue/terrierteam-FinFlink
13:20:50.869 [INFO]   [Measuring]   Attempting to invoke /home/jbergqvist/.sdkman/candidates/maven/current/bin/mvn in working directory: /home/jbergqvist/diffblue/terrierteam-FinFlink
13:20:50.869 [INFO]   [Measuring]   Started "/home/jbergqvist/.sdkman/candidates/maven/current/bin/mvn -Dmaven.ext.class.path=/opt/cover/cover-buildsystem-maven-spy-jar-with-dependencies.jar -Dcom.diffblue.cover.skipTests=true -DskipTestOptimizer --batch-mode --projects=Infinitech-FinFlink:Infinitech-FinFlink --global-settings=/home/jbergqvist/.sdkman/candidates/maven/current/conf/settings.xml org.jacoco:jacoco-maven-plugin:0.8.11:prepare-agent -Djacoco.skip=false test -DfailIfNoTests=false -Dsurefire.failIfNoSpecifiedTests=false -Dmaven.test.failure.ignore=True -Dtest=!*DiffblueTest,**/Test*.java,**/*Test.java,**/*Tests.java,**/*TestCase.java -Dgroups=MaintainedByDiffblue,ContributionFromDiffblue org.jacoco:jacoco-maven-plugin:0.8.11:report -Djacoco.skip=false"
13:20:51.642 [INFO]   [Measuring]   out: [INFO] Scanning for projects...
13:20:51.719 [INFO]   [Measuring]   out: [INFO] 
13:20:51.719 [INFO]   [Measuring]   out: [INFO] --------------< Infinitech-FinFlink:Infinitech-FinFlink >---------------
13:20:51.720 [INFO]   [Measuring]   out: [INFO] Building Infinitech-FinFlink 0.6
13:20:51.720 [INFO]   [Measuring]   out: [INFO]   from pom.xml
13:20:51.720 [INFO]   [Measuring]   out: [INFO] --------------------------------[ jar ]---------------------------------
13:20:52.051 [INFO]   [Measuring]   deserializing line [DIFFBLUE]{"__type":"com.diffblue.cover.buildsystem.model.DefaultEventMessage","project":"Infinitech-FinFlink:Infinitech-FinFlink","goal":"prepare-agent","cause":null,"state":"STARTED"}
13:20:52.052 [INFO]   [Measuring]   out: [INFO] 
13:20:52.052 [INFO]   [Measuring]   out: [INFO] --- jacoco:0.8.11:prepare-agent (default-cli) @ Infinitech-FinFlink ---
13:20:52.131 [INFO]   [Measuring]   out: [INFO] argLine set to -javaagent:/home/jbergqvist/.m2/repository/org/jacoco/org.jacoco.agent/0.8.11/org.jacoco.agent-0.8.11-runtime.jar=destfile=/home/jbergqvist/diffblue/terrierteam-FinFlink/target/jacoco.exec
13:20:52.132 [INFO]   [Measuring]   deserializing line [DIFFBLUE]{"__type":"com.diffblue.cover.buildsystem.model.DefaultEventMessage","project":"Infinitech-FinFlink:Infinitech-FinFlink","goal":"prepare-agent","cause":null,"state":"SUCCESS"}
13:20:52.133 [INFO]   [Measuring]   deserializing line [DIFFBLUE]{"__type":"com.diffblue.cover.buildsystem.model.DefaultEventMessage","project":"Infinitech-FinFlink:Infinitech-FinFlink","goal":"resources","cause":null,"state":"STARTED"}
13:20:52.135 [INFO]   [Measuring]   out: [INFO] 
13:20:52.135 [INFO]   [Measuring]   out: [INFO] --- resources:3.3.1:resources (default-resources) @ Infinitech-FinFlink ---
13:20:52.176 [INFO]   [Measuring]   out: [WARNING] Using platform encoding (UTF-8 actually) to copy filtered resources, i.e. build is platform dependent!
13:20:52.176 [INFO]   [Measuring]   out: [INFO] skip non existing resourceDirectory /home/jbergqvist/diffblue/terrierteam-FinFlink/resources
13:20:52.177 [INFO]   [Measuring]   deserializing line [DIFFBLUE]{"__type":"com.diffblue.cover.buildsystem.model.DefaultEventMessage","project":"Infinitech-FinFlink:Infinitech-FinFlink","goal":"resources","cause":null,"state":"SUCCESS"}
13:20:52.179 [INFO]   [Measuring]   deserializing line [DIFFBLUE]{"__type":"com.diffblue.cover.buildsystem.model.DefaultEventMessage","project":"Infinitech-FinFlink:Infinitech-FinFlink","goal":"compile","cause":null,"state":"STARTED"}
13:20:52.180 [INFO]   [Measuring]   out: [INFO] 
13:20:52.180 [INFO]   [Measuring]   out: [INFO] --- compiler:3.8.1:compile (default-compile) @ Infinitech-FinFlink ---
13:20:52.373 [INFO]   [Measuring]   out: [INFO] Nothing to compile - all classes are up to date
13:20:52.375 [INFO]   [Measuring]   deserializing line [DIFFBLUE]{"__type":"com.diffblue.cover.buildsystem.model.DefaultEventMessage","project":"Infinitech-FinFlink:Infinitech-FinFlink","goal":"compile","cause":null,"state":"SUCCESS"}
13:20:52.376 [INFO]   [Measuring]   deserializing line [DIFFBLUE]{"__type":"com.diffblue.cover.buildsystem.model.DefaultEventMessage","project":"Infinitech-FinFlink:Infinitech-FinFlink","goal":"testResources","cause":null,"state":"STARTED"}
13:20:52.377 [INFO]   [Measuring]   out: [INFO] 
13:20:52.377 [INFO]   [Measuring]   out: [INFO] --- resources:3.3.1:testResources (default-testResources) @ Infinitech-FinFlink ---
13:20:52.379 [INFO]   [Measuring]   out: [WARNING] Using platform encoding (UTF-8 actually) to copy filtered resources, i.e. build is platform dependent!
13:20:52.379 [INFO]   [Measuring]   out: [INFO] skip non existing resourceDirectory /home/jbergqvist/diffblue/terrierteam-FinFlink/src/test/resources
13:20:52.381 [INFO]   [Measuring]   deserializing line [DIFFBLUE]{"__type":"com.diffblue.cover.buildsystem.model.DefaultEventMessage","project":"Infinitech-FinFlink:Infinitech-FinFlink","goal":"testResources","cause":null,"state":"SUCCESS"}
13:20:52.382 [INFO]   [Measuring]   deserializing line [DIFFBLUE]{"__type":"com.diffblue.cover.buildsystem.model.DefaultEventMessage","project":"Infinitech-FinFlink:Infinitech-FinFlink","goal":"testCompile","cause":null,"state":"STARTED"}
13:20:52.383 [INFO]   [Measuring]   out: [INFO] 
13:20:52.383 [INFO]   [Measuring]   out: [INFO] --- compiler:3.8.1:testCompile (default-testCompile) @ Infinitech-FinFlink ---
13:20:52.395 [INFO]   [Measuring]   out: [INFO] Nothing to compile - all classes are up to date
13:20:52.396 [INFO]   [Measuring]   deserializing line [DIFFBLUE]{"__type":"com.diffblue.cover.buildsystem.model.DefaultEventMessage","project":"Infinitech-FinFlink:Infinitech-FinFlink","goal":"testCompile","cause":null,"state":"SUCCESS"}
13:20:52.398 [INFO]   [Measuring]   deserializing line [DIFFBLUE]{"__type":"com.diffblue.cover.buildsystem.model.DefaultEventMessage","project":"Infinitech-FinFlink:Infinitech-FinFlink","goal":"test","cause":null,"state":"STARTED"}
13:20:52.399 [INFO]   [Measuring]   out: [INFO] 
13:20:52.399 [INFO]   [Measuring]   out: [INFO] --- surefire:3.2.5:test (default-test) @ Infinitech-FinFlink ---
13:20:52.515 [INFO]   [Measuring]   deserializing line [DIFFBLUE]{"__type":"com.diffblue.cover.buildsystem.model.DefaultEventMessage","project":"Infinitech-FinFlink:Infinitech-FinFlink","goal":"test","cause":null,"state":"SUCCESS"}
13:20:52.516 [INFO]   [Measuring]   deserializing line [DIFFBLUE]{"__type":"com.diffblue.cover.buildsystem.model.DefaultEventMessage","project":"Infinitech-FinFlink:Infinitech-FinFlink","goal":"report","cause":null,"state":"STARTED"}
13:20:52.518 [INFO]   [Measuring]   out: [INFO] 
13:20:52.518 [INFO]   [Measuring]   out: [INFO] --- jacoco:0.8.11:report (default-cli) @ Infinitech-FinFlink ---
13:20:52.520 [INFO]   [Measuring]   out: [INFO] Loading execution data file /home/jbergqvist/diffblue/terrierteam-FinFlink/target/jacoco.exec
13:20:52.594 [INFO]   [Measuring]   out: [INFO] Analyzed bundle 'Infinitech-FinFlink' with 51 classes
13:20:52.693 [INFO]   [Measuring]   deserializing line [DIFFBLUE]{"__type":"com.diffblue.cover.buildsystem.model.DefaultEventMessage","project":"Infinitech-FinFlink:Infinitech-FinFlink","goal":"report","cause":null,"state":"SUCCESS"}
13:20:52.718 [INFO]   [Measuring]   deserializing line [DIFFBLUE]{"__type":"com.diffblue.cover.buildsystem.model.DefaultProjectModuleMessage","project":{"__type":"DefaultProjectModule","junitReport":["/home/jbergqvist/diffblue/terrierteam-FinFlink/target/surefire-reports"],"jacocoReport":["/home/jbergqvist/diffblue/terrierteam-FinFlink/target/site/jacoco/jacoco.xml"],"jacocoDestFile":["/home/jbergqvist/diffblue/terrierteam-FinFlink/target/jacoco.exec"],"jacocoFormats":["xml"],"jacocoSkipped":false,"classpath":["/home/jbergqvist/diffblue/terrierteam-FinFlink/target/classes","/home/jbergqvist/.m2/repository/org/apache/flink/flink-streaming-java_2.12/1.14.4/flink-streaming-java_2.12-1.14.4.jar","/home/jbergqvist/.m2/repository/org/apache/flink/flink-core/1.14.4/flink-core-1.14.4.jar","/home/jbergqvist/.m2/repository/org/apache/flink/flink-annotations/1.14.4/flink-annotations-1.14.4.jar","/home/jbergqvist/.m2/repository/org/apache/flink/flink-metrics-core/1.14.4/flink-metrics-core-1.14.4.jar","/home/jbergqvist/.m2/repository/org/apache/flink/flink-shaded-asm-7/7.1-14.0/flink-shaded-asm-7-7.1-14.0.jar","/home/jbergqvist/.m2/repository/org/apache/commons/commons-lang3/3.3.2/commons-lang3-3.3.2.jar","/home/jbergqvist/.m2/repository/com/esotericsoftware/kryo/kryo/2.24.0/kryo-2.24.0.jar","/home/jbergqvist/.m2/repository/com/esotericsoftware/minlog/minlog/1.2/minlog-1.2.jar","/home/jbergqvist/.m2/repository/commons-collections/commons-collections/3.2.2/commons-collections-3.2.2.jar","/home/jbergqvist/.m2/repository/org/apache/commons/commons-compress/1.21/commons-compress-1.21.jar","/home/jbergqvist/.m2/repository/org/apache/flink/flink-file-sink-common/1.14.4/flink-file-sink-common-1.14.4.jar","/home/jbergqvist/.m2/repository/org/apache/flink/flink-runtime/1.14.4/flink-runtime-1.14.4.jar","/home/jbergqvist/.m2/repository/org/apache/flink/flink-rpc-core/1.14.4/flink-rpc-core-1.14.4.jar","/home/jbergqvist/.m2/repository/org/apache/flink/flink-rpc-akka-loader/1.14.4/flink-rpc-akka-loader-1.14.4.jar","/home/jbergqvist/.m2/repository/org/apache/flink/flink-queryable-state-client-java/1.14.4/flink-queryable-state-client-java-1.14.4.jar","/home/jbergqvist/.m2/repository/org/apache/flink/flink-hadoop-fs/1.14.4/flink-hadoop-fs-1.14.4.jar","/home/jbergqvist/.m2/repository/commons-io/commons-io/2.8.0/commons-io-2.8.0.jar","/home/jbergqvist/.m2/repository/org/apache/flink/flink-shaded-netty/4.1.65.Final-14.0/flink-shaded-netty-4.1.65.Final-14.0.jar","/home/jbergqvist/.m2/repository/org/apache/flink/flink-shaded-jackson/2.12.4-14.0/flink-shaded-jackson-2.12.4-14.0.jar","/home/jbergqvist/.m2/repository/org/apache/flink/flink-shaded-zookeeper-3/3.4.14-14.0/flink-shaded-zookeeper-3-3.4.14-14.0.jar","/home/jbergqvist/.m2/repository/org/javassist/javassist/3.24.0-GA/javassist-3.24.0-GA.jar","/home/jbergqvist/.m2/repository/org/xerial/snappy/snappy-java/1.1.8.3/snappy-java-1.1.8.3.jar","/home/jbergqvist/.m2/repository/org/lz4/lz4-java/1.8.0/lz4-java-1.8.0.jar","/home/jbergqvist/.m2/repository/org/apache/flink/flink-scala_2.12/1.14.4/flink-scala_2.12-1.14.4.jar","/home/jbergqvist/.m2/repository/org/scala-lang/scala-reflect/2.12.7/scala-reflect-2.12.7.jar","/home/jbergqvist/.m2/repository/org/scala-lang/scala-library/2.12.7/scala-library-2.12.7.jar","/home/jbergqvist/.m2/repository/org/scala-lang/scala-compiler/2.12.7/scala-compiler-2.12.7.jar","/home/jbergqvist/.m2/repository/org/scala-lang/modules/scala-xml_2.12/1.0.6/scala-xml_2.12-1.0.6.jar","/home/jbergqvist/.m2/repository/com/twitter/chill_2.12/0.7.6/chill_2.12-0.7.6.jar","/home/jbergqvist/.m2/repository/com/twitter/chill-java/0.7.6/chill-java-0.7.6.jar","/home/jbergqvist/.m2/repository/org/apache/flink/flink-java/1.14.4/flink-java-1.14.4.jar","/home/jbergqvist/.m2/repository/org/apache/flink/flink-shaded-guava/30.1.1-jre-14.0/flink-shaded-guava-30.1.1-jre-14.0.jar","/home/jbergqvist/.m2/repository/org/apache/commons/commons-math3/3.5/commons-math3-3.5.jar","/home/jbergqvist/.m2/repository/org/slf4j/slf4j-api/1.7.15/slf4j-api-1.7.15.jar","/home/jbergqvist/.m2/repository/com/google/code/findbugs/jsr305/1.3.9/jsr305-1.3.9.jar","/home/jbergqvist/.m2/repository/org/apache/flink/flink-shaded-force-shading/14.0/flink-shaded-force-shading-14.0.jar","/home/jbergqvist/.m2/repository/org/junit/jupiter/junit-jupiter-engine/5.13.4/junit-jupiter-engine-5.13.4.jar","/home/jbergqvist/.m2/repository/org/junit/platform/junit-platform-engine/1.13.4/junit-platform-engine-1.13.4.jar","/home/jbergqvist/.m2/repository/org/opentest4j/opentest4j/1.3.0/opentest4j-1.3.0.jar","/home/jbergqvist/.m2/repository/org/junit/platform/junit-platform-commons/1.13.4/junit-platform-commons-1.13.4.jar","/home/jbergqvist/.m2/repository/org/junit/jupiter/junit-jupiter-api/5.13.4/junit-jupiter-api-5.13.4.jar","/home/jbergqvist/.m2/repository/org/apiguardian/apiguardian-api/1.1.2/apiguardian-api-1.1.2.jar","/home/jbergqvist/.m2/repository/org/mockito/mockito-core/5.20.0/mockito-core-5.20.0.jar","/home/jbergqvist/.m2/repository/net/bytebuddy/byte-buddy/1.17.7/byte-buddy-1.17.7.jar","/home/jbergqvist/.m2/repository/net/bytebuddy/byte-buddy-agent/1.17.7/byte-buddy-agent-1.17.7.jar","/home/jbergqvist/.m2/repository/org/objenesis/objenesis/3.3/objenesis-3.3.jar","/home/jbergqvist/.m2/repository/org/mockito/mockito-junit-jupiter/5.20.0/mockito-junit-jupiter-5.20.0.jar","/home/jbergqvist/.m2/repository/org/apache/flink/flink-clients_2.12/1.14.4/flink-clients_2.12-1.14.4.jar","/home/jbergqvist/.m2/repository/org/apache/flink/flink-optimizer/1.14.4/flink-optimizer-1.14.4.jar","/home/jbergqvist/.m2/repository/commons-cli/commons-cli/1.3.1/commons-cli-1.3.1.jar","/home/jbergqvist/.m2/repository/org/apache/flink/flink-connector-kafka_2.11/1.14.4/flink-connector-kafka_2.11-1.14.4.jar","/home/jbergqvist/.m2/repository/org/apache/flink/flink-connector-base/1.14.4/flink-connector-base-1.14.4.jar","/home/jbergqvist/.m2/repository/org/apache/kafka/kafka-clients/2.4.1/kafka-clients-2.4.1.jar","/home/jbergqvist/.m2/repository/com/github/luben/zstd-jni/1.4.3-1/zstd-jni-1.4.3-1.jar","/home/jbergqvist/.m2/repository/com/google/guava/guava/31.1-jre/guava-31.1-jre.jar","/home/jbergqvist/.m2/repository/com/google/guava/failureaccess/1.0.1/failureaccess-1.0.1.jar","/home/jbergqvist/.m2/repository/com/google/guava/listenablefuture/9999.0-empty-to-avoid-conflict-with-guava/listenablefuture-9999.0-empty-to-avoid-conflict-with-guava.jar","/home/jbergqvist/.m2/repository/org/checkerframework/checker-qual/3.12.0/checker-qual-3.12.0.jar","/home/jbergqvist/.m2/repository/com/google/errorprone/error_prone_annotations/2.11.0/error_prone_annotations-2.11.0.jar","/home/jbergqvist/.m2/repository/com/google/j2objc/j2objc-annotations/1.3/j2objc-annotations-1.3.jar","/home/jbergqvist/.m2/repository/org/questdb/questdb/6.4.3/questdb-6.4.3.jar","/home/jbergqvist/.m2/repository/com/diffblue/cover/cover-annotations/1.8.0/cover-annotations-1.8.0.jar"],"complianceLevel":"11","productionSources":["/home/jbergqvist/diffblue/terrierteam-FinFlink/src/main/java"],"testSources":["/home/jbergqvist/diffblue/terrierteam-FinFlink/src/test/java"],"productionClasses":"/home/jbergqvist/diffblue/terrierteam-FinFlink/target/classes","testClasses":"/home/jbergqvist/diffblue/terrierteam-FinFlink/target/test-classes","sourceToBuildPathMap":null,"testSourceToBuildPathMap":null,"buildDirectory":"/home/jbergqvist/diffblue/terrierteam-FinFlink/target","plugins":[{"__type":"DefaultPlugin","groupId":"org.apache.maven.plugins","artefactId":"maven-compiler-plugin","version":"3.8.1","pluginClassName":null},{"__type":"DefaultPlugin","groupId":"org.apache.maven.plugins","artefactId":"maven-shade-plugin","version":"3.1.1","pluginClassName":null},{"__type":"DefaultPlugin","groupId":"org.apache.maven.plugins","artefactId":"maven-clean-plugin","version":"3.2.0","pluginClassName":null},{"__type":"DefaultPlugin","groupId":"org.apache.maven.plugins","artefactId":"maven-resources-plugin","version":"3.3.1","pluginClassName":null},{"__type":"DefaultPlugin","groupId":"org.apache.maven.plugins","artefactId":"maven-jar-plugin","version":"3.4.1","pluginClassName":null},{"__type":"DefaultPlugin","groupId":"org.apache.maven.plugins","artefactId":"maven-surefire-plugin","version":"3.2.5","pluginClassName":null},{"__type":"DefaultPlugin","groupId":"org.apache.maven.plugins","artefactId":"maven-install-plugin","version":"3.1.2","pluginClassName":null},{"__type":"DefaultPlugin","groupId":"org.apache.maven.plugins","artefactId":"maven-deploy-plugin","version":"3.1.2","pluginClassName":null},{"__type":"DefaultPlugin","groupId":"org.apache.maven.plugins","artefactId":"maven-site-plugin","version":"3.12.1","pluginClassName":null}],"version":"3.9.12","encoding":null,"name":"maven","subModules":[],"simpleModuleName":null,"parentModuleName":null,"location":"/home/jbergqvist/diffblue/terrierteam-FinFlink","fullModuleName":"Infinitech-FinFlink:Infinitech-FinFlink"}}
13:20:52.722 [INFO]   [Measuring]   out: [INFO] ------------------------------------------------------------------------
13:20:52.722 [INFO]   [Measuring]   out: [INFO] BUILD SUCCESS
13:20:52.722 [INFO]   [Measuring]   out: [INFO] ------------------------------------------------------------------------
13:20:52.722 [INFO]   [Measuring]   out: [INFO] Total time:  1.091 s
13:20:52.722 [INFO]   [Measuring]   out: [INFO] Finished at: 2026-01-12T13:20:52Z
13:20:52.722 [INFO]   [Measuring]   out: [INFO] ------------------------------------------------------------------------
13:20:52.722 [INFO]   [Measuring]   deserializing line [DIFFBLUE]{"__type":"com.diffblue.cover.buildsystem.model.ProjectInfoMessage","projectName":"Infinitech-FinFlink:Infinitech-FinFlink","productionSources":["/home/jbergqvist/diffblue/terrierteam-FinFlink/src/main/java","/home/jbergqvist/diffblue/terrierteam-FinFlink/target/generated-sources/annotations"],"testSources":["/home/jbergqvist/diffblue/terrierteam-FinFlink/src/test/java","/home/jbergqvist/diffblue/terrierteam-FinFlink/target/generated-test-sources/test-annotations"],"location":"/home/jbergqvist/diffblue/terrierteam-FinFlink"}
13:20:52.756 [INFO]   [Measuring]   maven:err process not stopped, joining thread
13:20:52.757 [INFO]   [Measuring]   maven:out process not stopped, joining thread
13:20:52.821 [INFO]   [Measuring]   JaCoCo report file created in /home/jbergqvist/diffblue/terrierteam-FinFlink/.diffblue/reports/diffblue-tests-jacoco-report.xml
13:20:52.863 [INFO]   [Measuring]   Calculating coverage from manual tests.
13:20:52.864 [INFO]   [Measuring]   Using default build rules as no custom rules found in any of [/home/jbergqvist/diffblue/terrierteam-FinFlink]
13:20:52.864 [INFO]   [Measuring]   Attempting to invoke mvnw in working directory: /home/jbergqvist/diffblue/terrierteam-FinFlink
13:20:52.865 [INFO]   [Measuring]   Attempting to invoke /home/jbergqvist/.sdkman/candidates/maven/current/bin/mvn in working directory: /home/jbergqvist/diffblue/terrierteam-FinFlink
13:20:52.866 [INFO]   [Measuring]   Started "/home/jbergqvist/.sdkman/candidates/maven/current/bin/mvn -Dmaven.ext.class.path=/opt/cover/cover-buildsystem-maven-spy-jar-with-dependencies.jar -Dcom.diffblue.cover.skipTests=true -DskipTestOptimizer --batch-mode --projects=Infinitech-FinFlink:Infinitech-FinFlink --global-settings=/home/jbergqvist/.sdkman/candidates/maven/current/conf/settings.xml org.jacoco:jacoco-maven-plugin:0.8.11:prepare-agent -Djacoco.skip=false test -DfailIfNoTests=false -Dsurefire.failIfNoSpecifiedTests=false -Dmaven.test.failure.ignore=True -Dtest=!*DiffblueTest,**/Test*.java,**/*Test.java,**/*Tests.java,**/*TestCase.java -DexcludedGroups=MaintainedByDiffblue,ContributionFromDiffblue org.jacoco:jacoco-maven-plugin:0.8.11:report -Djacoco.skip=false"
13:20:53.646 [INFO]   [Measuring]   out: [INFO] Scanning for projects...
13:20:53.723 [INFO]   [Measuring]   out: [INFO] 
13:20:53.723 [INFO]   [Measuring]   out: [INFO] --------------< Infinitech-FinFlink:Infinitech-FinFlink >---------------
13:20:53.723 [INFO]   [Measuring]   out: [INFO] Building Infinitech-FinFlink 0.6
13:20:53.723 [INFO]   [Measuring]   out: [INFO]   from pom.xml
13:20:53.723 [INFO]   [Measuring]   out: [INFO] --------------------------------[ jar ]---------------------------------
13:20:54.062 [INFO]   [Measuring]   deserializing line [DIFFBLUE]{"__type":"com.diffblue.cover.buildsystem.model.DefaultEventMessage","project":"Infinitech-FinFlink:Infinitech-FinFlink","goal":"prepare-agent","cause":null,"state":"STARTED"}
13:20:54.063 [INFO]   [Measuring]   out: [INFO] 
13:20:54.063 [INFO]   [Measuring]   out: [INFO] --- jacoco:0.8.11:prepare-agent (default-cli) @ Infinitech-FinFlink ---
13:20:54.139 [INFO]   [Measuring]   out: [INFO] argLine set to -javaagent:/home/jbergqvist/.m2/repository/org/jacoco/org.jacoco.agent/0.8.11/org.jacoco.agent-0.8.11-runtime.jar=destfile=/home/jbergqvist/diffblue/terrierteam-FinFlink/target/jacoco.exec
13:20:54.141 [INFO]   [Measuring]   deserializing line [DIFFBLUE]{"__type":"com.diffblue.cover.buildsystem.model.DefaultEventMessage","project":"Infinitech-FinFlink:Infinitech-FinFlink","goal":"prepare-agent","cause":null,"state":"SUCCESS"}
13:20:54.142 [INFO]   [Measuring]   deserializing line [DIFFBLUE]{"__type":"com.diffblue.cover.buildsystem.model.DefaultEventMessage","project":"Infinitech-FinFlink:Infinitech-FinFlink","goal":"resources","cause":null,"state":"STARTED"}
13:20:54.143 [INFO]   [Measuring]   out: [INFO] 
13:20:54.143 [INFO]   [Measuring]   out: [INFO] --- resources:3.3.1:resources (default-resources) @ Infinitech-FinFlink ---
13:20:54.186 [INFO]   [Measuring]   out: [WARNING] Using platform encoding (UTF-8 actually) to copy filtered resources, i.e. build is platform dependent!
13:20:54.187 [INFO]   [Measuring]   out: [INFO] skip non existing resourceDirectory /home/jbergqvist/diffblue/terrierteam-FinFlink/resources
13:20:54.188 [INFO]   [Measuring]   deserializing line [DIFFBLUE]{"__type":"com.diffblue.cover.buildsystem.model.DefaultEventMessage","project":"Infinitech-FinFlink:Infinitech-FinFlink","goal":"resources","cause":null,"state":"SUCCESS"}
13:20:54.189 [INFO]   [Measuring]   deserializing line [DIFFBLUE]{"__type":"com.diffblue.cover.buildsystem.model.DefaultEventMessage","project":"Infinitech-FinFlink:Infinitech-FinFlink","goal":"compile","cause":null,"state":"STARTED"}
13:20:54.190 [INFO]   [Measuring]   out: [INFO] 
13:20:54.190 [INFO]   [Measuring]   out: [INFO] --- compiler:3.8.1:compile (default-compile) @ Infinitech-FinFlink ---
13:20:54.344 [INFO]   [Measuring]   out: [INFO] Nothing to compile - all classes are up to date
13:20:54.346 [INFO]   [Measuring]   deserializing line [DIFFBLUE]{"__type":"com.diffblue.cover.buildsystem.model.DefaultEventMessage","project":"Infinitech-FinFlink:Infinitech-FinFlink","goal":"compile","cause":null,"state":"SUCCESS"}
13:20:54.347 [INFO]   [Measuring]   deserializing line [DIFFBLUE]{"__type":"com.diffblue.cover.buildsystem.model.DefaultEventMessage","project":"Infinitech-FinFlink:Infinitech-FinFlink","goal":"testResources","cause":null,"state":"STARTED"}
13:20:54.348 [INFO]   [Measuring]   out: [INFO] 
13:20:54.348 [INFO]   [Measuring]   out: [INFO] --- resources:3.3.1:testResources (default-testResources) @ Infinitech-FinFlink ---
13:20:54.349 [INFO]   [Measuring]   out: [WARNING] Using platform encoding (UTF-8 actually) to copy filtered resources, i.e. build is platform dependent!
13:20:54.349 [INFO]   [Measuring]   out: [INFO] skip non existing resourceDirectory /home/jbergqvist/diffblue/terrierteam-FinFlink/src/test/resources
13:20:54.350 [INFO]   [Measuring]   deserializing line [DIFFBLUE]{"__type":"com.diffblue.cover.buildsystem.model.DefaultEventMessage","project":"Infinitech-FinFlink:Infinitech-FinFlink","goal":"testResources","cause":null,"state":"SUCCESS"}
13:20:54.351 [INFO]   [Measuring]   deserializing line [DIFFBLUE]{"__type":"com.diffblue.cover.buildsystem.model.DefaultEventMessage","project":"Infinitech-FinFlink:Infinitech-FinFlink","goal":"testCompile","cause":null,"state":"STARTED"}
13:20:54.352 [INFO]   [Measuring]   out: [INFO] 
13:20:54.352 [INFO]   [Measuring]   out: [INFO] --- compiler:3.8.1:testCompile (default-testCompile) @ Infinitech-FinFlink ---
13:20:54.361 [INFO]   [Measuring]   out: [INFO] Nothing to compile - all classes are up to date
13:20:54.362 [INFO]   [Measuring]   deserializing line [DIFFBLUE]{"__type":"com.diffblue.cover.buildsystem.model.DefaultEventMessage","project":"Infinitech-FinFlink:Infinitech-FinFlink","goal":"testCompile","cause":null,"state":"SUCCESS"}
13:20:54.364 [INFO]   [Measuring]   deserializing line [DIFFBLUE]{"__type":"com.diffblue.cover.buildsystem.model.DefaultEventMessage","project":"Infinitech-FinFlink:Infinitech-FinFlink","goal":"test","cause":null,"state":"STARTED"}
13:20:54.365 [INFO]   [Measuring]   out: [INFO] 
13:20:54.365 [INFO]   [Measuring]   out: [INFO] --- surefire:3.2.5:test (default-test) @ Infinitech-FinFlink ---
13:20:54.479 [INFO]   [Measuring]   deserializing line [DIFFBLUE]{"__type":"com.diffblue.cover.buildsystem.model.DefaultEventMessage","project":"Infinitech-FinFlink:Infinitech-FinFlink","goal":"test","cause":null,"state":"SUCCESS"}
13:20:54.481 [INFO]   [Measuring]   deserializing line [DIFFBLUE]{"__type":"com.diffblue.cover.buildsystem.model.DefaultEventMessage","project":"Infinitech-FinFlink:Infinitech-FinFlink","goal":"report","cause":null,"state":"STARTED"}
13:20:54.482 [INFO]   [Measuring]   out: [INFO] 
13:20:54.482 [INFO]   [Measuring]   out: [INFO] --- jacoco:0.8.11:report (default-cli) @ Infinitech-FinFlink ---
13:20:54.485 [INFO]   [Measuring]   out: [INFO] Loading execution data file /home/jbergqvist/diffblue/terrierteam-FinFlink/target/jacoco.exec
13:20:54.551 [INFO]   [Measuring]   out: [INFO] Analyzed bundle 'Infinitech-FinFlink' with 51 classes
13:20:54.626 [INFO]   [Measuring]   deserializing line [DIFFBLUE]{"__type":"com.diffblue.cover.buildsystem.model.DefaultEventMessage","project":"Infinitech-FinFlink:Infinitech-FinFlink","goal":"report","cause":null,"state":"SUCCESS"}
13:20:54.653 [INFO]   [Measuring]   deserializing line [DIFFBLUE]{"__type":"com.diffblue.cover.buildsystem.model.DefaultProjectModuleMessage","project":{"__type":"DefaultProjectModule","junitReport":["/home/jbergqvist/diffblue/terrierteam-FinFlink/target/surefire-reports"],"jacocoReport":["/home/jbergqvist/diffblue/terrierteam-FinFlink/target/site/jacoco/jacoco.xml"],"jacocoDestFile":["/home/jbergqvist/diffblue/terrierteam-FinFlink/target/jacoco.exec"],"jacocoFormats":["xml"],"jacocoSkipped":false,"classpath":["/home/jbergqvist/diffblue/terrierteam-FinFlink/target/classes","/home/jbergqvist/.m2/repository/org/apache/flink/flink-streaming-java_2.12/1.14.4/flink-streaming-java_2.12-1.14.4.jar","/home/jbergqvist/.m2/repository/org/apache/flink/flink-core/1.14.4/flink-core-1.14.4.jar","/home/jbergqvist/.m2/repository/org/apache/flink/flink-annotations/1.14.4/flink-annotations-1.14.4.jar","/home/jbergqvist/.m2/repository/org/apache/flink/flink-metrics-core/1.14.4/flink-metrics-core-1.14.4.jar","/home/jbergqvist/.m2/repository/org/apache/flink/flink-shaded-asm-7/7.1-14.0/flink-shaded-asm-7-7.1-14.0.jar","/home/jbergqvist/.m2/repository/org/apache/commons/commons-lang3/3.3.2/commons-lang3-3.3.2.jar","/home/jbergqvist/.m2/repository/com/esotericsoftware/kryo/kryo/2.24.0/kryo-2.24.0.jar","/home/jbergqvist/.m2/repository/com/esotericsoftware/minlog/minlog/1.2/minlog-1.2.jar","/home/jbergqvist/.m2/repository/commons-collections/commons-collections/3.2.2/commons-collections-3.2.2.jar","/home/jbergqvist/.m2/repository/org/apache/commons/commons-compress/1.21/commons-compress-1.21.jar","/home/jbergqvist/.m2/repository/org/apache/flink/flink-file-sink-common/1.14.4/flink-file-sink-common-1.14.4.jar","/home/jbergqvist/.m2/repository/org/apache/flink/flink-runtime/1.14.4/flink-runtime-1.14.4.jar","/home/jbergqvist/.m2/repository/org/apache/flink/flink-rpc-core/1.14.4/flink-rpc-core-1.14.4.jar","/home/jbergqvist/.m2/repository/org/apache/flink/flink-rpc-akka-loader/1.14.4/flink-rpc-akka-loader-1.14.4.jar","/home/jbergqvist/.m2/repository/org/apache/flink/flink-queryable-state-client-java/1.14.4/flink-queryable-state-client-java-1.14.4.jar","/home/jbergqvist/.m2/repository/org/apache/flink/flink-hadoop-fs/1.14.4/flink-hadoop-fs-1.14.4.jar","/home/jbergqvist/.m2/repository/commons-io/commons-io/2.8.0/commons-io-2.8.0.jar","/home/jbergqvist/.m2/repository/org/apache/flink/flink-shaded-netty/4.1.65.Final-14.0/flink-shaded-netty-4.1.65.Final-14.0.jar","/home/jbergqvist/.m2/repository/org/apache/flink/flink-shaded-jackson/2.12.4-14.0/flink-shaded-jackson-2.12.4-14.0.jar","/home/jbergqvist/.m2/repository/org/apache/flink/flink-shaded-zookeeper-3/3.4.14-14.0/flink-shaded-zookeeper-3-3.4.14-14.0.jar","/home/jbergqvist/.m2/repository/org/javassist/javassist/3.24.0-GA/javassist-3.24.0-GA.jar","/home/jbergqvist/.m2/repository/org/xerial/snappy/snappy-java/1.1.8.3/snappy-java-1.1.8.3.jar","/home/jbergqvist/.m2/repository/org/lz4/lz4-java/1.8.0/lz4-java-1.8.0.jar","/home/jbergqvist/.m2/repository/org/apache/flink/flink-scala_2.12/1.14.4/flink-scala_2.12-1.14.4.jar","/home/jbergqvist/.m2/repository/org/scala-lang/scala-reflect/2.12.7/scala-reflect-2.12.7.jar","/home/jbergqvist/.m2/repository/org/scala-lang/scala-library/2.12.7/scala-library-2.12.7.jar","/home/jbergqvist/.m2/repository/org/scala-lang/scala-compiler/2.12.7/scala-compiler-2.12.7.jar","/home/jbergqvist/.m2/repository/org/scala-lang/modules/scala-xml_2.12/1.0.6/scala-xml_2.12-1.0.6.jar","/home/jbergqvist/.m2/repository/com/twitter/chill_2.12/0.7.6/chill_2.12-0.7.6.jar","/home/jbergqvist/.m2/repository/com/twitter/chill-java/0.7.6/chill-java-0.7.6.jar","/home/jbergqvist/.m2/repository/org/apache/flink/flink-java/1.14.4/flink-java-1.14.4.jar","/home/jbergqvist/.m2/repository/org/apache/flink/flink-shaded-guava/30.1.1-jre-14.0/flink-shaded-guava-30.1.1-jre-14.0.jar","/home/jbergqvist/.m2/repository/org/apache/commons/commons-math3/3.5/commons-math3-3.5.jar","/home/jbergqvist/.m2/repository/org/slf4j/slf4j-api/1.7.15/slf4j-api-1.7.15.jar","/home/jbergqvist/.m2/repository/com/google/code/findbugs/jsr305/1.3.9/jsr305-1.3.9.jar","/home/jbergqvist/.m2/repository/org/apache/flink/flink-shaded-force-shading/14.0/flink-shaded-force-shading-14.0.jar","/home/jbergqvist/.m2/repository/org/junit/jupiter/junit-jupiter-engine/5.13.4/junit-jupiter-engine-5.13.4.jar","/home/jbergqvist/.m2/repository/org/junit/platform/junit-platform-engine/1.13.4/junit-platform-engine-1.13.4.jar","/home/jbergqvist/.m2/repository/org/opentest4j/opentest4j/1.3.0/opentest4j-1.3.0.jar","/home/jbergqvist/.m2/repository/org/junit/platform/junit-platform-commons/1.13.4/junit-platform-commons-1.13.4.jar","/home/jbergqvist/.m2/repository/org/junit/jupiter/junit-jupiter-api/5.13.4/junit-jupiter-api-5.13.4.jar","/home/jbergqvist/.m2/repository/org/apiguardian/apiguardian-api/1.1.2/apiguardian-api-1.1.2.jar","/home/jbergqvist/.m2/repository/org/mockito/mockito-core/5.20.0/mockito-core-5.20.0.jar","/home/jbergqvist/.m2/repository/net/bytebuddy/byte-buddy/1.17.7/byte-buddy-1.17.7.jar","/home/jbergqvist/.m2/repository/net/bytebuddy/byte-buddy-agent/1.17.7/byte-buddy-agent-1.17.7.jar","/home/jbergqvist/.m2/repository/org/objenesis/objenesis/3.3/objenesis-3.3.jar","/home/jbergqvist/.m2/repository/org/mockito/mockito-junit-jupiter/5.20.0/mockito-junit-jupiter-5.20.0.jar","/home/jbergqvist/.m2/repository/org/apache/flink/flink-clients_2.12/1.14.4/flink-clients_2.12-1.14.4.jar","/home/jbergqvist/.m2/repository/org/apache/flink/flink-optimizer/1.14.4/flink-optimizer-1.14.4.jar","/home/jbergqvist/.m2/repository/commons-cli/commons-cli/1.3.1/commons-cli-1.3.1.jar","/home/jbergqvist/.m2/repository/org/apache/flink/flink-connector-kafka_2.11/1.14.4/flink-connector-kafka_2.11-1.14.4.jar","/home/jbergqvist/.m2/repository/org/apache/flink/flink-connector-base/1.14.4/flink-connector-base-1.14.4.jar","/home/jbergqvist/.m2/repository/org/apache/kafka/kafka-clients/2.4.1/kafka-clients-2.4.1.jar","/home/jbergqvist/.m2/repository/com/github/luben/zstd-jni/1.4.3-1/zstd-jni-1.4.3-1.jar","/home/jbergqvist/.m2/repository/com/google/guava/guava/31.1-jre/guava-31.1-jre.jar","/home/jbergqvist/.m2/repository/com/google/guava/failureaccess/1.0.1/failureaccess-1.0.1.jar","/home/jbergqvist/.m2/repository/com/google/guava/listenablefuture/9999.0-empty-to-avoid-conflict-with-guava/listenablefuture-9999.0-empty-to-avoid-conflict-with-guava.jar","/home/jbergqvist/.m2/repository/org/checkerframework/checker-qual/3.12.0/checker-qual-3.12.0.jar","/home/jbergqvist/.m2/repository/com/google/errorprone/error_prone_annotations/2.11.0/error_prone_annotations-2.11.0.jar","/home/jbergqvist/.m2/repository/com/google/j2objc/j2objc-annotations/1.3/j2objc-annotations-1.3.jar","/home/jbergqvist/.m2/repository/org/questdb/questdb/6.4.3/questdb-6.4.3.jar","/home/jbergqvist/.m2/repository/com/diffblue/cover/cover-annotations/1.8.0/cover-annotations-1.8.0.jar"],"complianceLevel":"11","productionSources":["/home/jbergqvist/diffblue/terrierteam-FinFlink/src/main/java"],"testSources":["/home/jbergqvist/diffblue/terrierteam-FinFlink/src/test/java"],"productionClasses":"/home/jbergqvist/diffblue/terrierteam-FinFlink/target/classes","testClasses":"/home/jbergqvist/diffblue/terrierteam-FinFlink/target/test-classes","sourceToBuildPathMap":null,"testSourceToBuildPathMap":null,"buildDirectory":"/home/jbergqvist/diffblue/terrierteam-FinFlink/target","plugins":[{"__type":"DefaultPlugin","groupId":"org.apache.maven.plugins","artefactId":"maven-compiler-plugin","version":"3.8.1","pluginClassName":null},{"__type":"DefaultPlugin","groupId":"org.apache.maven.plugins","artefactId":"maven-shade-plugin","version":"3.1.1","pluginClassName":null},{"__type":"DefaultPlugin","groupId":"org.apache.maven.plugins","artefactId":"maven-clean-plugin","version":"3.2.0","pluginClassName":null},{"__type":"DefaultPlugin","groupId":"org.apache.maven.plugins","artefactId":"maven-resources-plugin","version":"3.3.1","pluginClassName":null},{"__type":"DefaultPlugin","groupId":"org.apache.maven.plugins","artefactId":"maven-jar-plugin","version":"3.4.1","pluginClassName":null},{"__type":"DefaultPlugin","groupId":"org.apache.maven.plugins","artefactId":"maven-surefire-plugin","version":"3.2.5","pluginClassName":null},{"__type":"DefaultPlugin","groupId":"org.apache.maven.plugins","artefactId":"maven-install-plugin","version":"3.1.2","pluginClassName":null},{"__type":"DefaultPlugin","groupId":"org.apache.maven.plugins","artefactId":"maven-deploy-plugin","version":"3.1.2","pluginClassName":null},{"__type":"DefaultPlugin","groupId":"org.apache.maven.plugins","artefactId":"maven-site-plugin","version":"3.12.1","pluginClassName":null}],"version":"3.9.12","encoding":null,"name":"maven","subModules":[],"simpleModuleName":null,"parentModuleName":null,"location":"/home/jbergqvist/diffblue/terrierteam-FinFlink","fullModuleName":"Infinitech-FinFlink:Infinitech-FinFlink"}}
13:20:54.656 [INFO]   [Measuring]   out: [INFO] ------------------------------------------------------------------------
13:20:54.656 [INFO]   [Measuring]   out: [INFO] BUILD SUCCESS
13:20:54.656 [INFO]   [Measuring]   out: [INFO] ------------------------------------------------------------------------
13:20:54.656 [INFO]   [Measuring]   out: [INFO] Total time:  1.023 s
13:20:54.656 [INFO]   [Measuring]   out: [INFO] Finished at: 2026-01-12T13:20:54Z
13:20:54.656 [INFO]   [Measuring]   out: [INFO] ------------------------------------------------------------------------
13:20:54.657 [INFO]   [Measuring]   deserializing line [DIFFBLUE]{"__type":"com.diffblue.cover.buildsystem.model.ProjectInfoMessage","projectName":"Infinitech-FinFlink:Infinitech-FinFlink","productionSources":["/home/jbergqvist/diffblue/terrierteam-FinFlink/src/main/java","/home/jbergqvist/diffblue/terrierteam-FinFlink/target/generated-sources/annotations"],"testSources":["/home/jbergqvist/diffblue/terrierteam-FinFlink/src/test/java","/home/jbergqvist/diffblue/terrierteam-FinFlink/target/generated-test-sources/test-annotations"],"location":"/home/jbergqvist/diffblue/terrierteam-FinFlink"}
13:20:54.702 [INFO]   [Measuring]   maven:err process not stopped, joining thread
13:20:54.702 [INFO]   [Measuring]   maven:out process not stopped, joining thread
13:20:54.703 [INFO]   [Measuring]   JaCoCo report file created in /home/jbergqvist/diffblue/terrierteam-FinFlink/.diffblue/reports/manual-tests-jacoco-report.xml
13:20:54.711 [INFO]   [Measuring]   
13:20:54.728 [INFO]   [Measuring]   Diffblue tests cover 782 of 916 lines to cover (85.4%)
13:20:54.737 [INFO]   [Measuring]   Manual tests cover 0 of 916 lines to cover (0.0%)
13:20:54.867 [INFO]   [Reporting]   Writing JSON report to /home/jbergqvist/diffblue/terrierteam-FinFlink/.diffblue/reports/report.json
13:20:54.986 [INFO]   [Reporting]   
13:20:54.986 [WARN]   [Reporting]   One or more warnings were logged, please review them in the log file
13:20:54.986 [INFO]   [Reporting]   Log file: /home/jbergqvist/diffblue/terrierteam-FinFlink/.diffblue/log/user-20260112T131755.log
13:20:54.987 [INFO]   [Reporting]   Finished in 2m 53s
