13:40:34.849 [INFO]   [Preparing]   Diffblue Cover 2025.12.02-74144f0-licensed
13:40:34.849 [INFO]   [Preparing]   Running: dcover create --coverage-reports
13:40:34.850 [INFO]   [Preparing]   
13:40:34.850 [INFO]   [Preparing]   Command: create
13:40:34.850 [INFO]   [Preparing]   Create tests for the specified package/class/method.
13:40:34.851 [INFO]   [Preparing]   
13:40:37.766 [INFO]   [Checking]    Maven Using ${maven.home} of: /home/jbergqvist/.sdkman/candidates/maven/current.
13:40:37.769 [INFO]   [Checking]    Maven Executing: /bin/sh -c cd /home/jbergqvist/diffblue/terrierteam-FinFlink && /home/jbergqvist/.sdkman/candidates/maven/3.9.12/bin/mvn -B -version
13:40:37.996 [INFO]   [Checking]    Standard output of build tool (Maven)
13:40:37.996 [INFO]   [Checking]    > Apache Maven 3.9.12 (848fbb4bf2d427b72bdb2471c22fced7ebd9a7a1)
13:40:37.996 [INFO]   [Checking]    > Maven home: /home/jbergqvist/.sdkman/candidates/maven/3.9.12
13:40:37.996 [INFO]   [Checking]    > Java version: 11.0.29, vendor: Amazon.com Inc., runtime: /home/jbergqvist/.sdkman/candidates/java/11.0.29-amzn
13:40:37.996 [INFO]   [Checking]    > Default locale: en_GB, platform encoding: UTF-8
13:40:37.996 [INFO]   [Checking]    > OS name: "linux", version: "6.8.0-90-generic", arch: "amd64", family: "unix"
13:40:37.999 [INFO]   [Checking]    Using default build rules as no custom rules found in any of [/home/jbergqvist/diffblue/terrierteam-FinFlink]
13:40:38.004 [INFO]   [Checking]    Attempting to invoke mvnw in working directory: /home/jbergqvist/diffblue/terrierteam-FinFlink
13:40:38.004 [INFO]   [Checking]    Attempting to invoke /home/jbergqvist/.sdkman/candidates/maven/current/bin/mvn in working directory: /home/jbergqvist/diffblue/terrierteam-FinFlink
13:40:38.005 [INFO]   [Checking]    Started "/home/jbergqvist/.sdkman/candidates/maven/current/bin/mvn -Dmaven.ext.class.path=/opt/cover/cover-buildsystem-maven-spy-jar-with-dependencies.jar -Dcom.diffblue.cover.skipTests=true -DskipTestOptimizer --batch-mode --global-settings=/home/jbergqvist/.sdkman/candidates/maven/current/conf/settings.xml dependency:build-classpath"
13:40:38.762 [INFO]   [Checking]    out: [INFO] Scanning for projects...
13:40:38.857 [INFO]   [Checking]    out: [INFO] 
13:40:38.858 [INFO]   [Checking]    out: [INFO] --------------< Infinitech-FinFlink:Infinitech-FinFlink >---------------
13:40:38.858 [INFO]   [Checking]    out: [INFO] Building Infinitech-FinFlink 0.6
13:40:38.858 [INFO]   [Checking]    out: [INFO]   from pom.xml
13:40:38.859 [INFO]   [Checking]    out: [INFO] --------------------------------[ jar ]---------------------------------
13:40:39.157 [INFO]   [Checking]    deserializing line [DIFFBLUE]{"__type":"com.diffblue.cover.buildsystem.model.DefaultEventMessage","project":"Infinitech-FinFlink:Infinitech-FinFlink","goal":"build-classpath","cause":null,"state":"STARTED"}
13:40:39.212 [INFO]   [Checking]    out: [INFO] 
13:40:39.212 [INFO]   [Checking]    out: [INFO] --- dependency:3.7.0:build-classpath (default-cli) @ Infinitech-FinFlink ---
13:40:39.558 [INFO]   [Checking]    out: [INFO] Dependencies classpath:
13:40:39.559 [INFO]   [Checking]    out: /home/jbergqvist/.m2/repository/org/apache/flink/flink-streaming-java_2.12/1.14.4/flink-streaming-java_2.12-1.14.4.jar:/home/jbergqvist/.m2/repository/org/apache/flink/flink-core/1.14.4/flink-core-1.14.4.jar:/home/jbergqvist/.m2/repository/org/apache/flink/flink-annotations/1.14.4/flink-annotations-1.14.4.jar:/home/jbergqvist/.m2/repository/org/apache/flink/flink-metrics-core/1.14.4/flink-metrics-core-1.14.4.jar:/home/jbergqvist/.m2/repository/org/apache/flink/flink-shaded-asm-7/7.1-14.0/flink-shaded-asm-7-7.1-14.0.jar:/home/jbergqvist/.m2/repository/org/apache/commons/commons-lang3/3.3.2/commons-lang3-3.3.2.jar:/home/jbergqvist/.m2/repository/com/esotericsoftware/kryo/kryo/2.24.0/kryo-2.24.0.jar:/home/jbergqvist/.m2/repository/com/esotericsoftware/minlog/minlog/1.2/minlog-1.2.jar:/home/jbergqvist/.m2/repository/commons-collections/commons-collections/3.2.2/commons-collections-3.2.2.jar:/home/jbergqvist/.m2/repository/org/apache/commons/commons-compress/1.21/commons-compress-1.21.jar:/home/jbergqvist/.m2/repository/org/apache/flink/flink-file-sink-common/1.14.4/flink-file-sink-common-1.14.4.jar:/home/jbergqvist/.m2/repository/org/apache/flink/flink-runtime/1.14.4/flink-runtime-1.14.4.jar:/home/jbergqvist/.m2/repository/org/apache/flink/flink-rpc-core/1.14.4/flink-rpc-core-1.14.4.jar:/home/jbergqvist/.m2/repository/org/apache/flink/flink-rpc-akka-loader/1.14.4/flink-rpc-akka-loader-1.14.4.jar:/home/jbergqvist/.m2/repository/org/apache/flink/flink-queryable-state-client-java/1.14.4/flink-queryable-state-client-java-1.14.4.jar:/home/jbergqvist/.m2/repository/org/apache/flink/flink-hadoop-fs/1.14.4/flink-hadoop-fs-1.14.4.jar:/home/jbergqvist/.m2/repository/commons-io/commons-io/2.8.0/commons-io-2.8.0.jar:/home/jbergqvist/.m2/repository/org/apache/flink/flink-shaded-netty/4.1.65.Final-14.0/flink-shaded-netty-4.1.65.Final-14.0.jar:/home/jbergqvist/.m2/repository/org/apache/flink/flink-shaded-jackson/2.12.4-14.0/flink-shaded-jackson-2.12.4-14.0.jar:/home/jbergqvist/.m2/repository/org/apache/flink/flink-shaded-zookeeper-3/3.4.14-14.0/flink-shaded-zookeeper-3-3.4.14-14.0.jar:/home/jbergqvist/.m2/repository/org/javassist/javassist/3.24.0-GA/javassist-3.24.0-GA.jar:/home/jbergqvist/.m2/repository/org/xerial/snappy/snappy-java/1.1.8.3/snappy-java-1.1.8.3.jar:/home/jbergqvist/.m2/repository/org/lz4/lz4-java/1.8.0/lz4-java-1.8.0.jar:/home/jbergqvist/.m2/repository/org/apache/flink/flink-scala_2.12/1.14.4/flink-scala_2.12-1.14.4.jar:/home/jbergqvist/.m2/repository/org/scala-lang/scala-reflect/2.12.7/scala-reflect-2.12.7.jar:/home/jbergqvist/.m2/repository/org/scala-lang/scala-library/2.12.7/scala-library-2.12.7.jar:/home/jbergqvist/.m2/repository/org/scala-lang/scala-compiler/2.12.7/scala-compiler-2.12.7.jar:/home/jbergqvist/.m2/repository/org/scala-lang/modules/scala-xml_2.12/1.0.6/scala-xml_2.12-1.0.6.jar:/home/jbergqvist/.m2/repository/com/twitter/chill_2.12/0.7.6/chill_2.12-0.7.6.jar:/home/jbergqvist/.m2/repository/com/twitter/chill-java/0.7.6/chill-java-0.7.6.jar:/home/jbergqvist/.m2/repository/org/apache/flink/flink-java/1.14.4/flink-java-1.14.4.jar:/home/jbergqvist/.m2/repository/org/apache/flink/flink-shaded-guava/30.1.1-jre-14.0/flink-shaded-guava-30.1.1-jre-14.0.jar:/home/jbergqvist/.m2/repository/org/apache/commons/commons-math3/3.5/commons-math3-3.5.jar:/home/jbergqvist/.m2/repository/org/slf4j/slf4j-api/1.7.15/slf4j-api-1.7.15.jar:/home/jbergqvist/.m2/repository/com/google/code/findbugs/jsr305/1.3.9/jsr305-1.3.9.jar:/home/jbergqvist/.m2/repository/org/apache/flink/flink-shaded-force-shading/14.0/flink-shaded-force-shading-14.0.jar:/home/jbergqvist/.m2/repository/org/junit/jupiter/junit-jupiter-engine/5.13.4/junit-jupiter-engine-5.13.4.jar:/home/jbergqvist/.m2/repository/org/junit/platform/junit-platform-engine/1.13.4/junit-platform-engine-1.13.4.jar:/home/jbergqvist/.m2/repository/org/opentest4j/opentest4j/1.3.0/opentest4j-1.3.0.jar:/home/jbergqvist/.m2/repository/org/junit/platform/junit-platform-commons/1.13.4/junit-platform-commons-1.13.4.jar:/home/jbergqvist/.m2/repository/org/junit/jupiter/junit-jupiter-api/5.13.4/junit-jupiter-api-5.13.4.jar:/home/jbergqvist/.m2/repository/org/apiguardian/apiguardian-api/1.1.2/apiguardian-api-1.1.2.jar:/home/jbergqvist/.m2/repository/org/mockito/mockito-core/5.20.0/mockito-core-5.20.0.jar:/home/jbergqvist/.m2/repository/net/bytebuddy/byte-buddy/1.17.7/byte-buddy-1.17.7.jar:/home/jbergqvist/.m2/repository/net/bytebuddy/byte-buddy-agent/1.17.7/byte-buddy-agent-1.17.7.jar:/home/jbergqvist/.m2/repository/org/objenesis/objenesis/3.3/objenesis-3.3.jar:/home/jbergqvist/.m2/repository/org/mockito/mockito-junit-jupiter/5.20.0/mockito-junit-jupiter-5.20.0.jar:/home/jbergqvist/.m2/repository/org/apache/flink/flink-clients_2.12/1.14.4/flink-clients_2.12-1.14.4.jar:/home/jbergqvist/.m2/repository/org/apache/flink/flink-optimizer/1.14.4/flink-optimizer-1.14.4.jar:/home/jbergqvist/.m2/repository/commons-cli/commons-cli/1.3.1/commons-cli-1.3.1.jar:/home/jbergqvist/.m2/repository/org/apache/flink/flink-connector-kafka_2.11/1.14.4/flink-connector-kafka_2.11-1.14.4.jar:/home/jbergqvist/.m2/repository/org/apache/flink/flink-connector-base/1.14.4/flink-connector-base-1.14.4.jar:/home/jbergqvist/.m2/repository/org/apache/kafka/kafka-clients/2.4.1/kafka-clients-2.4.1.jar:/home/jbergqvist/.m2/repository/com/github/luben/zstd-jni/1.4.3-1/zstd-jni-1.4.3-1.jar:/home/jbergqvist/.m2/repository/com/google/guava/guava/31.1-jre/guava-31.1-jre.jar:/home/jbergqvist/.m2/repository/com/google/guava/failureaccess/1.0.1/failureaccess-1.0.1.jar:/home/jbergqvist/.m2/repository/com/google/guava/listenablefuture/9999.0-empty-to-avoid-conflict-with-guava/listenablefuture-9999.0-empty-to-avoid-conflict-with-guava.jar:/home/jbergqvist/.m2/repository/org/checkerframework/checker-qual/3.12.0/checker-qual-3.12.0.jar:/home/jbergqvist/.m2/repository/com/google/errorprone/error_prone_annotations/2.11.0/error_prone_annotations-2.11.0.jar:/home/jbergqvist/.m2/repository/com/google/j2objc/j2objc-annotations/1.3/j2objc-annotations-1.3.jar:/home/jbergqvist/.m2/repository/org/questdb/questdb/6.4.3/questdb-6.4.3.jar:/home/jbergqvist/.m2/repository/com/diffblue/cover/cover-annotations/1.8.0/cover-annotations-1.8.0.jar
13:40:39.559 [INFO]   [Checking]    deserializing line [DIFFBLUE]{"__type":"com.diffblue.cover.buildsystem.model.DefaultEventMessage","project":"Infinitech-FinFlink:Infinitech-FinFlink","goal":"build-classpath","cause":null,"state":"SUCCESS"}
13:40:39.589 [INFO]   [Checking]    deserializing line [DIFFBLUE]{"__type":"com.diffblue.cover.buildsystem.model.DefaultProjectModuleMessage","project":{"__type":"DefaultProjectModule","junitReport":["/home/jbergqvist/diffblue/terrierteam-FinFlink/target/surefire-reports"],"jacocoReport":["/home/jbergqvist/diffblue/terrierteam-FinFlink/target/site/jacoco/jacoco.xml"],"jacocoDestFile":["/home/jbergqvist/diffblue/terrierteam-FinFlink/target/jacoco.exec"],"jacocoFormats":["xml"],"jacocoSkipped":false,"classpath":["/home/jbergqvist/diffblue/terrierteam-FinFlink/target/classes","/home/jbergqvist/.m2/repository/org/apache/flink/flink-streaming-java_2.12/1.14.4/flink-streaming-java_2.12-1.14.4.jar","/home/jbergqvist/.m2/repository/org/apache/flink/flink-core/1.14.4/flink-core-1.14.4.jar","/home/jbergqvist/.m2/repository/org/apache/flink/flink-annotations/1.14.4/flink-annotations-1.14.4.jar","/home/jbergqvist/.m2/repository/org/apache/flink/flink-metrics-core/1.14.4/flink-metrics-core-1.14.4.jar","/home/jbergqvist/.m2/repository/org/apache/flink/flink-shaded-asm-7/7.1-14.0/flink-shaded-asm-7-7.1-14.0.jar","/home/jbergqvist/.m2/repository/org/apache/commons/commons-lang3/3.3.2/commons-lang3-3.3.2.jar","/home/jbergqvist/.m2/repository/com/esotericsoftware/kryo/kryo/2.24.0/kryo-2.24.0.jar","/home/jbergqvist/.m2/repository/com/esotericsoftware/minlog/minlog/1.2/minlog-1.2.jar","/home/jbergqvist/.m2/repository/commons-collections/commons-collections/3.2.2/commons-collections-3.2.2.jar","/home/jbergqvist/.m2/repository/org/apache/commons/commons-compress/1.21/commons-compress-1.21.jar","/home/jbergqvist/.m2/repository/org/apache/flink/flink-file-sink-common/1.14.4/flink-file-sink-common-1.14.4.jar","/home/jbergqvist/.m2/repository/org/apache/flink/flink-runtime/1.14.4/flink-runtime-1.14.4.jar","/home/jbergqvist/.m2/repository/org/apache/flink/flink-rpc-core/1.14.4/flink-rpc-core-1.14.4.jar","/home/jbergqvist/.m2/repository/org/apache/flink/flink-rpc-akka-loader/1.14.4/flink-rpc-akka-loader-1.14.4.jar","/home/jbergqvist/.m2/repository/org/apache/flink/flink-queryable-state-client-java/1.14.4/flink-queryable-state-client-java-1.14.4.jar","/home/jbergqvist/.m2/repository/org/apache/flink/flink-hadoop-fs/1.14.4/flink-hadoop-fs-1.14.4.jar","/home/jbergqvist/.m2/repository/commons-io/commons-io/2.8.0/commons-io-2.8.0.jar","/home/jbergqvist/.m2/repository/org/apache/flink/flink-shaded-netty/4.1.65.Final-14.0/flink-shaded-netty-4.1.65.Final-14.0.jar","/home/jbergqvist/.m2/repository/org/apache/flink/flink-shaded-jackson/2.12.4-14.0/flink-shaded-jackson-2.12.4-14.0.jar","/home/jbergqvist/.m2/repository/org/apache/flink/flink-shaded-zookeeper-3/3.4.14-14.0/flink-shaded-zookeeper-3-3.4.14-14.0.jar","/home/jbergqvist/.m2/repository/org/javassist/javassist/3.24.0-GA/javassist-3.24.0-GA.jar","/home/jbergqvist/.m2/repository/org/xerial/snappy/snappy-java/1.1.8.3/snappy-java-1.1.8.3.jar","/home/jbergqvist/.m2/repository/org/lz4/lz4-java/1.8.0/lz4-java-1.8.0.jar","/home/jbergqvist/.m2/repository/org/apache/flink/flink-scala_2.12/1.14.4/flink-scala_2.12-1.14.4.jar","/home/jbergqvist/.m2/repository/org/scala-lang/scala-reflect/2.12.7/scala-reflect-2.12.7.jar","/home/jbergqvist/.m2/repository/org/scala-lang/scala-library/2.12.7/scala-library-2.12.7.jar","/home/jbergqvist/.m2/repository/org/scala-lang/scala-compiler/2.12.7/scala-compiler-2.12.7.jar","/home/jbergqvist/.m2/repository/org/scala-lang/modules/scala-xml_2.12/1.0.6/scala-xml_2.12-1.0.6.jar","/home/jbergqvist/.m2/repository/com/twitter/chill_2.12/0.7.6/chill_2.12-0.7.6.jar","/home/jbergqvist/.m2/repository/com/twitter/chill-java/0.7.6/chill-java-0.7.6.jar","/home/jbergqvist/.m2/repository/org/apache/flink/flink-java/1.14.4/flink-java-1.14.4.jar","/home/jbergqvist/.m2/repository/org/apache/flink/flink-shaded-guava/30.1.1-jre-14.0/flink-shaded-guava-30.1.1-jre-14.0.jar","/home/jbergqvist/.m2/repository/org/apache/commons/commons-math3/3.5/commons-math3-3.5.jar","/home/jbergqvist/.m2/repository/org/slf4j/slf4j-api/1.7.15/slf4j-api-1.7.15.jar","/home/jbergqvist/.m2/repository/com/google/code/findbugs/jsr305/1.3.9/jsr305-1.3.9.jar","/home/jbergqvist/.m2/repository/org/apache/flink/flink-shaded-force-shading/14.0/flink-shaded-force-shading-14.0.jar","/home/jbergqvist/.m2/repository/org/junit/jupiter/junit-jupiter-engine/5.13.4/junit-jupiter-engine-5.13.4.jar","/home/jbergqvist/.m2/repository/org/junit/platform/junit-platform-engine/1.13.4/junit-platform-engine-1.13.4.jar","/home/jbergqvist/.m2/repository/org/opentest4j/opentest4j/1.3.0/opentest4j-1.3.0.jar","/home/jbergqvist/.m2/repository/org/junit/platform/junit-platform-commons/1.13.4/junit-platform-commons-1.13.4.jar","/home/jbergqvist/.m2/repository/org/junit/jupiter/junit-jupiter-api/5.13.4/junit-jupiter-api-5.13.4.jar","/home/jbergqvist/.m2/repository/org/apiguardian/apiguardian-api/1.1.2/apiguardian-api-1.1.2.jar","/home/jbergqvist/.m2/repository/org/mockito/mockito-core/5.20.0/mockito-core-5.20.0.jar","/home/jbergqvist/.m2/repository/net/bytebuddy/byte-buddy/1.17.7/byte-buddy-1.17.7.jar","/home/jbergqvist/.m2/repository/net/bytebuddy/byte-buddy-agent/1.17.7/byte-buddy-agent-1.17.7.jar","/home/jbergqvist/.m2/repository/org/objenesis/objenesis/3.3/objenesis-3.3.jar","/home/jbergqvist/.m2/repository/org/mockito/mockito-junit-jupiter/5.20.0/mockito-junit-jupiter-5.20.0.jar","/home/jbergqvist/.m2/repository/org/apache/flink/flink-clients_2.12/1.14.4/flink-clients_2.12-1.14.4.jar","/home/jbergqvist/.m2/repository/org/apache/flink/flink-optimizer/1.14.4/flink-optimizer-1.14.4.jar","/home/jbergqvist/.m2/repository/commons-cli/commons-cli/1.3.1/commons-cli-1.3.1.jar","/home/jbergqvist/.m2/repository/org/apache/flink/flink-connector-kafka_2.11/1.14.4/flink-connector-kafka_2.11-1.14.4.jar","/home/jbergqvist/.m2/repository/org/apache/flink/flink-connector-base/1.14.4/flink-connector-base-1.14.4.jar","/home/jbergqvist/.m2/repository/org/apache/kafka/kafka-clients/2.4.1/kafka-clients-2.4.1.jar","/home/jbergqvist/.m2/repository/com/github/luben/zstd-jni/1.4.3-1/zstd-jni-1.4.3-1.jar","/home/jbergqvist/.m2/repository/com/google/guava/guava/31.1-jre/guava-31.1-jre.jar","/home/jbergqvist/.m2/repository/com/google/guava/failureaccess/1.0.1/failureaccess-1.0.1.jar","/home/jbergqvist/.m2/repository/com/google/guava/listenablefuture/9999.0-empty-to-avoid-conflict-with-guava/listenablefuture-9999.0-empty-to-avoid-conflict-with-guava.jar","/home/jbergqvist/.m2/repository/org/checkerframework/checker-qual/3.12.0/checker-qual-3.12.0.jar","/home/jbergqvist/.m2/repository/com/google/errorprone/error_prone_annotations/2.11.0/error_prone_annotations-2.11.0.jar","/home/jbergqvist/.m2/repository/com/google/j2objc/j2objc-annotations/1.3/j2objc-annotations-1.3.jar","/home/jbergqvist/.m2/repository/org/questdb/questdb/6.4.3/questdb-6.4.3.jar","/home/jbergqvist/.m2/repository/com/diffblue/cover/cover-annotations/1.8.0/cover-annotations-1.8.0.jar"],"complianceLevel":"11","productionSources":["/home/jbergqvist/diffblue/terrierteam-FinFlink/src/main/java"],"testSources":["/home/jbergqvist/diffblue/terrierteam-FinFlink/src/test/java"],"productionClasses":"/home/jbergqvist/diffblue/terrierteam-FinFlink/target/classes","testClasses":"/home/jbergqvist/diffblue/terrierteam-FinFlink/target/test-classes","sourceToBuildPathMap":null,"testSourceToBuildPathMap":null,"buildDirectory":"/home/jbergqvist/diffblue/terrierteam-FinFlink/target","plugins":[{"__type":"DefaultPlugin","groupId":"org.apache.maven.plugins","artefactId":"maven-compiler-plugin","version":"3.8.1","pluginClassName":null},{"__type":"DefaultPlugin","groupId":"org.apache.maven.plugins","artefactId":"maven-shade-plugin","version":"3.1.1","pluginClassName":null},{"__type":"DefaultPlugin","groupId":"org.apache.maven.plugins","artefactId":"maven-clean-plugin","version":"3.2.0","pluginClassName":null},{"__type":"DefaultPlugin","groupId":"org.apache.maven.plugins","artefactId":"maven-resources-plugin","version":"3.3.1","pluginClassName":null},{"__type":"DefaultPlugin","groupId":"org.apache.maven.plugins","artefactId":"maven-jar-plugin","version":"3.4.1","pluginClassName":null},{"__type":"DefaultPlugin","groupId":"org.apache.maven.plugins","artefactId":"maven-surefire-plugin","version":"3.2.5","pluginClassName":null},{"__type":"DefaultPlugin","groupId":"org.apache.maven.plugins","artefactId":"maven-install-plugin","version":"3.1.2","pluginClassName":null},{"__type":"DefaultPlugin","groupId":"org.apache.maven.plugins","artefactId":"maven-deploy-plugin","version":"3.1.2","pluginClassName":null},{"__type":"DefaultPlugin","groupId":"org.apache.maven.plugins","artefactId":"maven-site-plugin","version":"3.12.1","pluginClassName":null}],"version":"3.9.12","encoding":null,"name":"maven","subModules":[],"simpleModuleName":null,"parentModuleName":null,"location":"/home/jbergqvist/diffblue/terrierteam-FinFlink","fullModuleName":"Infinitech-FinFlink:Infinitech-FinFlink"}}
13:40:39.608 [INFO]   [Checking]    out: [INFO] ------------------------------------------------------------------------
13:40:39.608 [INFO]   [Checking]    out: [INFO] BUILD SUCCESS
13:40:39.608 [INFO]   [Checking]    out: [INFO] ------------------------------------------------------------------------
13:40:39.608 [INFO]   [Checking]    out: [INFO] Total time:  0.842 s
13:40:39.608 [INFO]   [Checking]    out: [INFO] Finished at: 2026-01-12T13:40:39Z
13:40:39.608 [INFO]   [Checking]    out: [INFO] ------------------------------------------------------------------------
13:40:39.608 [INFO]   [Checking]    deserializing line [DIFFBLUE]{"__type":"com.diffblue.cover.buildsystem.model.ProjectInfoMessage","projectName":"Infinitech-FinFlink:Infinitech-FinFlink","productionSources":["/home/jbergqvist/diffblue/terrierteam-FinFlink/src/main/java"],"testSources":["/home/jbergqvist/diffblue/terrierteam-FinFlink/src/test/java"],"location":"/home/jbergqvist/diffblue/terrierteam-FinFlink"}
13:40:39.672 [INFO]   [Checking]    maven:err process not stopped, joining thread
13:40:39.672 [INFO]   [Checking]    maven:out process not stopped, joining thread
13:40:39.672 [INFO]   [Checking]    Deserializing project module message
13:40:39.673 [INFO]   [Checking]    deserializing line [DIFFBLUE]{"__type":"com.diffblue.cover.buildsystem.model.DefaultEventMessage","project":"Infinitech-FinFlink:Infinitech-FinFlink","goal":"build-classpath","cause":null,"state":"STARTED"}
13:40:39.675 [INFO]   [Checking]    deserializing line [DIFFBLUE]{"__type":"com.diffblue.cover.buildsystem.model.DefaultEventMessage","project":"Infinitech-FinFlink:Infinitech-FinFlink","goal":"build-classpath","cause":null,"state":"SUCCESS"}
13:40:39.677 [INFO]   [Checking]    deserializing line [DIFFBLUE]{"__type":"com.diffblue.cover.buildsystem.model.DefaultProjectModuleMessage","project":{"__type":"DefaultProjectModule","junitReport":["/home/jbergqvist/diffblue/terrierteam-FinFlink/target/surefire-reports"],"jacocoReport":["/home/jbergqvist/diffblue/terrierteam-FinFlink/target/site/jacoco/jacoco.xml"],"jacocoDestFile":["/home/jbergqvist/diffblue/terrierteam-FinFlink/target/jacoco.exec"],"jacocoFormats":["xml"],"jacocoSkipped":false,"classpath":["/home/jbergqvist/diffblue/terrierteam-FinFlink/target/classes","/home/jbergqvist/.m2/repository/org/apache/flink/flink-streaming-java_2.12/1.14.4/flink-streaming-java_2.12-1.14.4.jar","/home/jbergqvist/.m2/repository/org/apache/flink/flink-core/1.14.4/flink-core-1.14.4.jar","/home/jbergqvist/.m2/repository/org/apache/flink/flink-annotations/1.14.4/flink-annotations-1.14.4.jar","/home/jbergqvist/.m2/repository/org/apache/flink/flink-metrics-core/1.14.4/flink-metrics-core-1.14.4.jar","/home/jbergqvist/.m2/repository/org/apache/flink/flink-shaded-asm-7/7.1-14.0/flink-shaded-asm-7-7.1-14.0.jar","/home/jbergqvist/.m2/repository/org/apache/commons/commons-lang3/3.3.2/commons-lang3-3.3.2.jar","/home/jbergqvist/.m2/repository/com/esotericsoftware/kryo/kryo/2.24.0/kryo-2.24.0.jar","/home/jbergqvist/.m2/repository/com/esotericsoftware/minlog/minlog/1.2/minlog-1.2.jar","/home/jbergqvist/.m2/repository/commons-collections/commons-collections/3.2.2/commons-collections-3.2.2.jar","/home/jbergqvist/.m2/repository/org/apache/commons/commons-compress/1.21/commons-compress-1.21.jar","/home/jbergqvist/.m2/repository/org/apache/flink/flink-file-sink-common/1.14.4/flink-file-sink-common-1.14.4.jar","/home/jbergqvist/.m2/repository/org/apache/flink/flink-runtime/1.14.4/flink-runtime-1.14.4.jar","/home/jbergqvist/.m2/repository/org/apache/flink/flink-rpc-core/1.14.4/flink-rpc-core-1.14.4.jar","/home/jbergqvist/.m2/repository/org/apache/flink/flink-rpc-akka-loader/1.14.4/flink-rpc-akka-loader-1.14.4.jar","/home/jbergqvist/.m2/repository/org/apache/flink/flink-queryable-state-client-java/1.14.4/flink-queryable-state-client-java-1.14.4.jar","/home/jbergqvist/.m2/repository/org/apache/flink/flink-hadoop-fs/1.14.4/flink-hadoop-fs-1.14.4.jar","/home/jbergqvist/.m2/repository/commons-io/commons-io/2.8.0/commons-io-2.8.0.jar","/home/jbergqvist/.m2/repository/org/apache/flink/flink-shaded-netty/4.1.65.Final-14.0/flink-shaded-netty-4.1.65.Final-14.0.jar","/home/jbergqvist/.m2/repository/org/apache/flink/flink-shaded-jackson/2.12.4-14.0/flink-shaded-jackson-2.12.4-14.0.jar","/home/jbergqvist/.m2/repository/org/apache/flink/flink-shaded-zookeeper-3/3.4.14-14.0/flink-shaded-zookeeper-3-3.4.14-14.0.jar","/home/jbergqvist/.m2/repository/org/javassist/javassist/3.24.0-GA/javassist-3.24.0-GA.jar","/home/jbergqvist/.m2/repository/org/xerial/snappy/snappy-java/1.1.8.3/snappy-java-1.1.8.3.jar","/home/jbergqvist/.m2/repository/org/lz4/lz4-java/1.8.0/lz4-java-1.8.0.jar","/home/jbergqvist/.m2/repository/org/apache/flink/flink-scala_2.12/1.14.4/flink-scala_2.12-1.14.4.jar","/home/jbergqvist/.m2/repository/org/scala-lang/scala-reflect/2.12.7/scala-reflect-2.12.7.jar","/home/jbergqvist/.m2/repository/org/scala-lang/scala-library/2.12.7/scala-library-2.12.7.jar","/home/jbergqvist/.m2/repository/org/scala-lang/scala-compiler/2.12.7/scala-compiler-2.12.7.jar","/home/jbergqvist/.m2/repository/org/scala-lang/modules/scala-xml_2.12/1.0.6/scala-xml_2.12-1.0.6.jar","/home/jbergqvist/.m2/repository/com/twitter/chill_2.12/0.7.6/chill_2.12-0.7.6.jar","/home/jbergqvist/.m2/repository/com/twitter/chill-java/0.7.6/chill-java-0.7.6.jar","/home/jbergqvist/.m2/repository/org/apache/flink/flink-java/1.14.4/flink-java-1.14.4.jar","/home/jbergqvist/.m2/repository/org/apache/flink/flink-shaded-guava/30.1.1-jre-14.0/flink-shaded-guava-30.1.1-jre-14.0.jar","/home/jbergqvist/.m2/repository/org/apache/commons/commons-math3/3.5/commons-math3-3.5.jar","/home/jbergqvist/.m2/repository/org/slf4j/slf4j-api/1.7.15/slf4j-api-1.7.15.jar","/home/jbergqvist/.m2/repository/com/google/code/findbugs/jsr305/1.3.9/jsr305-1.3.9.jar","/home/jbergqvist/.m2/repository/org/apache/flink/flink-shaded-force-shading/14.0/flink-shaded-force-shading-14.0.jar","/home/jbergqvist/.m2/repository/org/junit/jupiter/junit-jupiter-engine/5.13.4/junit-jupiter-engine-5.13.4.jar","/home/jbergqvist/.m2/repository/org/junit/platform/junit-platform-engine/1.13.4/junit-platform-engine-1.13.4.jar","/home/jbergqvist/.m2/repository/org/opentest4j/opentest4j/1.3.0/opentest4j-1.3.0.jar","/home/jbergqvist/.m2/repository/org/junit/platform/junit-platform-commons/1.13.4/junit-platform-commons-1.13.4.jar","/home/jbergqvist/.m2/repository/org/junit/jupiter/junit-jupiter-api/5.13.4/junit-jupiter-api-5.13.4.jar","/home/jbergqvist/.m2/repository/org/apiguardian/apiguardian-api/1.1.2/apiguardian-api-1.1.2.jar","/home/jbergqvist/.m2/repository/org/mockito/mockito-core/5.20.0/mockito-core-5.20.0.jar","/home/jbergqvist/.m2/repository/net/bytebuddy/byte-buddy/1.17.7/byte-buddy-1.17.7.jar","/home/jbergqvist/.m2/repository/net/bytebuddy/byte-buddy-agent/1.17.7/byte-buddy-agent-1.17.7.jar","/home/jbergqvist/.m2/repository/org/objenesis/objenesis/3.3/objenesis-3.3.jar","/home/jbergqvist/.m2/repository/org/mockito/mockito-junit-jupiter/5.20.0/mockito-junit-jupiter-5.20.0.jar","/home/jbergqvist/.m2/repository/org/apache/flink/flink-clients_2.12/1.14.4/flink-clients_2.12-1.14.4.jar","/home/jbergqvist/.m2/repository/org/apache/flink/flink-optimizer/1.14.4/flink-optimizer-1.14.4.jar","/home/jbergqvist/.m2/repository/commons-cli/commons-cli/1.3.1/commons-cli-1.3.1.jar","/home/jbergqvist/.m2/repository/org/apache/flink/flink-connector-kafka_2.11/1.14.4/flink-connector-kafka_2.11-1.14.4.jar","/home/jbergqvist/.m2/repository/org/apache/flink/flink-connector-base/1.14.4/flink-connector-base-1.14.4.jar","/home/jbergqvist/.m2/repository/org/apache/kafka/kafka-clients/2.4.1/kafka-clients-2.4.1.jar","/home/jbergqvist/.m2/repository/com/github/luben/zstd-jni/1.4.3-1/zstd-jni-1.4.3-1.jar","/home/jbergqvist/.m2/repository/com/google/guava/guava/31.1-jre/guava-31.1-jre.jar","/home/jbergqvist/.m2/repository/com/google/guava/failureaccess/1.0.1/failureaccess-1.0.1.jar","/home/jbergqvist/.m2/repository/com/google/guava/listenablefuture/9999.0-empty-to-avoid-conflict-with-guava/listenablefuture-9999.0-empty-to-avoid-conflict-with-guava.jar","/home/jbergqvist/.m2/repository/org/checkerframework/checker-qual/3.12.0/checker-qual-3.12.0.jar","/home/jbergqvist/.m2/repository/com/google/errorprone/error_prone_annotations/2.11.0/error_prone_annotations-2.11.0.jar","/home/jbergqvist/.m2/repository/com/google/j2objc/j2objc-annotations/1.3/j2objc-annotations-1.3.jar","/home/jbergqvist/.m2/repository/org/questdb/questdb/6.4.3/questdb-6.4.3.jar","/home/jbergqvist/.m2/repository/com/diffblue/cover/cover-annotations/1.8.0/cover-annotations-1.8.0.jar"],"complianceLevel":"11","productionSources":["/home/jbergqvist/diffblue/terrierteam-FinFlink/src/main/java"],"testSources":["/home/jbergqvist/diffblue/terrierteam-FinFlink/src/test/java"],"productionClasses":"/home/jbergqvist/diffblue/terrierteam-FinFlink/target/classes","testClasses":"/home/jbergqvist/diffblue/terrierteam-FinFlink/target/test-classes","sourceToBuildPathMap":null,"testSourceToBuildPathMap":null,"buildDirectory":"/home/jbergqvist/diffblue/terrierteam-FinFlink/target","plugins":[{"__type":"DefaultPlugin","groupId":"org.apache.maven.plugins","artefactId":"maven-compiler-plugin","version":"3.8.1","pluginClassName":null},{"__type":"DefaultPlugin","groupId":"org.apache.maven.plugins","artefactId":"maven-shade-plugin","version":"3.1.1","pluginClassName":null},{"__type":"DefaultPlugin","groupId":"org.apache.maven.plugins","artefactId":"maven-clean-plugin","version":"3.2.0","pluginClassName":null},{"__type":"DefaultPlugin","groupId":"org.apache.maven.plugins","artefactId":"maven-resources-plugin","version":"3.3.1","pluginClassName":null},{"__type":"DefaultPlugin","groupId":"org.apache.maven.plugins","artefactId":"maven-jar-plugin","version":"3.4.1","pluginClassName":null},{"__type":"DefaultPlugin","groupId":"org.apache.maven.plugins","artefactId":"maven-surefire-plugin","version":"3.2.5","pluginClassName":null},{"__type":"DefaultPlugin","groupId":"org.apache.maven.plugins","artefactId":"maven-install-plugin","version":"3.1.2","pluginClassName":null},{"__type":"DefaultPlugin","groupId":"org.apache.maven.plugins","artefactId":"maven-deploy-plugin","version":"3.1.2","pluginClassName":null},{"__type":"DefaultPlugin","groupId":"org.apache.maven.plugins","artefactId":"maven-site-plugin","version":"3.12.1","pluginClassName":null}],"version":"3.9.12","encoding":null,"name":"maven","subModules":[],"simpleModuleName":null,"parentModuleName":null,"location":"/home/jbergqvist/diffblue/terrierteam-FinFlink","fullModuleName":"Infinitech-FinFlink:Infinitech-FinFlink"}}
13:40:39.685 [INFO]   [Checking]    deserializing line [DIFFBLUE]{"__type":"com.diffblue.cover.buildsystem.model.ProjectInfoMessage","projectName":"Infinitech-FinFlink:Infinitech-FinFlink","productionSources":["/home/jbergqvist/diffblue/terrierteam-FinFlink/src/main/java"],"testSources":["/home/jbergqvist/diffblue/terrierteam-FinFlink/src/test/java"],"location":"/home/jbergqvist/diffblue/terrierteam-FinFlink"}
13:40:39.686 [INFO]   [Checking]    Found 1 ProjectModuleMessages (ignoring buildSrc projects)
13:40:39.687 [INFO]   [Checking]    Found module Infinitech-FinFlink:Infinitech-FinFlink in the working directory /home/jbergqvist/diffblue/terrierteam-FinFlink
13:40:39.687 [INFO]   [Checking]    deserialized project module is present? true
13:40:39.704 [INFO]   [Checking]    Operating System: Linux amd64 6.8.0-90-generic
13:40:39.704 [INFO]   [Checking]    Default charset: UTF-8
13:40:39.704 [INFO]   [Checking]    Default locale: en_GB
13:40:39.704 [INFO]   [Checking]    Default time zone: Europe/London
13:40:39.711 [INFO]   [Checking]    Discovered modules:
13:40:39.712 [INFO]   [Checking]    - Infinitech-FinFlink:Infinitech-FinFlink
13:40:39.712 [INFO]   [Checking]    
13:40:39.715 [INFO]   [Checking]    
13:40:39.715 [INFO]   [Checking]    [1/1] Creating tests for module: Infinitech-FinFlink:Infinitech-FinFlink
13:40:39.715 [INFO]   [Checking]    ========================================================================
13:40:39.715 [INFO]   [Checking]    
13:40:39.715 [INFO]   [Checking]    Detecting environment:
13:40:39.715 [INFO]   [Checking]    ----------------------
13:40:39.772 [INFO]   [Checking]    Detected Java version 11.0.29
13:40:39.787 [INFO]   [Checking]    Maven Using ${maven.home} of: /home/jbergqvist/.sdkman/candidates/maven/current.
13:40:39.787 [INFO]   [Checking]    Maven Executing: /bin/sh -c cd /home/jbergqvist/diffblue/terrierteam-FinFlink && /home/jbergqvist/.sdkman/candidates/maven/3.9.12/bin/mvn -B -version
13:40:39.953 [INFO]   [Checking]    Standard output of build tool (Maven)
13:40:39.953 [INFO]   [Checking]    > Apache Maven 3.9.12 (848fbb4bf2d427b72bdb2471c22fced7ebd9a7a1)
13:40:39.953 [INFO]   [Checking]    > Maven home: /home/jbergqvist/.sdkman/candidates/maven/3.9.12
13:40:39.953 [INFO]   [Checking]    > Java version: 11.0.29, vendor: Amazon.com Inc., runtime: /home/jbergqvist/.sdkman/candidates/java/11.0.29-amzn
13:40:39.953 [INFO]   [Checking]    > Default locale: en_GB, platform encoding: UTF-8
13:40:39.953 [INFO]   [Checking]    > OS name: "linux", version: "6.8.0-90-generic", arch: "amd64", family: "unix"
13:40:39.954 [INFO]   [Checking]    Detected build system: Maven 3.9.12
13:40:39.960 [INFO]   [Checking]    Operating System: Linux amd64 6.8.0-90-generic
13:40:39.960 [INFO]   [Checking]    Default charset: UTF-8
13:40:39.960 [INFO]   [Checking]    Default locale: en_GB
13:40:39.960 [INFO]   [Checking]    Default time zone: Europe/London
13:40:39.961 [INFO]   [Checking]    Selected build system: Maven
13:40:39.972 [INFO]   [Checking]    Selected classpath from build system maven
13:40:39.974 [INFO]   [Checking]    Expanded classpath: 
/home/jbergqvist/diffblue/terrierteam-FinFlink/target/test-classes (test build path)
/home/jbergqvist/diffblue/terrierteam-FinFlink/target/classes (code under test)
/home/jbergqvist/.m2/repository/org/apache/flink/flink-streaming-java_2.12/1.14.4/flink-streaming-java_2.12-1.14.4.jar
/home/jbergqvist/.m2/repository/org/apache/flink/flink-core/1.14.4/flink-core-1.14.4.jar
/home/jbergqvist/.m2/repository/org/apache/flink/flink-annotations/1.14.4/flink-annotations-1.14.4.jar
/home/jbergqvist/.m2/repository/org/apache/flink/flink-metrics-core/1.14.4/flink-metrics-core-1.14.4.jar
/home/jbergqvist/.m2/repository/org/apache/flink/flink-shaded-asm-7/7.1-14.0/flink-shaded-asm-7-7.1-14.0.jar
/home/jbergqvist/.m2/repository/org/apache/commons/commons-lang3/3.3.2/commons-lang3-3.3.2.jar
/home/jbergqvist/.m2/repository/com/esotericsoftware/kryo/kryo/2.24.0/kryo-2.24.0.jar
/home/jbergqvist/.m2/repository/com/esotericsoftware/minlog/minlog/1.2/minlog-1.2.jar
/home/jbergqvist/.m2/repository/commons-collections/commons-collections/3.2.2/commons-collections-3.2.2.jar
/home/jbergqvist/.m2/repository/org/apache/commons/commons-compress/1.21/commons-compress-1.21.jar
/home/jbergqvist/.m2/repository/org/apache/flink/flink-file-sink-common/1.14.4/flink-file-sink-common-1.14.4.jar
/home/jbergqvist/.m2/repository/org/apache/flink/flink-runtime/1.14.4/flink-runtime-1.14.4.jar
/home/jbergqvist/.m2/repository/org/apache/flink/flink-rpc-core/1.14.4/flink-rpc-core-1.14.4.jar
/home/jbergqvist/.m2/repository/org/apache/flink/flink-rpc-akka-loader/1.14.4/flink-rpc-akka-loader-1.14.4.jar
/home/jbergqvist/.m2/repository/org/apache/flink/flink-queryable-state-client-java/1.14.4/flink-queryable-state-client-java-1.14.4.jar
/home/jbergqvist/.m2/repository/org/apache/flink/flink-hadoop-fs/1.14.4/flink-hadoop-fs-1.14.4.jar
/home/jbergqvist/.m2/repository/commons-io/commons-io/2.8.0/commons-io-2.8.0.jar
/home/jbergqvist/.m2/repository/org/apache/flink/flink-shaded-netty/4.1.65.Final-14.0/flink-shaded-netty-4.1.65.Final-14.0.jar
/home/jbergqvist/.m2/repository/org/apache/flink/flink-shaded-jackson/2.12.4-14.0/flink-shaded-jackson-2.12.4-14.0.jar
/home/jbergqvist/.m2/repository/org/apache/flink/flink-shaded-zookeeper-3/3.4.14-14.0/flink-shaded-zookeeper-3-3.4.14-14.0.jar
/home/jbergqvist/.m2/repository/org/javassist/javassist/3.24.0-GA/javassist-3.24.0-GA.jar
/home/jbergqvist/.m2/repository/org/xerial/snappy/snappy-java/1.1.8.3/snappy-java-1.1.8.3.jar
/home/jbergqvist/.m2/repository/org/lz4/lz4-java/1.8.0/lz4-java-1.8.0.jar
/home/jbergqvist/.m2/repository/org/apache/flink/flink-scala_2.12/1.14.4/flink-scala_2.12-1.14.4.jar
/home/jbergqvist/.m2/repository/org/scala-lang/scala-reflect/2.12.7/scala-reflect-2.12.7.jar
/home/jbergqvist/.m2/repository/org/scala-lang/scala-library/2.12.7/scala-library-2.12.7.jar
/home/jbergqvist/.m2/repository/org/scala-lang/scala-compiler/2.12.7/scala-compiler-2.12.7.jar
/home/jbergqvist/.m2/repository/org/scala-lang/modules/scala-xml_2.12/1.0.6/scala-xml_2.12-1.0.6.jar
/home/jbergqvist/.m2/repository/com/twitter/chill_2.12/0.7.6/chill_2.12-0.7.6.jar
/home/jbergqvist/.m2/repository/com/twitter/chill-java/0.7.6/chill-java-0.7.6.jar
/home/jbergqvist/.m2/repository/org/apache/flink/flink-java/1.14.4/flink-java-1.14.4.jar
/home/jbergqvist/.m2/repository/org/apache/flink/flink-shaded-guava/30.1.1-jre-14.0/flink-shaded-guava-30.1.1-jre-14.0.jar
/home/jbergqvist/.m2/repository/org/apache/commons/commons-math3/3.5/commons-math3-3.5.jar
/home/jbergqvist/.m2/repository/org/slf4j/slf4j-api/1.7.15/slf4j-api-1.7.15.jar
/home/jbergqvist/.m2/repository/com/google/code/findbugs/jsr305/1.3.9/jsr305-1.3.9.jar
/home/jbergqvist/.m2/repository/org/apache/flink/flink-shaded-force-shading/14.0/flink-shaded-force-shading-14.0.jar
/home/jbergqvist/.m2/repository/org/junit/jupiter/junit-jupiter-engine/5.13.4/junit-jupiter-engine-5.13.4.jar
/home/jbergqvist/.m2/repository/org/junit/platform/junit-platform-engine/1.13.4/junit-platform-engine-1.13.4.jar
/home/jbergqvist/.m2/repository/org/opentest4j/opentest4j/1.3.0/opentest4j-1.3.0.jar
/home/jbergqvist/.m2/repository/org/junit/platform/junit-platform-commons/1.13.4/junit-platform-commons-1.13.4.jar
/home/jbergqvist/.m2/repository/org/junit/jupiter/junit-jupiter-api/5.13.4/junit-jupiter-api-5.13.4.jar
/home/jbergqvist/.m2/repository/org/apiguardian/apiguardian-api/1.1.2/apiguardian-api-1.1.2.jar
/home/jbergqvist/.m2/repository/org/mockito/mockito-core/5.20.0/mockito-core-5.20.0.jar
/home/jbergqvist/.m2/repository/net/bytebuddy/byte-buddy/1.17.7/byte-buddy-1.17.7.jar
/home/jbergqvist/.m2/repository/net/bytebuddy/byte-buddy-agent/1.17.7/byte-buddy-agent-1.17.7.jar
/home/jbergqvist/.m2/repository/org/objenesis/objenesis/3.3/objenesis-3.3.jar
/home/jbergqvist/.m2/repository/org/mockito/mockito-junit-jupiter/5.20.0/mockito-junit-jupiter-5.20.0.jar
/home/jbergqvist/.m2/repository/org/apache/flink/flink-clients_2.12/1.14.4/flink-clients_2.12-1.14.4.jar
/home/jbergqvist/.m2/repository/org/apache/flink/flink-optimizer/1.14.4/flink-optimizer-1.14.4.jar
/home/jbergqvist/.m2/repository/commons-cli/commons-cli/1.3.1/commons-cli-1.3.1.jar
/home/jbergqvist/.m2/repository/org/apache/flink/flink-connector-kafka_2.11/1.14.4/flink-connector-kafka_2.11-1.14.4.jar
/home/jbergqvist/.m2/repository/org/apache/flink/flink-connector-base/1.14.4/flink-connector-base-1.14.4.jar
/home/jbergqvist/.m2/repository/org/apache/kafka/kafka-clients/2.4.1/kafka-clients-2.4.1.jar
/home/jbergqvist/.m2/repository/com/github/luben/zstd-jni/1.4.3-1/zstd-jni-1.4.3-1.jar
/home/jbergqvist/.m2/repository/com/google/guava/guava/31.1-jre/guava-31.1-jre.jar
/home/jbergqvist/.m2/repository/com/google/guava/failureaccess/1.0.1/failureaccess-1.0.1.jar
/home/jbergqvist/.m2/repository/com/google/guava/listenablefuture/9999.0-empty-to-avoid-conflict-with-guava/listenablefuture-9999.0-empty-to-avoid-conflict-with-guava.jar
/home/jbergqvist/.m2/repository/org/checkerframework/checker-qual/3.12.0/checker-qual-3.12.0.jar
/home/jbergqvist/.m2/repository/com/google/errorprone/error_prone_annotations/2.11.0/error_prone_annotations-2.11.0.jar
/home/jbergqvist/.m2/repository/com/google/j2objc/j2objc-annotations/1.3/j2objc-annotations-1.3.jar
/home/jbergqvist/.m2/repository/org/questdb/questdb/6.4.3/questdb-6.4.3.jar
/home/jbergqvist/.m2/repository/com/diffblue/cover/cover-annotations/1.8.0/cover-annotations-1.8.0.jar
13:40:40.015 [INFO]   [Checking]    Detected test framework: JUnit Jupiter API 5.13.4
13:40:40.026 [INFO]   [Checking]    Detected JUnit Jupiter Engine version 5.13.4
13:40:40.083 [INFO]   [Checking]    Detected Mockito Core version 5.20.0
13:40:40.479 [INFO]   [Checking]    Indexing...
13:40:40.808 [INFO]   [Checking]    Selected test output directory: /home/jbergqvist/diffblue/terrierteam-FinFlink/src/test/java
13:40:40.825 [INFO]   [Checking]    Using default build rules as no custom rules found in any of [/home/jbergqvist/diffblue/terrierteam-FinFlink]
13:40:40.827 [INFO]   [Checking]    Attempting to invoke mvnw in working directory: /home/jbergqvist/diffblue/terrierteam-FinFlink
13:40:40.827 [INFO]   [Checking]    Attempting to invoke /home/jbergqvist/.sdkman/candidates/maven/current/bin/mvn in working directory: /home/jbergqvist/diffblue/terrierteam-FinFlink
13:40:40.828 [INFO]   [Checking]    Started "/home/jbergqvist/.sdkman/candidates/maven/current/bin/mvn -Dmaven.ext.class.path=/opt/cover/cover-buildsystem-maven-spy-jar-with-dependencies.jar -Dcom.diffblue.cover.skipTests=true -DskipTestOptimizer --batch-mode --projects=Infinitech-FinFlink:Infinitech-FinFlink --global-settings=/home/jbergqvist/.sdkman/candidates/maven/current/conf/settings.xml test -DfailIfNoTests=false -Dsurefire.failIfNoSpecifiedTests=false -Dmaven.test.failure.ignore=True -Dtest=DummyJupiterDiffblueTest"
13:40:41.598 [INFO]   [Checking]    out: [INFO] Scanning for projects...
13:40:41.639 [INFO]   [Checking]    out: [INFO] 
13:40:41.640 [INFO]   [Checking]    out: [INFO] --------------< Infinitech-FinFlink:Infinitech-FinFlink >---------------
13:40:41.640 [INFO]   [Checking]    out: [INFO] Building Infinitech-FinFlink 0.6
13:40:41.640 [INFO]   [Checking]    out: [INFO]   from pom.xml
13:40:41.640 [INFO]   [Checking]    out: [INFO] --------------------------------[ jar ]---------------------------------
13:40:42.012 [INFO]   [Checking]    deserializing line [DIFFBLUE]{"__type":"com.diffblue.cover.buildsystem.model.DefaultEventMessage","project":"Infinitech-FinFlink:Infinitech-FinFlink","goal":"resources","cause":null,"state":"STARTED"}
13:40:42.015 [INFO]   [Checking]    out: [INFO] 
13:40:42.015 [INFO]   [Checking]    out: [INFO] --- resources:3.3.1:resources (default-resources) @ Infinitech-FinFlink ---
13:40:42.091 [INFO]   [Checking]    out: [WARNING] Using platform encoding (UTF-8 actually) to copy filtered resources, i.e. build is platform dependent!
13:40:42.091 [INFO]   [Checking]    out: [INFO] skip non existing resourceDirectory /home/jbergqvist/diffblue/terrierteam-FinFlink/resources
13:40:42.093 [INFO]   [Checking]    deserializing line [DIFFBLUE]{"__type":"com.diffblue.cover.buildsystem.model.DefaultEventMessage","project":"Infinitech-FinFlink:Infinitech-FinFlink","goal":"resources","cause":null,"state":"SUCCESS"}
13:40:42.096 [INFO]   [Checking]    deserializing line [DIFFBLUE]{"__type":"com.diffblue.cover.buildsystem.model.DefaultEventMessage","project":"Infinitech-FinFlink:Infinitech-FinFlink","goal":"compile","cause":null,"state":"STARTED"}
13:40:42.098 [INFO]   [Checking]    out: [INFO] 
13:40:42.099 [INFO]   [Checking]    out: [INFO] --- compiler:3.8.1:compile (default-compile) @ Infinitech-FinFlink ---
13:40:42.263 [INFO]   [Checking]    out: [INFO] Nothing to compile - all classes are up to date
13:40:42.264 [INFO]   [Checking]    deserializing line [DIFFBLUE]{"__type":"com.diffblue.cover.buildsystem.model.DefaultEventMessage","project":"Infinitech-FinFlink:Infinitech-FinFlink","goal":"compile","cause":null,"state":"SUCCESS"}
13:40:42.267 [INFO]   [Checking]    deserializing line [DIFFBLUE]{"__type":"com.diffblue.cover.buildsystem.model.DefaultEventMessage","project":"Infinitech-FinFlink:Infinitech-FinFlink","goal":"testResources","cause":null,"state":"STARTED"}
13:40:42.269 [INFO]   [Checking]    out: [INFO] 
13:40:42.269 [INFO]   [Checking]    out: [INFO] --- resources:3.3.1:testResources (default-testResources) @ Infinitech-FinFlink ---
13:40:42.269 [INFO]   [Checking]    out: [WARNING] Using platform encoding (UTF-8 actually) to copy filtered resources, i.e. build is platform dependent!
13:40:42.269 [INFO]   [Checking]    out: [INFO] skip non existing resourceDirectory /home/jbergqvist/diffblue/terrierteam-FinFlink/src/test/resources
13:40:42.270 [INFO]   [Checking]    deserializing line [DIFFBLUE]{"__type":"com.diffblue.cover.buildsystem.model.DefaultEventMessage","project":"Infinitech-FinFlink:Infinitech-FinFlink","goal":"testResources","cause":null,"state":"SUCCESS"}
13:40:42.272 [INFO]   [Checking]    deserializing line [DIFFBLUE]{"__type":"com.diffblue.cover.buildsystem.model.DefaultEventMessage","project":"Infinitech-FinFlink:Infinitech-FinFlink","goal":"testCompile","cause":null,"state":"STARTED"}
13:40:42.273 [INFO]   [Checking]    out: [INFO] 
13:40:42.273 [INFO]   [Checking]    out: [INFO] --- compiler:3.8.1:testCompile (default-testCompile) @ Infinitech-FinFlink ---
13:40:42.275 [INFO]   [Checking]    out: [INFO] Changes detected - recompiling the module!
13:40:42.276 [INFO]   [Checking]    out: [WARNING] File encoding has not been set, using platform encoding UTF-8, i.e. build is platform dependent!
13:40:42.277 [INFO]   [Checking]    out: [INFO] Compiling 3 source files to /home/jbergqvist/diffblue/terrierteam-FinFlink/target/test-classes
13:40:42.756 [INFO]   [Checking]    deserializing line [DIFFBLUE]{"__type":"com.diffblue.cover.buildsystem.model.DefaultEventMessage","project":"Infinitech-FinFlink:Infinitech-FinFlink","goal":"testCompile","cause":null,"state":"SUCCESS"}
13:40:42.759 [INFO]   [Checking]    deserializing line [DIFFBLUE]{"__type":"com.diffblue.cover.buildsystem.model.DefaultEventMessage","project":"Infinitech-FinFlink:Infinitech-FinFlink","goal":"test","cause":null,"state":"STARTED"}
13:40:42.760 [INFO]   [Checking]    out: [INFO] 
13:40:42.760 [INFO]   [Checking]    out: [INFO] --- surefire:3.2.5:test (default-test) @ Infinitech-FinFlink ---
13:40:42.928 [INFO]   [Checking]    out: [INFO] Using auto detected provider org.apache.maven.surefire.junitplatform.JUnitPlatformProvider
13:40:42.959 [INFO]   [Checking]    out: [INFO] 
13:40:42.959 [INFO]   [Checking]    out: [INFO] -------------------------------------------------------
13:40:42.959 [INFO]   [Checking]    out: [INFO]  T E S T S
13:40:42.959 [INFO]   [Checking]    out: [INFO] -------------------------------------------------------
13:40:43.371 [INFO]   [Checking]    out: [INFO] Running DummyJupiterDiffblueTest
13:40:43.405 [INFO]   [Checking]    out: [INFO] Tests run: 1, Failures: 0, Errors: 0, Skipped: 0, Time elapsed: 0.024 s -- in DummyJupiterDiffblueTest
13:40:43.420 [INFO]   [Checking]    out: [INFO] 
13:40:43.420 [INFO]   [Checking]    out: [INFO] Results:
13:40:43.420 [INFO]   [Checking]    out: [INFO] 
13:40:43.420 [INFO]   [Checking]    out: [INFO] Tests run: 1, Failures: 0, Errors: 0, Skipped: 0
13:40:43.420 [INFO]   [Checking]    out: [INFO] 
13:40:43.423 [INFO]   [Checking]    deserializing line [DIFFBLUE]{"__type":"com.diffblue.cover.buildsystem.model.DefaultEventMessage","project":"Infinitech-FinFlink:Infinitech-FinFlink","goal":"test","cause":null,"state":"SUCCESS"}
13:40:43.446 [INFO]   [Checking]    deserializing line [DIFFBLUE]{"__type":"com.diffblue.cover.buildsystem.model.DefaultProjectModuleMessage","project":{"__type":"DefaultProjectModule","junitReport":["/home/jbergqvist/diffblue/terrierteam-FinFlink/target/surefire-reports"],"jacocoReport":["/home/jbergqvist/diffblue/terrierteam-FinFlink/target/site/jacoco/jacoco.xml"],"jacocoDestFile":["/home/jbergqvist/diffblue/terrierteam-FinFlink/target/jacoco.exec"],"jacocoFormats":["xml"],"jacocoSkipped":false,"classpath":["/home/jbergqvist/diffblue/terrierteam-FinFlink/target/classes","/home/jbergqvist/.m2/repository/org/apache/flink/flink-streaming-java_2.12/1.14.4/flink-streaming-java_2.12-1.14.4.jar","/home/jbergqvist/.m2/repository/org/apache/flink/flink-core/1.14.4/flink-core-1.14.4.jar","/home/jbergqvist/.m2/repository/org/apache/flink/flink-annotations/1.14.4/flink-annotations-1.14.4.jar","/home/jbergqvist/.m2/repository/org/apache/flink/flink-metrics-core/1.14.4/flink-metrics-core-1.14.4.jar","/home/jbergqvist/.m2/repository/org/apache/flink/flink-shaded-asm-7/7.1-14.0/flink-shaded-asm-7-7.1-14.0.jar","/home/jbergqvist/.m2/repository/org/apache/commons/commons-lang3/3.3.2/commons-lang3-3.3.2.jar","/home/jbergqvist/.m2/repository/com/esotericsoftware/kryo/kryo/2.24.0/kryo-2.24.0.jar","/home/jbergqvist/.m2/repository/com/esotericsoftware/minlog/minlog/1.2/minlog-1.2.jar","/home/jbergqvist/.m2/repository/commons-collections/commons-collections/3.2.2/commons-collections-3.2.2.jar","/home/jbergqvist/.m2/repository/org/apache/commons/commons-compress/1.21/commons-compress-1.21.jar","/home/jbergqvist/.m2/repository/org/apache/flink/flink-file-sink-common/1.14.4/flink-file-sink-common-1.14.4.jar","/home/jbergqvist/.m2/repository/org/apache/flink/flink-runtime/1.14.4/flink-runtime-1.14.4.jar","/home/jbergqvist/.m2/repository/org/apache/flink/flink-rpc-core/1.14.4/flink-rpc-core-1.14.4.jar","/home/jbergqvist/.m2/repository/org/apache/flink/flink-rpc-akka-loader/1.14.4/flink-rpc-akka-loader-1.14.4.jar","/home/jbergqvist/.m2/repository/org/apache/flink/flink-queryable-state-client-java/1.14.4/flink-queryable-state-client-java-1.14.4.jar","/home/jbergqvist/.m2/repository/org/apache/flink/flink-hadoop-fs/1.14.4/flink-hadoop-fs-1.14.4.jar","/home/jbergqvist/.m2/repository/commons-io/commons-io/2.8.0/commons-io-2.8.0.jar","/home/jbergqvist/.m2/repository/org/apache/flink/flink-shaded-netty/4.1.65.Final-14.0/flink-shaded-netty-4.1.65.Final-14.0.jar","/home/jbergqvist/.m2/repository/org/apache/flink/flink-shaded-jackson/2.12.4-14.0/flink-shaded-jackson-2.12.4-14.0.jar","/home/jbergqvist/.m2/repository/org/apache/flink/flink-shaded-zookeeper-3/3.4.14-14.0/flink-shaded-zookeeper-3-3.4.14-14.0.jar","/home/jbergqvist/.m2/repository/org/javassist/javassist/3.24.0-GA/javassist-3.24.0-GA.jar","/home/jbergqvist/.m2/repository/org/xerial/snappy/snappy-java/1.1.8.3/snappy-java-1.1.8.3.jar","/home/jbergqvist/.m2/repository/org/lz4/lz4-java/1.8.0/lz4-java-1.8.0.jar","/home/jbergqvist/.m2/repository/org/apache/flink/flink-scala_2.12/1.14.4/flink-scala_2.12-1.14.4.jar","/home/jbergqvist/.m2/repository/org/scala-lang/scala-reflect/2.12.7/scala-reflect-2.12.7.jar","/home/jbergqvist/.m2/repository/org/scala-lang/scala-library/2.12.7/scala-library-2.12.7.jar","/home/jbergqvist/.m2/repository/org/scala-lang/scala-compiler/2.12.7/scala-compiler-2.12.7.jar","/home/jbergqvist/.m2/repository/org/scala-lang/modules/scala-xml_2.12/1.0.6/scala-xml_2.12-1.0.6.jar","/home/jbergqvist/.m2/repository/com/twitter/chill_2.12/0.7.6/chill_2.12-0.7.6.jar","/home/jbergqvist/.m2/repository/com/twitter/chill-java/0.7.6/chill-java-0.7.6.jar","/home/jbergqvist/.m2/repository/org/apache/flink/flink-java/1.14.4/flink-java-1.14.4.jar","/home/jbergqvist/.m2/repository/org/apache/flink/flink-shaded-guava/30.1.1-jre-14.0/flink-shaded-guava-30.1.1-jre-14.0.jar","/home/jbergqvist/.m2/repository/org/apache/commons/commons-math3/3.5/commons-math3-3.5.jar","/home/jbergqvist/.m2/repository/org/slf4j/slf4j-api/1.7.15/slf4j-api-1.7.15.jar","/home/jbergqvist/.m2/repository/com/google/code/findbugs/jsr305/1.3.9/jsr305-1.3.9.jar","/home/jbergqvist/.m2/repository/org/apache/flink/flink-shaded-force-shading/14.0/flink-shaded-force-shading-14.0.jar","/home/jbergqvist/.m2/repository/org/junit/jupiter/junit-jupiter-engine/5.13.4/junit-jupiter-engine-5.13.4.jar","/home/jbergqvist/.m2/repository/org/junit/platform/junit-platform-engine/1.13.4/junit-platform-engine-1.13.4.jar","/home/jbergqvist/.m2/repository/org/opentest4j/opentest4j/1.3.0/opentest4j-1.3.0.jar","/home/jbergqvist/.m2/repository/org/junit/platform/junit-platform-commons/1.13.4/junit-platform-commons-1.13.4.jar","/home/jbergqvist/.m2/repository/org/junit/jupiter/junit-jupiter-api/5.13.4/junit-jupiter-api-5.13.4.jar","/home/jbergqvist/.m2/repository/org/apiguardian/apiguardian-api/1.1.2/apiguardian-api-1.1.2.jar","/home/jbergqvist/.m2/repository/org/mockito/mockito-core/5.20.0/mockito-core-5.20.0.jar","/home/jbergqvist/.m2/repository/net/bytebuddy/byte-buddy/1.17.7/byte-buddy-1.17.7.jar","/home/jbergqvist/.m2/repository/net/bytebuddy/byte-buddy-agent/1.17.7/byte-buddy-agent-1.17.7.jar","/home/jbergqvist/.m2/repository/org/objenesis/objenesis/3.3/objenesis-3.3.jar","/home/jbergqvist/.m2/repository/org/mockito/mockito-junit-jupiter/5.20.0/mockito-junit-jupiter-5.20.0.jar","/home/jbergqvist/.m2/repository/org/apache/flink/flink-clients_2.12/1.14.4/flink-clients_2.12-1.14.4.jar","/home/jbergqvist/.m2/repository/org/apache/flink/flink-optimizer/1.14.4/flink-optimizer-1.14.4.jar","/home/jbergqvist/.m2/repository/commons-cli/commons-cli/1.3.1/commons-cli-1.3.1.jar","/home/jbergqvist/.m2/repository/org/apache/flink/flink-connector-kafka_2.11/1.14.4/flink-connector-kafka_2.11-1.14.4.jar","/home/jbergqvist/.m2/repository/org/apache/flink/flink-connector-base/1.14.4/flink-connector-base-1.14.4.jar","/home/jbergqvist/.m2/repository/org/apache/kafka/kafka-clients/2.4.1/kafka-clients-2.4.1.jar","/home/jbergqvist/.m2/repository/com/github/luben/zstd-jni/1.4.3-1/zstd-jni-1.4.3-1.jar","/home/jbergqvist/.m2/repository/com/google/guava/guava/31.1-jre/guava-31.1-jre.jar","/home/jbergqvist/.m2/repository/com/google/guava/failureaccess/1.0.1/failureaccess-1.0.1.jar","/home/jbergqvist/.m2/repository/com/google/guava/listenablefuture/9999.0-empty-to-avoid-conflict-with-guava/listenablefuture-9999.0-empty-to-avoid-conflict-with-guava.jar","/home/jbergqvist/.m2/repository/org/checkerframework/checker-qual/3.12.0/checker-qual-3.12.0.jar","/home/jbergqvist/.m2/repository/com/google/errorprone/error_prone_annotations/2.11.0/error_prone_annotations-2.11.0.jar","/home/jbergqvist/.m2/repository/com/google/j2objc/j2objc-annotations/1.3/j2objc-annotations-1.3.jar","/home/jbergqvist/.m2/repository/org/questdb/questdb/6.4.3/questdb-6.4.3.jar","/home/jbergqvist/.m2/repository/com/diffblue/cover/cover-annotations/1.8.0/cover-annotations-1.8.0.jar"],"complianceLevel":"11","productionSources":["/home/jbergqvist/diffblue/terrierteam-FinFlink/src/main/java"],"testSources":["/home/jbergqvist/diffblue/terrierteam-FinFlink/src/test/java"],"productionClasses":"/home/jbergqvist/diffblue/terrierteam-FinFlink/target/classes","testClasses":"/home/jbergqvist/diffblue/terrierteam-FinFlink/target/test-classes","sourceToBuildPathMap":null,"testSourceToBuildPathMap":null,"buildDirectory":"/home/jbergqvist/diffblue/terrierteam-FinFlink/target","plugins":[{"__type":"DefaultPlugin","groupId":"org.apache.maven.plugins","artefactId":"maven-compiler-plugin","version":"3.8.1","pluginClassName":null},{"__type":"DefaultPlugin","groupId":"org.apache.maven.plugins","artefactId":"maven-shade-plugin","version":"3.1.1","pluginClassName":null},{"__type":"DefaultPlugin","groupId":"org.apache.maven.plugins","artefactId":"maven-clean-plugin","version":"3.2.0","pluginClassName":null},{"__type":"DefaultPlugin","groupId":"org.apache.maven.plugins","artefactId":"maven-resources-plugin","version":"3.3.1","pluginClassName":null},{"__type":"DefaultPlugin","groupId":"org.apache.maven.plugins","artefactId":"maven-jar-plugin","version":"3.4.1","pluginClassName":null},{"__type":"DefaultPlugin","groupId":"org.apache.maven.plugins","artefactId":"maven-surefire-plugin","version":"3.2.5","pluginClassName":null},{"__type":"DefaultPlugin","groupId":"org.apache.maven.plugins","artefactId":"maven-install-plugin","version":"3.1.2","pluginClassName":null},{"__type":"DefaultPlugin","groupId":"org.apache.maven.plugins","artefactId":"maven-deploy-plugin","version":"3.1.2","pluginClassName":null},{"__type":"DefaultPlugin","groupId":"org.apache.maven.plugins","artefactId":"maven-site-plugin","version":"3.12.1","pluginClassName":null}],"version":"3.9.12","encoding":null,"name":"maven","subModules":[],"simpleModuleName":null,"parentModuleName":null,"location":"/home/jbergqvist/diffblue/terrierteam-FinFlink","fullModuleName":"Infinitech-FinFlink:Infinitech-FinFlink"}}
13:40:43.451 [INFO]   [Checking]    out: [INFO] ------------------------------------------------------------------------
13:40:43.451 [INFO]   [Checking]    out: [INFO] BUILD SUCCESS
13:40:43.451 [INFO]   [Checking]    out: [INFO] ------------------------------------------------------------------------
13:40:43.451 [INFO]   [Checking]    out: [INFO] Total time:  1.863 s
13:40:43.451 [INFO]   [Checking]    out: [INFO] Finished at: 2026-01-12T13:40:43Z
13:40:43.451 [INFO]   [Checking]    out: [INFO] ------------------------------------------------------------------------
13:40:43.451 [INFO]   [Checking]    deserializing line [DIFFBLUE]{"__type":"com.diffblue.cover.buildsystem.model.ProjectInfoMessage","projectName":"Infinitech-FinFlink:Infinitech-FinFlink","productionSources":["/home/jbergqvist/diffblue/terrierteam-FinFlink/src/main/java","/home/jbergqvist/diffblue/terrierteam-FinFlink/target/generated-sources/annotations"],"testSources":["/home/jbergqvist/diffblue/terrierteam-FinFlink/src/test/java","/home/jbergqvist/diffblue/terrierteam-FinFlink/target/generated-test-sources/test-annotations"],"location":"/home/jbergqvist/diffblue/terrierteam-FinFlink"}
13:40:43.482 [INFO]   [Checking]    maven:err process not stopped, joining thread
13:40:43.482 [INFO]   [Checking]    maven:out process not stopped, joining thread
13:40:43.500 [INFO]   [Checking]    Selected test framework: JUnit Jupiter API
13:40:43.528 [INFO]   [Checking]    Detected Mockito JUnit Jupiter version 5.20.0
13:40:43.651 [INFO]   [Checking]    Using default build rules as no custom rules found in any of [/home/jbergqvist/diffblue/terrierteam-FinFlink]
13:40:43.651 [INFO]   [Checking]    Attempting to invoke mvnw in working directory: /home/jbergqvist/diffblue/terrierteam-FinFlink
13:40:43.652 [INFO]   [Checking]    Attempting to invoke /home/jbergqvist/.sdkman/candidates/maven/current/bin/mvn in working directory: /home/jbergqvist/diffblue/terrierteam-FinFlink
13:40:43.652 [INFO]   [Checking]    Started "/home/jbergqvist/.sdkman/candidates/maven/current/bin/mvn -Dmaven.ext.class.path=/opt/cover/cover-buildsystem-maven-spy-jar-with-dependencies.jar -Dcom.diffblue.cover.skipTests=true -DskipTestOptimizer --batch-mode --projects=Infinitech-FinFlink:Infinitech-FinFlink --global-settings=/home/jbergqvist/.sdkman/candidates/maven/current/conf/settings.xml test -DfailIfNoTests=false -Dsurefire.failIfNoSpecifiedTests=false -Dmaven.test.failure.ignore=True -Dtest=DummyJUnitJupiterLauncherDiffblueTest55810312924707978"
13:40:44.492 [INFO]   [Checking]    out: [INFO] Scanning for projects...
13:40:44.535 [INFO]   [Checking]    out: [INFO] 
13:40:44.535 [INFO]   [Checking]    out: [INFO] --------------< Infinitech-FinFlink:Infinitech-FinFlink >---------------
13:40:44.536 [INFO]   [Checking]    out: [INFO] Building Infinitech-FinFlink 0.6
13:40:44.536 [INFO]   [Checking]    out: [INFO]   from pom.xml
13:40:44.536 [INFO]   [Checking]    out: [INFO] --------------------------------[ jar ]---------------------------------
13:40:44.919 [INFO]   [Checking]    deserializing line [DIFFBLUE]{"__type":"com.diffblue.cover.buildsystem.model.DefaultEventMessage","project":"Infinitech-FinFlink:Infinitech-FinFlink","goal":"resources","cause":null,"state":"STARTED"}
13:40:44.921 [INFO]   [Checking]    out: [INFO] 
13:40:44.921 [INFO]   [Checking]    out: [INFO] --- resources:3.3.1:resources (default-resources) @ Infinitech-FinFlink ---
13:40:44.993 [INFO]   [Checking]    out: [WARNING] Using platform encoding (UTF-8 actually) to copy filtered resources, i.e. build is platform dependent!
13:40:44.993 [INFO]   [Checking]    out: [INFO] skip non existing resourceDirectory /home/jbergqvist/diffblue/terrierteam-FinFlink/resources
13:40:44.994 [INFO]   [Checking]    deserializing line [DIFFBLUE]{"__type":"com.diffblue.cover.buildsystem.model.DefaultEventMessage","project":"Infinitech-FinFlink:Infinitech-FinFlink","goal":"resources","cause":null,"state":"SUCCESS"}
13:40:44.996 [INFO]   [Checking]    deserializing line [DIFFBLUE]{"__type":"com.diffblue.cover.buildsystem.model.DefaultEventMessage","project":"Infinitech-FinFlink:Infinitech-FinFlink","goal":"compile","cause":null,"state":"STARTED"}
13:40:44.998 [INFO]   [Checking]    out: [INFO] 
13:40:44.998 [INFO]   [Checking]    out: [INFO] --- compiler:3.8.1:compile (default-compile) @ Infinitech-FinFlink ---
13:40:45.152 [INFO]   [Checking]    out: [INFO] Nothing to compile - all classes are up to date
13:40:45.154 [INFO]   [Checking]    deserializing line [DIFFBLUE]{"__type":"com.diffblue.cover.buildsystem.model.DefaultEventMessage","project":"Infinitech-FinFlink:Infinitech-FinFlink","goal":"compile","cause":null,"state":"SUCCESS"}
13:40:45.157 [INFO]   [Checking]    deserializing line [DIFFBLUE]{"__type":"com.diffblue.cover.buildsystem.model.DefaultEventMessage","project":"Infinitech-FinFlink:Infinitech-FinFlink","goal":"testResources","cause":null,"state":"STARTED"}
13:40:45.159 [INFO]   [Checking]    out: [INFO] 
13:40:45.160 [INFO]   [Checking]    out: [INFO] --- resources:3.3.1:testResources (default-testResources) @ Infinitech-FinFlink ---
13:40:45.160 [INFO]   [Checking]    out: [WARNING] Using platform encoding (UTF-8 actually) to copy filtered resources, i.e. build is platform dependent!
13:40:45.160 [INFO]   [Checking]    out: [INFO] skip non existing resourceDirectory /home/jbergqvist/diffblue/terrierteam-FinFlink/src/test/resources
13:40:45.160 [INFO]   [Checking]    deserializing line [DIFFBLUE]{"__type":"com.diffblue.cover.buildsystem.model.DefaultEventMessage","project":"Infinitech-FinFlink:Infinitech-FinFlink","goal":"testResources","cause":null,"state":"SUCCESS"}
13:40:45.162 [INFO]   [Checking]    deserializing line [DIFFBLUE]{"__type":"com.diffblue.cover.buildsystem.model.DefaultEventMessage","project":"Infinitech-FinFlink:Infinitech-FinFlink","goal":"testCompile","cause":null,"state":"STARTED"}
13:40:45.164 [INFO]   [Checking]    out: [INFO] 
13:40:45.164 [INFO]   [Checking]    out: [INFO] --- compiler:3.8.1:testCompile (default-testCompile) @ Infinitech-FinFlink ---
13:40:45.164 [INFO]   [Checking]    out: [INFO] Changes detected - recompiling the module!
13:40:45.166 [INFO]   [Checking]    out: [WARNING] File encoding has not been set, using platform encoding UTF-8, i.e. build is platform dependent!
13:40:45.167 [INFO]   [Checking]    out: [INFO] Compiling 3 source files to /home/jbergqvist/diffblue/terrierteam-FinFlink/target/test-classes
13:40:45.645 [INFO]   [Checking]    deserializing line [DIFFBLUE]{"__type":"com.diffblue.cover.buildsystem.model.DefaultEventMessage","project":"Infinitech-FinFlink:Infinitech-FinFlink","goal":"testCompile","cause":null,"state":"SUCCESS"}
13:40:45.647 [INFO]   [Checking]    deserializing line [DIFFBLUE]{"__type":"com.diffblue.cover.buildsystem.model.DefaultEventMessage","project":"Infinitech-FinFlink:Infinitech-FinFlink","goal":"test","cause":null,"state":"STARTED"}
13:40:45.648 [INFO]   [Checking]    out: [INFO] 
13:40:45.648 [INFO]   [Checking]    out: [INFO] --- surefire:3.2.5:test (default-test) @ Infinitech-FinFlink ---
13:40:45.775 [INFO]   [Checking]    out: [INFO] Using auto detected provider org.apache.maven.surefire.junitplatform.JUnitPlatformProvider
13:40:45.804 [INFO]   [Checking]    out: [INFO] 
13:40:45.804 [INFO]   [Checking]    out: [INFO] -------------------------------------------------------
13:40:45.804 [INFO]   [Checking]    out: [INFO]  T E S T S
13:40:45.804 [INFO]   [Checking]    out: [INFO] -------------------------------------------------------
13:40:46.198 [INFO]   [Checking]    out: [INFO] Running DummyJUnitJupiterLauncherDiffblueTest55810312924707978
13:40:46.232 [INFO]   [Checking]    out: [INFO] Tests run: 1, Failures: 0, Errors: 0, Skipped: 0, Time elapsed: 0.024 s -- in DummyJUnitJupiterLauncherDiffblueTest55810312924707978
13:40:46.241 [INFO]   [Checking]    out: [INFO] 
13:40:46.241 [INFO]   [Checking]    out: [INFO] Results:
13:40:46.241 [INFO]   [Checking]    out: [INFO] 
13:40:46.241 [INFO]   [Checking]    out: [INFO] Tests run: 1, Failures: 0, Errors: 0, Skipped: 0
13:40:46.241 [INFO]   [Checking]    out: [INFO] 
13:40:46.244 [INFO]   [Checking]    deserializing line [DIFFBLUE]{"__type":"com.diffblue.cover.buildsystem.model.DefaultEventMessage","project":"Infinitech-FinFlink:Infinitech-FinFlink","goal":"test","cause":null,"state":"SUCCESS"}
13:40:46.266 [INFO]   [Checking]    deserializing line [DIFFBLUE]{"__type":"com.diffblue.cover.buildsystem.model.DefaultProjectModuleMessage","project":{"__type":"DefaultProjectModule","junitReport":["/home/jbergqvist/diffblue/terrierteam-FinFlink/target/surefire-reports"],"jacocoReport":["/home/jbergqvist/diffblue/terrierteam-FinFlink/target/site/jacoco/jacoco.xml"],"jacocoDestFile":["/home/jbergqvist/diffblue/terrierteam-FinFlink/target/jacoco.exec"],"jacocoFormats":["xml"],"jacocoSkipped":false,"classpath":["/home/jbergqvist/diffblue/terrierteam-FinFlink/target/classes","/home/jbergqvist/.m2/repository/org/apache/flink/flink-streaming-java_2.12/1.14.4/flink-streaming-java_2.12-1.14.4.jar","/home/jbergqvist/.m2/repository/org/apache/flink/flink-core/1.14.4/flink-core-1.14.4.jar","/home/jbergqvist/.m2/repository/org/apache/flink/flink-annotations/1.14.4/flink-annotations-1.14.4.jar","/home/jbergqvist/.m2/repository/org/apache/flink/flink-metrics-core/1.14.4/flink-metrics-core-1.14.4.jar","/home/jbergqvist/.m2/repository/org/apache/flink/flink-shaded-asm-7/7.1-14.0/flink-shaded-asm-7-7.1-14.0.jar","/home/jbergqvist/.m2/repository/org/apache/commons/commons-lang3/3.3.2/commons-lang3-3.3.2.jar","/home/jbergqvist/.m2/repository/com/esotericsoftware/kryo/kryo/2.24.0/kryo-2.24.0.jar","/home/jbergqvist/.m2/repository/com/esotericsoftware/minlog/minlog/1.2/minlog-1.2.jar","/home/jbergqvist/.m2/repository/commons-collections/commons-collections/3.2.2/commons-collections-3.2.2.jar","/home/jbergqvist/.m2/repository/org/apache/commons/commons-compress/1.21/commons-compress-1.21.jar","/home/jbergqvist/.m2/repository/org/apache/flink/flink-file-sink-common/1.14.4/flink-file-sink-common-1.14.4.jar","/home/jbergqvist/.m2/repository/org/apache/flink/flink-runtime/1.14.4/flink-runtime-1.14.4.jar","/home/jbergqvist/.m2/repository/org/apache/flink/flink-rpc-core/1.14.4/flink-rpc-core-1.14.4.jar","/home/jbergqvist/.m2/repository/org/apache/flink/flink-rpc-akka-loader/1.14.4/flink-rpc-akka-loader-1.14.4.jar","/home/jbergqvist/.m2/repository/org/apache/flink/flink-queryable-state-client-java/1.14.4/flink-queryable-state-client-java-1.14.4.jar","/home/jbergqvist/.m2/repository/org/apache/flink/flink-hadoop-fs/1.14.4/flink-hadoop-fs-1.14.4.jar","/home/jbergqvist/.m2/repository/commons-io/commons-io/2.8.0/commons-io-2.8.0.jar","/home/jbergqvist/.m2/repository/org/apache/flink/flink-shaded-netty/4.1.65.Final-14.0/flink-shaded-netty-4.1.65.Final-14.0.jar","/home/jbergqvist/.m2/repository/org/apache/flink/flink-shaded-jackson/2.12.4-14.0/flink-shaded-jackson-2.12.4-14.0.jar","/home/jbergqvist/.m2/repository/org/apache/flink/flink-shaded-zookeeper-3/3.4.14-14.0/flink-shaded-zookeeper-3-3.4.14-14.0.jar","/home/jbergqvist/.m2/repository/org/javassist/javassist/3.24.0-GA/javassist-3.24.0-GA.jar","/home/jbergqvist/.m2/repository/org/xerial/snappy/snappy-java/1.1.8.3/snappy-java-1.1.8.3.jar","/home/jbergqvist/.m2/repository/org/lz4/lz4-java/1.8.0/lz4-java-1.8.0.jar","/home/jbergqvist/.m2/repository/org/apache/flink/flink-scala_2.12/1.14.4/flink-scala_2.12-1.14.4.jar","/home/jbergqvist/.m2/repository/org/scala-lang/scala-reflect/2.12.7/scala-reflect-2.12.7.jar","/home/jbergqvist/.m2/repository/org/scala-lang/scala-library/2.12.7/scala-library-2.12.7.jar","/home/jbergqvist/.m2/repository/org/scala-lang/scala-compiler/2.12.7/scala-compiler-2.12.7.jar","/home/jbergqvist/.m2/repository/org/scala-lang/modules/scala-xml_2.12/1.0.6/scala-xml_2.12-1.0.6.jar","/home/jbergqvist/.m2/repository/com/twitter/chill_2.12/0.7.6/chill_2.12-0.7.6.jar","/home/jbergqvist/.m2/repository/com/twitter/chill-java/0.7.6/chill-java-0.7.6.jar","/home/jbergqvist/.m2/repository/org/apache/flink/flink-java/1.14.4/flink-java-1.14.4.jar","/home/jbergqvist/.m2/repository/org/apache/flink/flink-shaded-guava/30.1.1-jre-14.0/flink-shaded-guava-30.1.1-jre-14.0.jar","/home/jbergqvist/.m2/repository/org/apache/commons/commons-math3/3.5/commons-math3-3.5.jar","/home/jbergqvist/.m2/repository/org/slf4j/slf4j-api/1.7.15/slf4j-api-1.7.15.jar","/home/jbergqvist/.m2/repository/com/google/code/findbugs/jsr305/1.3.9/jsr305-1.3.9.jar","/home/jbergqvist/.m2/repository/org/apache/flink/flink-shaded-force-shading/14.0/flink-shaded-force-shading-14.0.jar","/home/jbergqvist/.m2/repository/org/junit/jupiter/junit-jupiter-engine/5.13.4/junit-jupiter-engine-5.13.4.jar","/home/jbergqvist/.m2/repository/org/junit/platform/junit-platform-engine/1.13.4/junit-platform-engine-1.13.4.jar","/home/jbergqvist/.m2/repository/org/opentest4j/opentest4j/1.3.0/opentest4j-1.3.0.jar","/home/jbergqvist/.m2/repository/org/junit/platform/junit-platform-commons/1.13.4/junit-platform-commons-1.13.4.jar","/home/jbergqvist/.m2/repository/org/junit/jupiter/junit-jupiter-api/5.13.4/junit-jupiter-api-5.13.4.jar","/home/jbergqvist/.m2/repository/org/apiguardian/apiguardian-api/1.1.2/apiguardian-api-1.1.2.jar","/home/jbergqvist/.m2/repository/org/mockito/mockito-core/5.20.0/mockito-core-5.20.0.jar","/home/jbergqvist/.m2/repository/net/bytebuddy/byte-buddy/1.17.7/byte-buddy-1.17.7.jar","/home/jbergqvist/.m2/repository/net/bytebuddy/byte-buddy-agent/1.17.7/byte-buddy-agent-1.17.7.jar","/home/jbergqvist/.m2/repository/org/objenesis/objenesis/3.3/objenesis-3.3.jar","/home/jbergqvist/.m2/repository/org/mockito/mockito-junit-jupiter/5.20.0/mockito-junit-jupiter-5.20.0.jar","/home/jbergqvist/.m2/repository/org/apache/flink/flink-clients_2.12/1.14.4/flink-clients_2.12-1.14.4.jar","/home/jbergqvist/.m2/repository/org/apache/flink/flink-optimizer/1.14.4/flink-optimizer-1.14.4.jar","/home/jbergqvist/.m2/repository/commons-cli/commons-cli/1.3.1/commons-cli-1.3.1.jar","/home/jbergqvist/.m2/repository/org/apache/flink/flink-connector-kafka_2.11/1.14.4/flink-connector-kafka_2.11-1.14.4.jar","/home/jbergqvist/.m2/repository/org/apache/flink/flink-connector-base/1.14.4/flink-connector-base-1.14.4.jar","/home/jbergqvist/.m2/repository/org/apache/kafka/kafka-clients/2.4.1/kafka-clients-2.4.1.jar","/home/jbergqvist/.m2/repository/com/github/luben/zstd-jni/1.4.3-1/zstd-jni-1.4.3-1.jar","/home/jbergqvist/.m2/repository/com/google/guava/guava/31.1-jre/guava-31.1-jre.jar","/home/jbergqvist/.m2/repository/com/google/guava/failureaccess/1.0.1/failureaccess-1.0.1.jar","/home/jbergqvist/.m2/repository/com/google/guava/listenablefuture/9999.0-empty-to-avoid-conflict-with-guava/listenablefuture-9999.0-empty-to-avoid-conflict-with-guava.jar","/home/jbergqvist/.m2/repository/org/checkerframework/checker-qual/3.12.0/checker-qual-3.12.0.jar","/home/jbergqvist/.m2/repository/com/google/errorprone/error_prone_annotations/2.11.0/error_prone_annotations-2.11.0.jar","/home/jbergqvist/.m2/repository/com/google/j2objc/j2objc-annotations/1.3/j2objc-annotations-1.3.jar","/home/jbergqvist/.m2/repository/org/questdb/questdb/6.4.3/questdb-6.4.3.jar","/home/jbergqvist/.m2/repository/com/diffblue/cover/cover-annotations/1.8.0/cover-annotations-1.8.0.jar"],"complianceLevel":"11","productionSources":["/home/jbergqvist/diffblue/terrierteam-FinFlink/src/main/java"],"testSources":["/home/jbergqvist/diffblue/terrierteam-FinFlink/src/test/java"],"productionClasses":"/home/jbergqvist/diffblue/terrierteam-FinFlink/target/classes","testClasses":"/home/jbergqvist/diffblue/terrierteam-FinFlink/target/test-classes","sourceToBuildPathMap":null,"testSourceToBuildPathMap":null,"buildDirectory":"/home/jbergqvist/diffblue/terrierteam-FinFlink/target","plugins":[{"__type":"DefaultPlugin","groupId":"org.apache.maven.plugins","artefactId":"maven-compiler-plugin","version":"3.8.1","pluginClassName":null},{"__type":"DefaultPlugin","groupId":"org.apache.maven.plugins","artefactId":"maven-shade-plugin","version":"3.1.1","pluginClassName":null},{"__type":"DefaultPlugin","groupId":"org.apache.maven.plugins","artefactId":"maven-clean-plugin","version":"3.2.0","pluginClassName":null},{"__type":"DefaultPlugin","groupId":"org.apache.maven.plugins","artefactId":"maven-resources-plugin","version":"3.3.1","pluginClassName":null},{"__type":"DefaultPlugin","groupId":"org.apache.maven.plugins","artefactId":"maven-jar-plugin","version":"3.4.1","pluginClassName":null},{"__type":"DefaultPlugin","groupId":"org.apache.maven.plugins","artefactId":"maven-surefire-plugin","version":"3.2.5","pluginClassName":null},{"__type":"DefaultPlugin","groupId":"org.apache.maven.plugins","artefactId":"maven-install-plugin","version":"3.1.2","pluginClassName":null},{"__type":"DefaultPlugin","groupId":"org.apache.maven.plugins","artefactId":"maven-deploy-plugin","version":"3.1.2","pluginClassName":null},{"__type":"DefaultPlugin","groupId":"org.apache.maven.plugins","artefactId":"maven-site-plugin","version":"3.12.1","pluginClassName":null}],"version":"3.9.12","encoding":null,"name":"maven","subModules":[],"simpleModuleName":null,"parentModuleName":null,"location":"/home/jbergqvist/diffblue/terrierteam-FinFlink","fullModuleName":"Infinitech-FinFlink:Infinitech-FinFlink"}}
13:40:46.272 [INFO]   [Checking]    out: [INFO] ------------------------------------------------------------------------
13:40:46.272 [INFO]   [Checking]    out: [INFO] BUILD SUCCESS
13:40:46.272 [INFO]   [Checking]    out: [INFO] ------------------------------------------------------------------------
13:40:46.273 [INFO]   [Checking]    out: [INFO] Total time:  1.791 s
13:40:46.273 [INFO]   [Checking]    out: [INFO] Finished at: 2026-01-12T13:40:46Z
13:40:46.273 [INFO]   [Checking]    out: [INFO] ------------------------------------------------------------------------
13:40:46.273 [INFO]   [Checking]    deserializing line [DIFFBLUE]{"__type":"com.diffblue.cover.buildsystem.model.ProjectInfoMessage","projectName":"Infinitech-FinFlink:Infinitech-FinFlink","productionSources":["/home/jbergqvist/diffblue/terrierteam-FinFlink/src/main/java","/home/jbergqvist/diffblue/terrierteam-FinFlink/target/generated-sources/annotations"],"testSources":["/home/jbergqvist/diffblue/terrierteam-FinFlink/src/test/java","/home/jbergqvist/diffblue/terrierteam-FinFlink/target/generated-test-sources/test-annotations"],"location":"/home/jbergqvist/diffblue/terrierteam-FinFlink"}
13:40:46.304 [INFO]   [Checking]    maven:err process not stopped, joining thread
13:40:46.304 [INFO]   [Checking]    maven:out process not stopped, joining thread
13:40:46.506 [INFO]   [Checking]    Detected JVM architecture: 64-Bit
13:40:46.567 [INFO]   [Checking]    Detected Cover Annotations version 1.8.0
13:40:46.662 [INFO]   [Checking]    Selected Java language compliance level: 11
13:40:46.663 [INFO]   [Checking]    Selected test validation: enabled
13:40:47.030 [INFO]   [Checking]    Prefixes for filtering classes/methods:
13:40:47.035 [INFO]   [Checking]    - eu.infinitech.finflink.apps
13:40:47.036 [INFO]   [Checking]    - eu.infinitech.finflink.keys
13:40:47.037 [INFO]   [Checking]    - eu.infinitech.finflink.sinks
13:40:47.038 [INFO]   [Checking]    - eu.infinitech.finflink.structures
13:40:47.039 [INFO]   [Checking]    - eu.infinitech.finflink.time
13:40:47.039 [INFO]   [Checking]    - eu.infinitech.finflink.transformations.data
13:40:47.040 [INFO]   [Checking]    - eu.infinitech.finflink.transformations.technicalIndicators
13:40:47.041 [INFO]   [Checking]    - eu.infinitech.finflink.util
13:40:47.041 [INFO]   [Checking]    Gathering methods to test...
13:40:49.249 [WARN]   [Checking]    E199: Libraries with limited support found
Libraries are on the classpath that have only limited support by
Diffblue Cover:
- Apache Flink 1.14.4
For code that uses these libraries fewer or lower quality tests may be written.
13:40:49.275 [INFO]   [Reporting]   
13:40:49.275 [INFO]   [Reporting]   Environment summary for module: Infinitech-FinFlink:Infinitech-FinFlink
13:40:49.275 [INFO]   [Reporting]   -----------------------------------------------------------------------
13:40:49.276 [INFO]   [Reporting]   Java version                   11.0.29                       SUCCESS        
13:40:49.276 [INFO]   [Reporting]   Build system                   Maven                         SUCCESS        
13:40:49.276 [INFO]   [Reporting]   Mocking Framework              Mockito Core 5.20.0           SUCCESS        
13:40:49.276 [INFO]   [Reporting]   Surefire version               3.2.5                         SUCCESS        
13:40:49.276 [INFO]   [Reporting]   Testing framework              JUnit Jupiter                 SUCCESS        
13:40:49.276 [INFO]   [Reporting]   Mockito JUnit Jupiter version  5.20.0                        SUCCESS        
13:40:49.276 [INFO]   [Reporting]   JavaEE version                 Skipped                       -----          
13:40:49.276 [INFO]   [Reporting]   OSGi Annotations               Not Detected                  -----          
13:40:49.276 [INFO]   [Reporting]   Javax WS RS API                Not Detected                  -----          
13:40:49.276 [INFO]   [Reporting]   Jakarta RESTful WS API         Not Detected                  -----          
13:40:49.276 [INFO]   [Reporting]   Jersey Server                  Not Detected                  -----          
13:40:49.276 [INFO]   [Reporting]   Jersey Test Framework          Not Detected                  -----          
13:40:49.276 [INFO]   [Reporting]   Jersey Test Provider InMemory  Not Detected                  -----          
13:40:49.276 [INFO]   [Reporting]   Guice Framework                Not Detected                  -----          
13:40:49.276 [INFO]   [Reporting]   JaCoCo plugin version          0.8.11                        SUCCESS        
13:40:49.276 [INFO]   [Reporting]   Launcher                       JUnit Jupiter                 SUCCESS        
13:40:49.276 [INFO]   [Reporting]   Quarkus                        Not Detected                  -----          
13:40:49.276 [INFO]   [Reporting]   Test validation                Enabled                       SUCCESS        
13:40:49.276 [INFO]   [Reporting]   Hamcrest                       Not Detected                  -----          
13:40:49.276 [INFO]   [Reporting]   Spring Core                    Not Detected                  -----          
13:40:49.276 [INFO]   [Reporting]   Spring Boot                    Skipped                       -----          
13:40:49.276 [INFO]   [Reporting]   Spring Boot Starter Webflux    Skipped                       -----          
13:40:49.276 [INFO]   [Reporting]   Spring Boot Test Autoconfigure Skipped                       -----          
13:40:49.276 [INFO]   [Reporting]   Spring Boot Test               Skipped                       -----          
13:40:49.276 [INFO]   [Reporting]   Spring Web                     Skipped                       -----          
13:40:49.276 [INFO]   [Reporting]   Spring Security Web            Skipped                       -----          
13:40:49.276 [INFO]   [Reporting]   Spring Test                    Skipped                       -----          
13:40:49.276 [INFO]   [Reporting]   Libraries with limited support Found                         WARNING        
13:40:49.276 [INFO]   [Reporting]   
13:40:49.276 [INFO]   [Reporting]   Environment check status: WARNING
13:40:49.402 [INFO]   [Creating]    Found 224 callable methods in 47 classes
13:40:49.403 [INFO]   [Creating]    
13:40:49.403 [INFO]   [Creating]    Creating tests:
13:40:49.403 [INFO]   [Creating]    ---------------
13:40:49.408 [INFO]   [Creating]    
================================================================================
= Starting analysis for class 'eu.infinitech.finflink.apps.FinFlinkExample'
================================================================================
13:40:49.408 [INFO]   [Creating]    Filtering out non-testable methods...
13:40:49.868 [INFO]   [Creating]          [1/224] eu.infinitech.finflink.apps.FinFlinkExample.main
13:40:49.869 [INFO]   [Creating]          [1/224]   T006: Main method
13:40:49.869 [INFO]   [Creating]          [1/224]     It is difficult to assert on side effects of main methods in a unit test.
13:40:49.869 [INFO]   [Creating]          [1/224]     Refactor the main method. E.g. factor out its body into a separate,
13:40:49.869 [INFO]   [Creating]          [1/224]     accessible method that returns the results that should be asserted on.
13:40:49.869 [INFO]   [Creating]          [1/224]     See https://diff.blue/T006 for information on testing main methods.
13:40:50.053 [INFO]   [Creating]    Filtering of methods complete. Creating analysis request
13:40:50.054 [INFO]   [Creating]    Attempting to get service client, retry 1.
13:40:50.057 [INFO]   [Creating]    Starting monitoring server.
13:40:50.220 [INFO]   [Creating]    Monitoring server listening on localhost/127.0.0.1:35729
13:40:50.274 [INFO]   [Creating]    Starting analyzer server process...
13:40:50.274 [INFO]   [Creating]    Server command-line: /home/jbergqvist/.sdkman/candidates/java/11.0.29-amzn/bin/java -XX:+IgnoreUnrecognizedVMOptions -Djdk.attach.allowAttachSelf=true -Djdk.jar.maxSignatureFileSize=100000000 -ea -javaagent:/opt/cover/launcher-shared-jar.jar -Dlogback.configurationFile=/tmp/diffblue/config/logback-remote-service.xml -Dcom.diffblue.springIsolationJar=/opt/cover/cover-isolation-layer.jar -Dcover.jar.path=/opt/cover/cover-service-analyzer.jar -Dcom.diffblue.assertionSuggestionJar=/opt/cover/cover-service-analyzer.jar -Dcover.main.class=com.diffblue.cover.service.analyzer.Main -jar /opt/cover/launcher-shared-jar.jar --service-lifespan 120 --monitoring-service-port 35729 --index-service-port 35729 --debug-log
13:40:50.276 [INFO]   [Creating]    Server started. Waiting up to 300 seconds for a connection to be established...
13:40:51.145 [INFO]   [Creating]    Starting new remote monitor client
13:40:51.832 [INFO]   [Creating]    Attempting to start remote server.
13:40:51.990 [INFO]   [Creating]    Server started, listening on localhost/127.0.0.1:38549
13:40:51.994 [INFO]   [Creating]    Expect analyzer service to be listening on port 38549.
13:40:52.720 [INFO]   [Creating]    Started analyzer service and client retrieved.
13:40:57.259 [INFO]   [Creating]          [2/224] eu.infinitech.finflink.apps.FinFlinkExample.<init>
13:40:57.259 [INFO]   [Creating]          [2/224]   T005: Trivial constructor
13:40:57.259 [INFO]   [Creating]          [2/224]     See https://diff.blue/T005
13:40:57.269 [INFO]   [Creating]     [1/47] eu.infinitech.finflink.apps.FinFlinkExample
13:40:57.269 [INFO]   [Creating]     [1/47]   Tests created: 0
13:40:57.271 [INFO]   [Creating]    
================================================================================
= Starting analysis for class 'eu.infinitech.finflink.apps.FinFlinkExample$Example'
================================================================================
13:40:57.271 [INFO]   [Creating]    Filtering out non-testable methods...
13:40:57.279 [INFO]   [Creating]          [3/224] eu.infinitech.finflink.apps.FinFlinkExample$Example.valueOf
13:40:57.279 [INFO]   [Creating]          [3/224]   T012: Synthetic method
13:40:57.279 [INFO]   [Creating]          [3/224]     Indicates that the method is synthetic. Currently, this includes methods:
13:40:57.279 [INFO]   [Creating]          [3/224]     - that are marked as synthetic by the compiler
13:40:57.279 [INFO]   [Creating]          [3/224]     - that are not directly callable
13:40:57.279 [INFO]   [Creating]          [3/224]     - that exist on the JDK class but do not appear in the source code
13:40:57.279 [INFO]   [Creating]          [3/224]     Diffblue Cover considers these methods as not directly callable.
13:40:57.282 [INFO]   [Creating]          [4/224] eu.infinitech.finflink.apps.FinFlinkExample$Example.values
13:40:57.282 [INFO]   [Creating]          [4/224]   T012: Synthetic method
13:40:57.282 [INFO]   [Creating]          [4/224]     Indicates that the method is synthetic. Currently, this includes methods:
13:40:57.282 [INFO]   [Creating]          [4/224]     - that are marked as synthetic by the compiler
13:40:57.282 [INFO]   [Creating]          [4/224]     - that are not directly callable
13:40:57.282 [INFO]   [Creating]          [4/224]     - that exist on the JDK class but do not appear in the source code
13:40:57.282 [INFO]   [Creating]          [4/224]     Diffblue Cover considers these methods as not directly callable.
13:40:57.283 [INFO]   [Creating]     [2/47] eu.infinitech.finflink.apps.FinFlinkExample$Example
13:40:57.283 [INFO]   [Creating]     [2/47]   Tests created: 0
13:40:57.283 [INFO]   [Creating]    No testable methods
13:40:57.283 [INFO]   [Creating]    
================================================================================
= Starting analysis for class 'eu.infinitech.finflink.keys.KeyByAssetID'
================================================================================
13:40:57.283 [INFO]   [Creating]    Filtering out non-testable methods...
13:40:57.293 [INFO]   [Creating]    Filtering of methods complete. Creating analysis request
13:40:57.293 [INFO]   [Creating]    Attempting to get service client, retry 1.
13:41:13.017 [INFO]   [Creating]          [5/224] eu.infinitech.finflink.keys.KeyByAssetID.<init>
13:41:13.017 [INFO]   [Creating]          [6/224] eu.infinitech.finflink.keys.KeyByAssetID.isInitialized
13:41:13.017 [INFO]   [Creating]          [6/224]   Tests created: 1
13:41:13.250 [INFO]   [Creating]          [7/224] eu.infinitech.finflink.keys.KeyByAssetID.getKey
13:41:13.250 [INFO]   [Creating]          [7/224]   Tests created: 1
13:41:13.253 [INFO]   [Creating]     [3/47] eu.infinitech.finflink.keys.KeyByAssetID
13:41:13.253 [INFO]   [Creating]     [3/47]   Tests created: 2
13:41:13.255 [INFO]   [Creating]    
================================================================================
= Starting analysis for class 'eu.infinitech.finflink.sinks.PrintSink'
================================================================================
13:41:13.255 [INFO]   [Creating]    Filtering out non-testable methods...
13:41:13.260 [INFO]   [Creating]    Filtering of methods complete. Creating analysis request
13:41:13.260 [INFO]   [Creating]    Attempting to get service client, retry 1.
13:41:20.162 [INFO]   [Creating]          [8/224] eu.infinitech.finflink.sinks.PrintSink.<init>
13:41:20.162 [INFO]   [Creating]          [9/224] eu.infinitech.finflink.sinks.PrintSink.isInitialized
13:41:20.162 [INFO]   [Creating]          [9/224]   Tests created: 1
13:41:20.166 [INFO]   [Creating]         [10/224] eu.infinitech.finflink.sinks.PrintSink.invoke
13:41:20.166 [INFO]   [Creating]         [10/224]   Diffblue AI was unable to find a test
13:41:20.167 [INFO]   [Creating]     [4/47] eu.infinitech.finflink.sinks.PrintSink
13:41:20.168 [INFO]   [Creating]     [4/47]   Tests created: 1
13:41:20.169 [INFO]   [Creating]    
================================================================================
= Starting analysis for class 'eu.infinitech.finflink.sinks.QuestDBSink'
================================================================================
13:41:20.169 [INFO]   [Creating]    Filtering out non-testable methods...
13:41:20.173 [INFO]   [Creating]    Filtering of methods complete. Creating analysis request
13:41:20.173 [INFO]   [Creating]    Attempting to get service client, retry 1.
13:41:21.589 [INFO]   [Creating]         [11/224] eu.infinitech.finflink.sinks.QuestDBSink.getColumNames
13:41:21.589 [INFO]   [Creating]         [12/224] eu.infinitech.finflink.sinks.QuestDBSink.getDbUrl
13:41:21.589 [INFO]   [Creating]         [12/224]   Tests created: 1
13:41:23.824 [INFO]   [Creating]         [13/224] eu.infinitech.finflink.sinks.QuestDBSink.<init>
13:41:23.824 [INFO]   [Creating]         [13/224]   Tests created: 3
13:41:23.827 [INFO]   [Creating]         [14/224] eu.infinitech.finflink.sinks.QuestDBSink.invoke
13:41:23.827 [INFO]   [Creating]         [14/224]   R011: Sandboxing policy violation
13:41:23.827 [INFO]   [Creating]         [14/224]     Diffblue Cover ran code in your project that tried
13:41:23.827 [INFO]   [Creating]         [14/224]     to access 'sun.misc' from calling class 'io.questdb.std.Unsafe'.
13:41:23.827 [INFO]   [Creating]         [14/224]     Diffblue Cover's default sandboxing policy disallows this in order to prevent
13:41:23.827 [INFO]   [Creating]         [14/224]     your code from damaging your system environment.
13:41:23.827 [INFO]   [Creating]         [14/224]     See https://diff.blue/R011 to resolve this issue.
13:41:23.833 [INFO]   [Creating]     [5/47] eu.infinitech.finflink.sinks.QuestDBSink
13:41:23.833 [INFO]   [Creating]     [5/47]   Tests created: 4
13:41:23.835 [INFO]   [Creating]    
================================================================================
= Starting analysis for class 'eu.infinitech.finflink.structures.IndicatorRequirements'
================================================================================
13:41:23.835 [INFO]   [Creating]    Filtering out non-testable methods...
13:41:23.845 [INFO]   [Creating]    Filtering of methods complete. Creating analysis request
13:41:23.845 [INFO]   [Creating]    Attempting to get service client, retry 1.
13:41:24.153 [INFO]   [Creating]         [15/224] eu.infinitech.finflink.structures.IndicatorRequirements.<init>
13:41:24.153 [INFO]   [Creating]         [16/224] eu.infinitech.finflink.structures.IndicatorRequirements.needsClose
13:41:24.153 [INFO]   [Creating]         [17/224] eu.infinitech.finflink.structures.IndicatorRequirements.needsHigh
13:41:24.153 [INFO]   [Creating]         [18/224] eu.infinitech.finflink.structures.IndicatorRequirements.needsLow
13:41:24.153 [INFO]   [Creating]         [19/224] eu.infinitech.finflink.structures.IndicatorRequirements.needsOpen
13:41:24.153 [INFO]   [Creating]         [20/224] eu.infinitech.finflink.structures.IndicatorRequirements.needsVolume
13:41:24.153 [INFO]   [Creating]         [20/224]   Tests created: 1
13:41:24.293 [INFO]   [Creating]         [21/224] eu.infinitech.finflink.structures.IndicatorRequirements.checkClose
13:41:24.293 [INFO]   [Creating]         [21/224]   Tests created: 1
13:41:24.435 [INFO]   [Creating]         [22/224] eu.infinitech.finflink.structures.IndicatorRequirements.checkHigh
13:41:24.435 [INFO]   [Creating]         [22/224]   Tests created: 1
13:41:24.576 [INFO]   [Creating]         [23/224] eu.infinitech.finflink.structures.IndicatorRequirements.checkLow
13:41:24.576 [INFO]   [Creating]         [23/224]   Tests created: 1
13:41:24.716 [INFO]   [Creating]         [24/224] eu.infinitech.finflink.structures.IndicatorRequirements.checkOpen
13:41:24.717 [INFO]   [Creating]         [24/224]   Tests created: 1
13:41:24.805 [INFO]   [Creating]         [25/224] eu.infinitech.finflink.structures.IndicatorRequirements.checkVolume
13:41:24.805 [INFO]   [Creating]         [25/224]   Tests created: 1
13:41:24.807 [INFO]   [Creating]     [6/47] eu.infinitech.finflink.structures.IndicatorRequirements
13:41:24.807 [INFO]   [Creating]     [6/47]   Tests created: 6
13:41:24.808 [INFO]   [Creating]    
================================================================================
= Starting analysis for class 'eu.infinitech.finflink.structures.InputStreamType'
================================================================================
13:41:24.808 [INFO]   [Creating]    Filtering out non-testable methods...
13:41:24.812 [INFO]   [Creating]    Filtering of methods complete. Creating analysis request
13:41:24.812 [INFO]   [Creating]    Attempting to get service client, retry 1.
13:41:25.392 [INFO]   [Creating]         [26/224] eu.infinitech.finflink.structures.InputStreamType.<init>
13:41:25.392 [INFO]   [Creating]         [27/224] eu.infinitech.finflink.structures.InputStreamType.<init>
13:41:25.392 [INFO]   [Creating]         [28/224] eu.infinitech.finflink.structures.InputStreamType.getAsset
13:41:25.392 [INFO]   [Creating]         [29/224] eu.infinitech.finflink.structures.InputStreamType.getType
13:41:25.392 [INFO]   [Creating]         [29/224]   Tests created: 2
13:41:25.554 [INFO]   [Creating]         [30/224] eu.infinitech.finflink.structures.InputStreamType.pricePoint
13:41:25.554 [INFO]   [Creating]         [30/224]   Tests created: 1
13:41:25.648 [INFO]   [Creating]         [31/224] eu.infinitech.finflink.structures.InputStreamType.trade
13:41:25.648 [INFO]   [Creating]         [31/224]   Tests created: 1
13:41:25.650 [INFO]   [Creating]     [7/47] eu.infinitech.finflink.structures.InputStreamType
13:41:25.650 [INFO]   [Creating]     [7/47]   Tests created: 4
13:41:25.651 [INFO]   [Creating]    
================================================================================
= Starting analysis for class 'eu.infinitech.finflink.structures.InputStreamType$Type'
================================================================================
13:41:25.651 [INFO]   [Creating]    Filtering out non-testable methods...
13:41:25.653 [INFO]   [Creating]         [32/224] eu.infinitech.finflink.structures.InputStreamType$Type.valueOf
13:41:25.653 [INFO]   [Creating]         [32/224]   T012: Synthetic method
13:41:25.653 [INFO]   [Creating]         [32/224]     Indicates that the method is synthetic. Currently, this includes methods:
13:41:25.653 [INFO]   [Creating]         [32/224]     - that are marked as synthetic by the compiler
13:41:25.653 [INFO]   [Creating]         [32/224]     - that are not directly callable
13:41:25.653 [INFO]   [Creating]         [32/224]     - that exist on the JDK class but do not appear in the source code
13:41:25.653 [INFO]   [Creating]         [32/224]     Diffblue Cover considers these methods as not directly callable.
13:41:25.655 [INFO]   [Creating]         [33/224] eu.infinitech.finflink.structures.InputStreamType$Type.values
13:41:25.655 [INFO]   [Creating]         [33/224]   T012: Synthetic method
13:41:25.655 [INFO]   [Creating]         [33/224]     Indicates that the method is synthetic. Currently, this includes methods:
13:41:25.655 [INFO]   [Creating]         [33/224]     - that are marked as synthetic by the compiler
13:41:25.655 [INFO]   [Creating]         [33/224]     - that are not directly callable
13:41:25.655 [INFO]   [Creating]         [33/224]     - that exist on the JDK class but do not appear in the source code
13:41:25.655 [INFO]   [Creating]         [33/224]     Diffblue Cover considers these methods as not directly callable.
13:41:25.655 [INFO]   [Creating]     [8/47] eu.infinitech.finflink.structures.InputStreamType$Type
13:41:25.655 [INFO]   [Creating]     [8/47]   Tests created: 0
13:41:25.655 [INFO]   [Creating]    No testable methods
13:41:25.655 [INFO]   [Creating]    
================================================================================
= Starting analysis for class 'eu.infinitech.finflink.structures.PricePoint'
================================================================================
13:41:25.655 [INFO]   [Creating]    Filtering out non-testable methods...
13:41:25.667 [INFO]   [Creating]    Filtering of methods complete. Creating analysis request
13:41:25.667 [INFO]   [Creating]    Attempting to get service client, retry 1.
13:41:26.501 [INFO]   [Creating]         [34/224] eu.infinitech.finflink.structures.PricePoint.<init>
13:41:26.501 [INFO]   [Creating]         [35/224] eu.infinitech.finflink.structures.PricePoint.getAssetSymbol
13:41:26.501 [INFO]   [Creating]         [36/224] eu.infinitech.finflink.structures.PricePoint.getClosePrice
13:41:26.501 [INFO]   [Creating]         [37/224] eu.infinitech.finflink.structures.PricePoint.getHighPrice
13:41:26.501 [INFO]   [Creating]         [38/224] eu.infinitech.finflink.structures.PricePoint.getLowPrice
13:41:26.501 [INFO]   [Creating]         [39/224] eu.infinitech.finflink.structures.PricePoint.getOpenInt
13:41:26.501 [INFO]   [Creating]         [40/224] eu.infinitech.finflink.structures.PricePoint.getOpenPrice
13:41:26.501 [INFO]   [Creating]         [41/224] eu.infinitech.finflink.structures.PricePoint.getUnixDate
13:41:26.501 [INFO]   [Creating]         [42/224] eu.infinitech.finflink.structures.PricePoint.getVolume
13:41:26.501 [INFO]   [Creating]         [43/224] eu.infinitech.finflink.structures.PricePoint.isIgnore
13:41:26.501 [INFO]   [Creating]         [44/224] eu.infinitech.finflink.structures.PricePoint.setAssetSymbol
13:41:26.501 [INFO]   [Creating]         [45/224] eu.infinitech.finflink.structures.PricePoint.setClosePrice
13:41:26.501 [INFO]   [Creating]         [46/224] eu.infinitech.finflink.structures.PricePoint.setHighPrice
13:41:26.501 [INFO]   [Creating]         [47/224] eu.infinitech.finflink.structures.PricePoint.setIgnore
13:41:26.501 [INFO]   [Creating]         [48/224] eu.infinitech.finflink.structures.PricePoint.setLowPrice
13:41:26.501 [INFO]   [Creating]         [49/224] eu.infinitech.finflink.structures.PricePoint.setOpenInt
13:41:26.501 [INFO]   [Creating]         [50/224] eu.infinitech.finflink.structures.PricePoint.setOpenPrice
13:41:26.501 [INFO]   [Creating]         [51/224] eu.infinitech.finflink.structures.PricePoint.setUnixDate
13:41:26.501 [INFO]   [Creating]         [52/224] eu.infinitech.finflink.structures.PricePoint.setVolume
13:41:26.501 [INFO]   [Creating]         [52/224]   Tests created: 1
13:41:27.028 [INFO]   [Creating]         [53/224] eu.infinitech.finflink.structures.PricePoint.<init>
13:41:27.028 [INFO]   [Creating]         [53/224]   Tests created: 1
13:41:28.295 [INFO]   [Creating]         [54/224] eu.infinitech.finflink.structures.PricePoint.<init>
13:41:28.295 [INFO]   [Creating]         [54/224]   Tests created: 1
13:41:28.569 [INFO]   [Creating]         [55/224] eu.infinitech.finflink.structures.PricePoint.compareTo
13:41:28.569 [INFO]   [Creating]         [55/224]   Tests created: 3
13:41:28.571 [INFO]   [Creating]     [9/47] eu.infinitech.finflink.structures.PricePoint
13:41:28.571 [INFO]   [Creating]     [9/47]   Tests created: 6
13:41:28.572 [INFO]   [Creating]    
================================================================================
= Starting analysis for class 'eu.infinitech.finflink.structures.StreamCharacteristics'
================================================================================
13:41:28.572 [INFO]   [Creating]    Filtering out non-testable methods...
13:41:28.576 [INFO]   [Creating]    Filtering of methods complete. Creating analysis request
13:41:28.576 [INFO]   [Creating]    Attempting to get service client, retry 1.
13:41:28.902 [INFO]   [Creating]         [56/224] eu.infinitech.finflink.structures.StreamCharacteristics.<init>
13:41:28.902 [INFO]   [Creating]         [57/224] eu.infinitech.finflink.structures.StreamCharacteristics.hasClose
13:41:28.902 [INFO]   [Creating]         [58/224] eu.infinitech.finflink.structures.StreamCharacteristics.hasHigh
13:41:28.902 [INFO]   [Creating]         [59/224] eu.infinitech.finflink.structures.StreamCharacteristics.hasLow
13:41:28.902 [INFO]   [Creating]         [60/224] eu.infinitech.finflink.structures.StreamCharacteristics.hasOpen
13:41:28.902 [INFO]   [Creating]         [61/224] eu.infinitech.finflink.structures.StreamCharacteristics.hasVolume
13:41:28.902 [INFO]   [Creating]         [61/224]   Tests created: 1
13:41:30.800 [INFO]   [Creating]         [62/224] eu.infinitech.finflink.structures.StreamCharacteristics.meetsRequirements
13:41:30.800 [INFO]   [Creating]         [62/224]   Tests created: 1
13:41:31.183 [INFO]   [Creating]         [63/224] eu.infinitech.finflink.structures.StreamCharacteristics.meetsRequirements
13:41:31.183 [INFO]   [Creating]         [63/224]   Tests created: 4
13:41:31.184 [INFO]   [Creating]    [10/47] eu.infinitech.finflink.structures.StreamCharacteristics
13:41:31.184 [INFO]   [Creating]    [10/47]   Tests created: 6
13:41:31.185 [INFO]   [Creating]    
================================================================================
= Starting analysis for class 'eu.infinitech.finflink.structures.TechnicalIndicator'
================================================================================
13:41:31.185 [INFO]   [Creating]    Filtering out non-testable methods...
13:41:31.187 [INFO]   [Creating]    Filtering of methods complete. Creating analysis request
13:41:31.187 [INFO]   [Creating]    Attempting to get service client, retry 1.
13:41:31.934 [INFO]   [Creating]         [64/224] eu.infinitech.finflink.structures.TechnicalIndicator.<init>
13:41:31.934 [INFO]   [Creating]         [65/224] eu.infinitech.finflink.structures.TechnicalIndicator.getName
13:41:31.934 [INFO]   [Creating]         [66/224] eu.infinitech.finflink.structures.TechnicalIndicator.getProperties
13:41:31.934 [INFO]   [Creating]         [67/224] eu.infinitech.finflink.structures.TechnicalIndicator.getValue
13:41:31.934 [INFO]   [Creating]         [68/224] eu.infinitech.finflink.structures.TechnicalIndicator.setName
13:41:31.934 [INFO]   [Creating]         [69/224] eu.infinitech.finflink.structures.TechnicalIndicator.setProperties
13:41:31.934 [INFO]   [Creating]         [70/224] eu.infinitech.finflink.structures.TechnicalIndicator.setValue
13:41:31.934 [INFO]   [Creating]         [70/224]   Tests created: 1
13:41:32.024 [INFO]   [Creating]         [71/224] eu.infinitech.finflink.structures.TechnicalIndicator.<init>
13:41:32.025 [INFO]   [Creating]         [71/224]   Tests created: 1
13:41:32.026 [INFO]   [Creating]    [11/47] eu.infinitech.finflink.structures.TechnicalIndicator
13:41:32.026 [INFO]   [Creating]    [11/47]   Tests created: 2
13:41:32.027 [INFO]   [Creating]    
================================================================================
= Starting analysis for class 'eu.infinitech.finflink.structures.TechnicalIndicators'
================================================================================
13:41:32.027 [INFO]   [Creating]    Filtering out non-testable methods...
13:41:32.030 [INFO]   [Creating]    Filtering of methods complete. Creating analysis request
13:41:32.030 [INFO]   [Creating]    Attempting to get service client, retry 1.
13:41:33.605 [INFO]   [Creating]         [72/224] eu.infinitech.finflink.structures.TechnicalIndicators.<init>
13:41:33.605 [INFO]   [Creating]         [73/224] eu.infinitech.finflink.structures.TechnicalIndicators.<init>
13:41:33.605 [INFO]   [Creating]         [74/224] eu.infinitech.finflink.structures.TechnicalIndicators.getIndicators
13:41:33.605 [INFO]   [Creating]         [75/224] eu.infinitech.finflink.structures.TechnicalIndicators.setIndicators
13:41:33.605 [INFO]   [Creating]         [75/224]   Tests created: 2
13:41:33.865 [INFO]   [Creating]         [76/224] eu.infinitech.finflink.structures.TechnicalIndicators.toString
13:41:33.865 [INFO]   [Creating]         [76/224]   Tests created: 3
13:41:33.866 [INFO]   [Creating]    [12/47] eu.infinitech.finflink.structures.TechnicalIndicators
13:41:33.866 [INFO]   [Creating]    [12/47]   Tests created: 5
13:41:33.867 [INFO]   [Creating]    
================================================================================
= Starting analysis for class 'eu.infinitech.finflink.structures.Trade'
================================================================================
13:41:33.867 [INFO]   [Creating]    Filtering out non-testable methods...
13:41:33.871 [INFO]   [Creating]    Filtering of methods complete. Creating analysis request
13:41:33.871 [INFO]   [Creating]    Attempting to get service client, retry 1.
13:41:34.282 [INFO]   [Creating]         [77/224] eu.infinitech.finflink.structures.Trade.<init>
13:41:34.282 [INFO]   [Creating]         [78/224] eu.infinitech.finflink.structures.Trade.getAssetSymbol
13:41:34.282 [INFO]   [Creating]         [79/224] eu.infinitech.finflink.structures.Trade.getPrice
13:41:34.282 [INFO]   [Creating]         [80/224] eu.infinitech.finflink.structures.Trade.getUnixDate
13:41:34.282 [INFO]   [Creating]         [81/224] eu.infinitech.finflink.structures.Trade.getVolume
13:41:34.282 [INFO]   [Creating]         [82/224] eu.infinitech.finflink.structures.Trade.setAssetSymbol
13:41:34.282 [INFO]   [Creating]         [83/224] eu.infinitech.finflink.structures.Trade.setPrice
13:41:34.282 [INFO]   [Creating]         [84/224] eu.infinitech.finflink.structures.Trade.setUnixDate
13:41:34.282 [INFO]   [Creating]         [85/224] eu.infinitech.finflink.structures.Trade.setVolume
13:41:34.282 [INFO]   [Creating]         [85/224]   Tests created: 1
13:41:35.549 [INFO]   [Creating]         [86/224] eu.infinitech.finflink.structures.Trade.<init>
13:41:35.549 [INFO]   [Creating]         [86/224]   Tests created: 1
13:41:35.702 [INFO]   [Creating]         [87/224] eu.infinitech.finflink.structures.Trade.compareTo
13:41:35.702 [INFO]   [Creating]         [87/224]   Tests created: 2
13:41:35.703 [INFO]   [Creating]    [13/47] eu.infinitech.finflink.structures.Trade
13:41:35.703 [INFO]   [Creating]    [13/47]   Tests created: 4
13:41:35.704 [INFO]   [Creating]    
================================================================================
= Starting analysis for class 'eu.infinitech.finflink.structures.TradePeriod'
================================================================================
13:41:35.704 [INFO]   [Creating]    Filtering out non-testable methods...
13:41:35.751 [INFO]   [Creating]    Filtering of methods complete. Creating analysis request
13:41:35.751 [INFO]   [Creating]    Attempting to get service client, retry 1.
13:41:40.612 [INFO]   [Creating]         [88/224] eu.infinitech.finflink.structures.TradePeriod.<init>
13:41:40.612 [INFO]   [Creating]         [89/224] eu.infinitech.finflink.structures.TradePeriod.getClosePrice
13:41:40.612 [INFO]   [Creating]         [90/224] eu.infinitech.finflink.structures.TradePeriod.getHighPrice
13:41:40.612 [INFO]   [Creating]         [91/224] eu.infinitech.finflink.structures.TradePeriod.getLowPrice
13:41:40.612 [INFO]   [Creating]         [92/224] eu.infinitech.finflink.structures.TradePeriod.getOpenPrice
13:41:40.612 [INFO]   [Creating]         [93/224] eu.infinitech.finflink.structures.TradePeriod.getStartTime
13:41:40.612 [INFO]   [Creating]         [94/224] eu.infinitech.finflink.structures.TradePeriod.getStopTime
13:41:40.612 [INFO]   [Creating]         [95/224] eu.infinitech.finflink.structures.TradePeriod.getTradingData
13:41:40.612 [INFO]   [Creating]         [96/224] eu.infinitech.finflink.structures.TradePeriod.getVolume
13:41:40.612 [INFO]   [Creating]         [97/224] eu.infinitech.finflink.structures.TradePeriod.setClosePrice
13:41:40.612 [INFO]   [Creating]         [98/224] eu.infinitech.finflink.structures.TradePeriod.setHighPrice
13:41:40.612 [INFO]   [Creating]         [99/224] eu.infinitech.finflink.structures.TradePeriod.setLowPrice
13:41:40.612 [INFO]   [Creating]        [100/224] eu.infinitech.finflink.structures.TradePeriod.setOpenPrice
13:41:40.612 [INFO]   [Creating]        [101/224] eu.infinitech.finflink.structures.TradePeriod.setStartTime
13:41:40.612 [INFO]   [Creating]        [102/224] eu.infinitech.finflink.structures.TradePeriod.setStopTime
13:41:40.612 [INFO]   [Creating]        [103/224] eu.infinitech.finflink.structures.TradePeriod.setTradingData
13:41:40.612 [INFO]   [Creating]        [104/224] eu.infinitech.finflink.structures.TradePeriod.setVolume
13:41:40.612 [INFO]   [Creating]        [104/224]   Tests created: 1
13:41:47.477 [INFO]   [Creating]        [105/224] eu.infinitech.finflink.structures.TradePeriod.<init>
13:41:47.477 [INFO]   [Creating]        [105/224]   Tests created: 5
13:41:50.738 [INFO]   [Creating]        [106/224] eu.infinitech.finflink.structures.TradePeriod.<init>
13:41:50.738 [INFO]   [Creating]        [106/224]   Tests created: 4
13:41:52.498 [INFO]   [Creating]        [107/224] eu.infinitech.finflink.structures.TradePeriod.initializeTradePeriod
13:41:52.498 [INFO]   [Creating]        [107/224]   Tests created: 2
13:41:55.301 [INFO]   [Creating]        [108/224] eu.infinitech.finflink.structures.TradePeriod.usingPricePoints
13:41:55.301 [INFO]   [Creating]        [108/224]   Tests created: 3
13:41:55.650 [INFO]   [Creating]        [109/224] eu.infinitech.finflink.structures.TradePeriod.usingTrades
13:41:55.650 [INFO]   [Creating]        [109/224]   Tests created: 3
13:41:55.651 [INFO]   [Creating]    [14/47] eu.infinitech.finflink.structures.TradePeriod
13:41:55.651 [INFO]   [Creating]    [14/47]   Tests created: 18
13:41:55.652 [INFO]   [Creating]    
================================================================================
= Starting analysis for class 'eu.infinitech.finflink.structures.TradingDataAccumulator'
================================================================================
13:41:55.652 [INFO]   [Creating]    Filtering out non-testable methods...
13:41:55.655 [INFO]   [Creating]    Filtering of methods complete. Creating analysis request
13:41:55.655 [INFO]   [Creating]    Attempting to get service client, retry 1.
13:41:55.902 [INFO]   [Creating]        [110/224] eu.infinitech.finflink.structures.TradingDataAccumulator.<init>
13:41:55.902 [INFO]   [Creating]        [111/224] eu.infinitech.finflink.structures.TradingDataAccumulator.<init>
13:41:55.902 [INFO]   [Creating]        [112/224] eu.infinitech.finflink.structures.TradingDataAccumulator.getTradingData
13:41:55.902 [INFO]   [Creating]        [113/224] eu.infinitech.finflink.structures.TradingDataAccumulator.setTradingData
13:41:55.902 [INFO]   [Creating]        [113/224]   Tests created: 2
13:41:55.903 [INFO]   [Creating]    [15/47] eu.infinitech.finflink.structures.TradingDataAccumulator
13:41:55.903 [INFO]   [Creating]    [15/47]   Tests created: 2
13:41:55.903 [INFO]   [Creating]    
================================================================================
= Starting analysis for class 'eu.infinitech.finflink.time.TradingDataTimeAssigner'
================================================================================
13:41:55.903 [INFO]   [Creating]    Filtering out non-testable methods...
13:41:55.906 [INFO]   [Creating]    Filtering of methods complete. Creating analysis request
13:41:55.906 [INFO]   [Creating]    Attempting to get service client, retry 1.
13:41:58.206 [INFO]   [Creating]        [114/224] eu.infinitech.finflink.time.TradingDataTimeAssigner.<init>
13:41:58.206 [INFO]   [Creating]        [115/224] eu.infinitech.finflink.time.TradingDataTimeAssigner.isInitialized
13:41:58.206 [INFO]   [Creating]        [115/224]   Tests created: 1
13:41:59.983 [INFO]   [Creating]        [116/224] eu.infinitech.finflink.time.TradingDataTimeAssigner.createTimestampAssigner
13:41:59.983 [INFO]   [Creating]        [116/224]   Tests created: 1
13:42:00.068 [INFO]   [Creating]        [117/224] eu.infinitech.finflink.time.TradingDataTimeAssigner.extractTimestamp
13:42:00.068 [INFO]   [Creating]        [117/224]   Tests created: 1
13:42:00.069 [INFO]   [Creating]    [16/47] eu.infinitech.finflink.time.TradingDataTimeAssigner
13:42:00.069 [INFO]   [Creating]    [16/47]   Tests created: 3
13:42:00.070 [INFO]   [Creating]    
================================================================================
= Starting analysis for class 'eu.infinitech.finflink.transformations.data.InputParser'
================================================================================
13:42:00.070 [INFO]   [Creating]    Filtering out non-testable methods...
13:42:00.073 [INFO]   [Creating]    Filtering of methods complete. Creating analysis request
13:42:00.073 [INFO]   [Creating]    Attempting to get service client, retry 1.
13:42:00.108 [INFO]   [Creating]        [118/224] eu.infinitech.finflink.transformations.data.InputParser.<init>
13:42:00.108 [INFO]   [Creating]        [118/224]   T005: Trivial constructor
13:42:00.108 [INFO]   [Creating]        [118/224]     See https://diff.blue/T005
13:42:00.548 [INFO]   [Creating]        [119/224] eu.infinitech.finflink.transformations.data.InputParser.selectMapper
13:42:00.548 [INFO]   [Creating]        [119/224]   Tests created: 2
13:42:00.549 [INFO]   [Creating]    [17/47] eu.infinitech.finflink.transformations.data.InputParser
13:42:00.549 [INFO]   [Creating]    [17/47]   Tests created: 2
13:42:00.550 [INFO]   [Creating]    
================================================================================
= Starting analysis for class 'eu.infinitech.finflink.transformations.data.ToPricePoint'
================================================================================
13:42:00.550 [INFO]   [Creating]    Filtering out non-testable methods...
13:42:00.558 [INFO]   [Creating]    Filtering of methods complete. Creating analysis request
13:42:00.558 [INFO]   [Creating]    Attempting to get service client, retry 1.
13:42:02.061 [INFO]   [Creating]        [120/224] eu.infinitech.finflink.transformations.data.ToPricePoint.<init>
13:42:02.061 [INFO]   [Creating]        [121/224] eu.infinitech.finflink.transformations.data.ToPricePoint.<init>
13:42:02.061 [INFO]   [Creating]        [121/224]   Tests created: 2
13:42:02.269 [INFO]   [Creating]        [122/224] eu.infinitech.finflink.transformations.data.ToPricePoint.map
13:42:02.269 [INFO]   [Creating]        [122/224]   Tests created: 2
13:42:02.270 [INFO]   [Creating]    [18/47] eu.infinitech.finflink.transformations.data.ToPricePoint
13:42:02.270 [INFO]   [Creating]    [18/47]   Tests created: 4
13:42:02.271 [INFO]   [Creating]    
================================================================================
= Starting analysis for class 'eu.infinitech.finflink.transformations.data.ToTrade'
================================================================================
13:42:02.271 [INFO]   [Creating]    Filtering out non-testable methods...
13:42:02.273 [INFO]   [Creating]    Filtering of methods complete. Creating analysis request
13:42:02.273 [INFO]   [Creating]    Attempting to get service client, retry 1.
13:42:02.817 [INFO]   [Creating]        [123/224] eu.infinitech.finflink.transformations.data.ToTrade.<init>
13:42:02.817 [INFO]   [Creating]        [124/224] eu.infinitech.finflink.transformations.data.ToTrade.isInitialized
13:42:02.817 [INFO]   [Creating]        [124/224]   Tests created: 1
13:42:02.891 [INFO]   [Creating]        [125/224] eu.infinitech.finflink.transformations.data.ToTrade.map
13:42:02.891 [INFO]   [Creating]        [125/224]   Tests created: 1
13:42:02.892 [INFO]   [Creating]    [19/47] eu.infinitech.finflink.transformations.data.ToTrade
13:42:02.892 [INFO]   [Creating]    [19/47]   Tests created: 2
13:42:02.893 [INFO]   [Creating]    
================================================================================
= Starting analysis for class 'eu.infinitech.finflink.transformations.technicalIndicators.AccumulationDistributionIndex'
================================================================================
13:42:02.893 [INFO]   [Creating]    Filtering out non-testable methods...
13:42:02.896 [INFO]   [Creating]    Filtering of methods complete. Creating analysis request
13:42:02.896 [INFO]   [Creating]    Attempting to get service client, retry 1.
13:42:03.443 [INFO]   [Creating]        [126/224] eu.infinitech.finflink.transformations.technicalIndicators.AccumulationDistributionIndex.<init>
13:42:03.443 [INFO]   [Creating]        [126/224]   Tests created: 1
13:42:05.972 [INFO]   [Creating]        [127/224] eu.infinitech.finflink.transformations.technicalIndicators.AccumulationDistributionIndex.<init>
13:42:05.972 [INFO]   [Creating]        [127/224]   Tests created: 1
13:42:06.237 [INFO]   [Creating]        [128/224] eu.infinitech.finflink.transformations.technicalIndicators.AccumulationDistributionIndex.calculate
13:42:06.237 [INFO]   [Creating]        [128/224]   Tests created: 3
13:42:06.238 [INFO]   [Creating]    [20/47] eu.infinitech.finflink.transformations.technicalIndicators.AccumulationDistributionIndex
13:42:06.238 [INFO]   [Creating]    [20/47]   Tests created: 5
13:42:06.239 [INFO]   [Creating]    
================================================================================
= Starting analysis for class 'eu.infinitech.finflink.transformations.technicalIndicators.AverageDirectionalIndex'
================================================================================
13:42:06.239 [INFO]   [Creating]    Filtering out non-testable methods...
13:42:06.241 [INFO]   [Creating]    Filtering of methods complete. Creating analysis request
13:42:06.241 [INFO]   [Creating]    Attempting to get service client, retry 1.
13:42:06.567 [INFO]   [Creating]        [129/224] eu.infinitech.finflink.transformations.technicalIndicators.AverageDirectionalIndex.<init>
13:42:06.567 [INFO]   [Creating]        [129/224]   Tests created: 1
13:42:08.958 [INFO]   [Creating]        [130/224] eu.infinitech.finflink.transformations.technicalIndicators.AverageDirectionalIndex.<init>
13:42:08.958 [INFO]   [Creating]        [130/224]   Tests created: 1
13:42:09.197 [INFO]   [Creating]        [131/224] eu.infinitech.finflink.transformations.technicalIndicators.AverageDirectionalIndex.calculate
13:42:09.197 [INFO]   [Creating]        [131/224]   Tests created: 3
13:42:09.198 [INFO]   [Creating]    [21/47] eu.infinitech.finflink.transformations.technicalIndicators.AverageDirectionalIndex
13:42:09.198 [INFO]   [Creating]    [21/47]   Tests created: 5
13:42:09.198 [INFO]   [Creating]    
================================================================================
= Starting analysis for class 'eu.infinitech.finflink.transformations.technicalIndicators.AverageTrueRange'
================================================================================
13:42:09.198 [INFO]   [Creating]    Filtering out non-testable methods...
13:42:09.201 [INFO]   [Creating]    Filtering of methods complete. Creating analysis request
13:42:09.201 [INFO]   [Creating]    Attempting to get service client, retry 1.
13:42:09.523 [INFO]   [Creating]        [132/224] eu.infinitech.finflink.transformations.technicalIndicators.AverageTrueRange.<init>
13:42:09.523 [INFO]   [Creating]        [132/224]   Tests created: 1
13:42:12.293 [INFO]   [Creating]        [133/224] eu.infinitech.finflink.transformations.technicalIndicators.AverageTrueRange.<init>
13:42:12.293 [INFO]   [Creating]        [133/224]   Tests created: 1
13:42:12.550 [INFO]   [Creating]        [134/224] eu.infinitech.finflink.transformations.technicalIndicators.AverageTrueRange.calculate
13:42:12.550 [INFO]   [Creating]        [134/224]   Tests created: 3
13:42:12.551 [INFO]   [Creating]    [22/47] eu.infinitech.finflink.transformations.technicalIndicators.AverageTrueRange
13:42:12.551 [INFO]   [Creating]    [22/47]   Tests created: 5
13:42:12.552 [INFO]   [Creating]    
================================================================================
= Starting analysis for class 'eu.infinitech.finflink.transformations.technicalIndicators.CommodityChannelIndex'
================================================================================
13:42:12.552 [INFO]   [Creating]    Filtering out non-testable methods...
13:42:12.553 [INFO]   [Creating]    Filtering of methods complete. Creating analysis request
13:42:12.553 [INFO]   [Creating]    Attempting to get service client, retry 1.
13:42:14.702 [INFO]   [Creating]        [135/224] eu.infinitech.finflink.transformations.technicalIndicators.CommodityChannelIndex.<init>
13:42:14.702 [INFO]   [Creating]        [135/224]   Tests created: 1
13:42:15.050 [INFO]   [Creating]        [136/224] eu.infinitech.finflink.transformations.technicalIndicators.CommodityChannelIndex.calculate
13:42:15.050 [INFO]   [Creating]        [136/224]   Tests created: 4
13:42:15.050 [INFO]   [Creating]    [23/47] eu.infinitech.finflink.transformations.technicalIndicators.CommodityChannelIndex
13:42:15.050 [INFO]   [Creating]    [23/47]   Tests created: 5
13:42:15.051 [INFO]   [Creating]    
================================================================================
= Starting analysis for class 'eu.infinitech.finflink.transformations.technicalIndicators.DetrendedCloseOscillator'
================================================================================
13:42:15.051 [INFO]   [Creating]    Filtering out non-testable methods...
13:42:15.053 [INFO]   [Creating]    Filtering of methods complete. Creating analysis request
13:42:15.053 [INFO]   [Creating]    Attempting to get service client, retry 1.
13:42:17.121 [INFO]   [Creating]        [137/224] eu.infinitech.finflink.transformations.technicalIndicators.DetrendedCloseOscillator.<init>
13:42:17.121 [INFO]   [Creating]        [137/224]   Tests created: 1
13:42:17.450 [INFO]   [Creating]        [138/224] eu.infinitech.finflink.transformations.technicalIndicators.DetrendedCloseOscillator.calculate
13:42:17.450 [INFO]   [Creating]        [138/224]   Tests created: 4
13:42:17.451 [INFO]   [Creating]    [24/47] eu.infinitech.finflink.transformations.technicalIndicators.DetrendedCloseOscillator
13:42:17.451 [INFO]   [Creating]    [24/47]   Tests created: 5
13:42:17.451 [INFO]   [Creating]    
================================================================================
= Starting analysis for class 'eu.infinitech.finflink.transformations.technicalIndicators.DirectionalIndex'
================================================================================
13:42:17.451 [INFO]   [Creating]    Filtering out non-testable methods...
13:42:17.453 [INFO]   [Creating]    Filtering of methods complete. Creating analysis request
13:42:17.453 [INFO]   [Creating]    Attempting to get service client, retry 1.
13:42:17.766 [INFO]   [Creating]        [139/224] eu.infinitech.finflink.transformations.technicalIndicators.DirectionalIndex.<init>
13:42:17.766 [INFO]   [Creating]        [139/224]   Tests created: 1
13:42:19.775 [INFO]   [Creating]        [140/224] eu.infinitech.finflink.transformations.technicalIndicators.DirectionalIndex.<init>
13:42:19.775 [INFO]   [Creating]        [140/224]   Tests created: 1
13:42:20.371 [INFO]   [Creating]        [141/224] eu.infinitech.finflink.transformations.technicalIndicators.DirectionalIndex.calculate
13:42:20.371 [INFO]   [Creating]        [141/224]   Tests created: 7
13:42:20.372 [INFO]   [Creating]    [25/47] eu.infinitech.finflink.transformations.technicalIndicators.DirectionalIndex
13:42:20.372 [INFO]   [Creating]    [25/47]   Tests created: 9
13:42:20.373 [INFO]   [Creating]    
================================================================================
= Starting analysis for class 'eu.infinitech.finflink.transformations.technicalIndicators.ForceIndex'
================================================================================
13:42:20.373 [INFO]   [Creating]    Filtering out non-testable methods...
13:42:20.374 [INFO]   [Creating]    Filtering of methods complete. Creating analysis request
13:42:20.374 [INFO]   [Creating]    Attempting to get service client, retry 1.
13:42:22.698 [INFO]   [Creating]        [142/224] eu.infinitech.finflink.transformations.technicalIndicators.ForceIndex.<init>
13:42:22.698 [INFO]   [Creating]        [142/224]   Tests created: 1
13:42:22.929 [INFO]   [Creating]        [143/224] eu.infinitech.finflink.transformations.technicalIndicators.ForceIndex.calculate
13:42:22.929 [INFO]   [Creating]        [143/224]   Tests created: 3
13:42:22.930 [INFO]   [Creating]    [26/47] eu.infinitech.finflink.transformations.technicalIndicators.ForceIndex
13:42:22.930 [INFO]   [Creating]    [26/47]   Tests created: 4
13:42:22.931 [INFO]   [Creating]    
================================================================================
= Starting analysis for class 'eu.infinitech.finflink.transformations.technicalIndicators.HighPriceDirectionalIndex'
================================================================================
13:42:22.931 [INFO]   [Creating]    Filtering out non-testable methods...
13:42:22.932 [INFO]   [Creating]    Filtering of methods complete. Creating analysis request
13:42:22.933 [INFO]   [Creating]    Attempting to get service client, retry 1.
13:42:23.275 [INFO]   [Creating]        [144/224] eu.infinitech.finflink.transformations.technicalIndicators.HighPriceDirectionalIndex.<init>
13:42:23.275 [INFO]   [Creating]        [144/224]   Tests created: 1
13:42:26.058 [INFO]   [Creating]        [145/224] eu.infinitech.finflink.transformations.technicalIndicators.HighPriceDirectionalIndex.<init>
13:42:26.058 [INFO]   [Creating]        [145/224]   Tests created: 1
13:42:26.544 [INFO]   [Creating]        [146/224] eu.infinitech.finflink.transformations.technicalIndicators.HighPriceDirectionalIndex.calculate
13:42:26.544 [INFO]   [Creating]        [146/224]   Tests created: 6
13:42:26.546 [INFO]   [Creating]    [27/47] eu.infinitech.finflink.transformations.technicalIndicators.HighPriceDirectionalIndex
13:42:26.546 [INFO]   [Creating]    [27/47]   Tests created: 8
13:42:26.547 [INFO]   [Creating]    
================================================================================
= Starting analysis for class 'eu.infinitech.finflink.transformations.technicalIndicators.HighPriceDirectionalMomentum'
================================================================================
13:42:26.547 [INFO]   [Creating]    Filtering out non-testable methods...
13:42:26.548 [INFO]   [Creating]    Filtering of methods complete. Creating analysis request
13:42:26.548 [INFO]   [Creating]    Attempting to get service client, retry 1.
13:42:26.845 [INFO]   [Creating]        [147/224] eu.infinitech.finflink.transformations.technicalIndicators.HighPriceDirectionalMomentum.<init>
13:42:26.845 [INFO]   [Creating]        [147/224]   Tests created: 1
13:42:29.228 [INFO]   [Creating]        [148/224] eu.infinitech.finflink.transformations.technicalIndicators.HighPriceDirectionalMomentum.<init>
13:42:29.228 [INFO]   [Creating]        [148/224]   Tests created: 1
13:42:29.729 [INFO]   [Creating]        [149/224] eu.infinitech.finflink.transformations.technicalIndicators.HighPriceDirectionalMomentum.calculate
13:42:29.729 [INFO]   [Creating]        [149/224]   Tests created: 6
13:42:29.730 [INFO]   [Creating]    [28/47] eu.infinitech.finflink.transformations.technicalIndicators.HighPriceDirectionalMomentum
13:42:29.731 [INFO]   [Creating]    [28/47]   Tests created: 8
13:42:29.731 [INFO]   [Creating]    
================================================================================
= Starting analysis for class 'eu.infinitech.finflink.transformations.technicalIndicators.LogReturns'
================================================================================
13:42:29.731 [INFO]   [Creating]    Filtering out non-testable methods...
13:42:29.733 [INFO]   [Creating]    Filtering of methods complete. Creating analysis request
13:42:29.733 [INFO]   [Creating]    Attempting to get service client, retry 1.
13:42:32.438 [INFO]   [Creating]        [150/224] eu.infinitech.finflink.transformations.technicalIndicators.LogReturns.<init>
13:42:32.438 [INFO]   [Creating]        [150/224]   Tests created: 1
13:42:32.833 [INFO]   [Creating]        [151/224] eu.infinitech.finflink.transformations.technicalIndicators.LogReturns.calculate
13:42:32.833 [INFO]   [Creating]        [151/224]   Tests created: 5
13:42:32.834 [INFO]   [Creating]    [29/47] eu.infinitech.finflink.transformations.technicalIndicators.LogReturns
13:42:32.834 [INFO]   [Creating]    [29/47]   Tests created: 6
13:42:32.835 [INFO]   [Creating]    
================================================================================
= Starting analysis for class 'eu.infinitech.finflink.transformations.technicalIndicators.LowPriceDirectionalIndex'
================================================================================
13:42:32.835 [INFO]   [Creating]    Filtering out non-testable methods...
13:42:32.837 [INFO]   [Creating]    Filtering of methods complete. Creating analysis request
13:42:32.837 [INFO]   [Creating]    Attempting to get service client, retry 1.
13:42:33.141 [INFO]   [Creating]        [152/224] eu.infinitech.finflink.transformations.technicalIndicators.LowPriceDirectionalIndex.<init>
13:42:33.141 [INFO]   [Creating]        [152/224]   Tests created: 1
13:42:35.914 [INFO]   [Creating]        [153/224] eu.infinitech.finflink.transformations.technicalIndicators.LowPriceDirectionalIndex.<init>
13:42:35.914 [INFO]   [Creating]        [153/224]   Tests created: 1
13:42:36.403 [INFO]   [Creating]        [154/224] eu.infinitech.finflink.transformations.technicalIndicators.LowPriceDirectionalIndex.calculate
13:42:36.403 [INFO]   [Creating]        [154/224]   Tests created: 6
13:42:36.404 [INFO]   [Creating]    [30/47] eu.infinitech.finflink.transformations.technicalIndicators.LowPriceDirectionalIndex
13:42:36.404 [INFO]   [Creating]    [30/47]   Tests created: 8
13:42:36.404 [INFO]   [Creating]    
================================================================================
= Starting analysis for class 'eu.infinitech.finflink.transformations.technicalIndicators.LowPriceDirectionalMomentum'
================================================================================
13:42:36.404 [INFO]   [Creating]    Filtering out non-testable methods...
13:42:36.406 [INFO]   [Creating]    Filtering of methods complete. Creating analysis request
13:42:36.406 [INFO]   [Creating]    Attempting to get service client, retry 1.
13:42:36.730 [INFO]   [Creating]        [155/224] eu.infinitech.finflink.transformations.technicalIndicators.LowPriceDirectionalMomentum.<init>
13:42:36.730 [INFO]   [Creating]        [155/224]   Tests created: 1
13:42:39.198 [INFO]   [Creating]        [156/224] eu.infinitech.finflink.transformations.technicalIndicators.LowPriceDirectionalMomentum.<init>
13:42:39.198 [INFO]   [Creating]        [156/224]   Tests created: 1
13:42:39.674 [INFO]   [Creating]        [157/224] eu.infinitech.finflink.transformations.technicalIndicators.LowPriceDirectionalMomentum.calculate
13:42:39.674 [INFO]   [Creating]        [157/224]   Tests created: 6
13:42:39.674 [INFO]   [Creating]    [31/47] eu.infinitech.finflink.transformations.technicalIndicators.LowPriceDirectionalMomentum
13:42:39.675 [INFO]   [Creating]    [31/47]   Tests created: 8
13:42:39.675 [INFO]   [Creating]    
================================================================================
= Starting analysis for class 'eu.infinitech.finflink.transformations.technicalIndicators.Momentum'
================================================================================
13:42:39.675 [INFO]   [Creating]    Filtering out non-testable methods...
13:42:39.677 [INFO]   [Creating]    Filtering of methods complete. Creating analysis request
13:42:39.677 [INFO]   [Creating]    Attempting to get service client, retry 1.
13:42:40.036 [INFO]   [Creating]        [158/224] eu.infinitech.finflink.transformations.technicalIndicators.Momentum.<init>
13:42:40.036 [INFO]   [Creating]        [158/224]   Tests created: 1
13:42:42.340 [INFO]   [Creating]        [159/224] eu.infinitech.finflink.transformations.technicalIndicators.Momentum.<init>
13:42:42.340 [INFO]   [Creating]        [159/224]   Tests created: 1
13:42:42.649 [INFO]   [Creating]        [160/224] eu.infinitech.finflink.transformations.technicalIndicators.Momentum.calculate
13:42:42.649 [INFO]   [Creating]        [160/224]   Tests created: 4
13:42:42.650 [INFO]   [Creating]    [32/47] eu.infinitech.finflink.transformations.technicalIndicators.Momentum
13:42:42.650 [INFO]   [Creating]    [32/47]   Tests created: 6
13:42:42.651 [INFO]   [Creating]    
================================================================================
= Starting analysis for class 'eu.infinitech.finflink.transformations.technicalIndicators.MoneyFlowIndex'
================================================================================
13:42:42.651 [INFO]   [Creating]    Filtering out non-testable methods...
13:42:42.656 [INFO]   [Creating]    Filtering of methods complete. Creating analysis request
13:42:42.656 [INFO]   [Creating]    Attempting to get service client, retry 1.
13:42:44.560 [INFO]   [Creating]        [161/224] eu.infinitech.finflink.transformations.technicalIndicators.MoneyFlowIndex.<init>
13:42:44.561 [INFO]   [Creating]        [161/224]   Tests created: 1
13:42:45.021 [INFO]   [Creating]        [162/224] eu.infinitech.finflink.transformations.technicalIndicators.MoneyFlowIndex.calculate
13:42:45.021 [INFO]   [Creating]        [162/224]   Tests created: 5
13:42:45.022 [INFO]   [Creating]    [33/47] eu.infinitech.finflink.transformations.technicalIndicators.MoneyFlowIndex
13:42:45.022 [INFO]   [Creating]    [33/47]   Tests created: 6
13:42:45.022 [INFO]   [Creating]    
================================================================================
= Starting analysis for class 'eu.infinitech.finflink.transformations.technicalIndicators.MovingAverageConvergenceDivergence'
================================================================================
13:42:45.022 [INFO]   [Creating]    Filtering out non-testable methods...
13:42:45.024 [INFO]   [Creating]    Filtering of methods complete. Creating analysis request
13:42:45.024 [INFO]   [Creating]    Attempting to get service client, retry 1.
13:42:45.534 [INFO]   [Creating]        [163/224] eu.infinitech.finflink.transformations.technicalIndicators.MovingAverageConvergenceDivergence.<init>
13:42:45.534 [INFO]   [Creating]        [163/224]   Tests created: 1
13:42:47.586 [INFO]   [Creating]        [164/224] eu.infinitech.finflink.transformations.technicalIndicators.MovingAverageConvergenceDivergence.<init>
13:42:47.586 [INFO]   [Creating]        [164/224]   Tests created: 1
13:42:47.810 [INFO]   [Creating]        [165/224] eu.infinitech.finflink.transformations.technicalIndicators.MovingAverageConvergenceDivergence.calculate
13:42:47.810 [INFO]   [Creating]        [165/224]   Tests created: 3
13:42:47.812 [INFO]   [Creating]    [34/47] eu.infinitech.finflink.transformations.technicalIndicators.MovingAverageConvergenceDivergence
13:42:47.812 [INFO]   [Creating]    [34/47]   Tests created: 5
13:42:47.813 [INFO]   [Creating]    
================================================================================
= Starting analysis for class 'eu.infinitech.finflink.transformations.technicalIndicators.OnBalanceVolumeIndicator'
================================================================================
13:42:47.813 [INFO]   [Creating]    Filtering out non-testable methods...
13:42:47.815 [INFO]   [Creating]    Filtering of methods complete. Creating analysis request
13:42:47.815 [INFO]   [Creating]    Attempting to get service client, retry 1.
13:42:49.675 [INFO]   [Creating]        [166/224] eu.infinitech.finflink.transformations.technicalIndicators.OnBalanceVolumeIndicator.<init>
13:42:49.675 [INFO]   [Creating]        [166/224]   Tests created: 1
13:42:50.078 [INFO]   [Creating]        [167/224] eu.infinitech.finflink.transformations.technicalIndicators.OnBalanceVolumeIndicator.calculate
13:42:50.078 [INFO]   [Creating]        [167/224]   Tests created: 5
13:42:50.079 [INFO]   [Creating]    [35/47] eu.infinitech.finflink.transformations.technicalIndicators.OnBalanceVolumeIndicator
13:42:50.079 [INFO]   [Creating]    [35/47]   Tests created: 6
13:42:50.080 [INFO]   [Creating]    
================================================================================
= Starting analysis for class 'eu.infinitech.finflink.transformations.technicalIndicators.PeriodEnd'
================================================================================
13:42:50.080 [INFO]   [Creating]    Filtering out non-testable methods...
13:42:50.081 [INFO]   [Creating]    Filtering of methods complete. Creating analysis request
13:42:50.081 [INFO]   [Creating]    Attempting to get service client, retry 1.
13:42:52.405 [INFO]   [Creating]        [168/224] eu.infinitech.finflink.transformations.technicalIndicators.PeriodEnd.<init>
13:42:52.405 [INFO]   [Creating]        [168/224]   Tests created: 1
13:42:52.569 [INFO]   [Creating]        [169/224] eu.infinitech.finflink.transformations.technicalIndicators.PeriodEnd.calculate
13:42:52.569 [INFO]   [Creating]        [169/224]   Tests created: 2
13:42:52.570 [INFO]   [Creating]    [36/47] eu.infinitech.finflink.transformations.technicalIndicators.PeriodEnd
13:42:52.570 [INFO]   [Creating]    [36/47]   Tests created: 3
13:42:52.571 [INFO]   [Creating]    
================================================================================
= Starting analysis for class 'eu.infinitech.finflink.transformations.technicalIndicators.RelativeStrengthIndex'
================================================================================
13:42:52.571 [INFO]   [Creating]    Filtering out non-testable methods...
13:42:52.573 [INFO]   [Creating]    Filtering of methods complete. Creating analysis request
13:42:52.573 [INFO]   [Creating]    Attempting to get service client, retry 1.
13:42:54.684 [INFO]   [Creating]        [170/224] eu.infinitech.finflink.transformations.technicalIndicators.RelativeStrengthIndex.<init>
13:42:54.684 [INFO]   [Creating]        [170/224]   Tests created: 1
13:42:55.002 [INFO]   [Creating]        [171/224] eu.infinitech.finflink.transformations.technicalIndicators.RelativeStrengthIndex.calculate
13:42:55.002 [INFO]   [Creating]        [171/224]   Tests created: 4
13:42:55.003 [INFO]   [Creating]    [37/47] eu.infinitech.finflink.transformations.technicalIndicators.RelativeStrengthIndex
13:42:55.003 [INFO]   [Creating]    [37/47]   Tests created: 5
13:42:55.004 [INFO]   [Creating]    
================================================================================
= Starting analysis for class 'eu.infinitech.finflink.transformations.technicalIndicators.Returns'
================================================================================
13:42:55.004 [INFO]   [Creating]    Filtering out non-testable methods...
13:42:55.005 [INFO]   [Creating]    Filtering of methods complete. Creating analysis request
13:42:55.005 [INFO]   [Creating]    Attempting to get service client, retry 1.
13:42:57.374 [INFO]   [Creating]        [172/224] eu.infinitech.finflink.transformations.technicalIndicators.Returns.<init>
13:42:57.374 [INFO]   [Creating]        [172/224]   Tests created: 1
13:42:57.706 [INFO]   [Creating]        [173/224] eu.infinitech.finflink.transformations.technicalIndicators.Returns.calculate
13:42:57.706 [INFO]   [Creating]        [173/224]   Tests created: 4
13:42:57.707 [INFO]   [Creating]    [38/47] eu.infinitech.finflink.transformations.technicalIndicators.Returns
13:42:57.707 [INFO]   [Creating]    [38/47]   Tests created: 5
13:42:57.708 [INFO]   [Creating]    
================================================================================
= Starting analysis for class 'eu.infinitech.finflink.transformations.technicalIndicators.TechnicalIndicator'
================================================================================
13:42:57.708 [INFO]   [Creating]    Filtering out non-testable methods...
13:42:57.712 [INFO]   [Creating]    Filtering of methods complete. Creating analysis request
13:42:57.712 [INFO]   [Creating]    Attempting to get service client, retry 1.
13:42:59.165 [INFO]   [Creating]        [174/224] eu.infinitech.finflink.transformations.technicalIndicators.TechnicalIndicator.<init>
13:42:59.165 [INFO]   [Creating]        [175/224] eu.infinitech.finflink.transformations.technicalIndicators.TechnicalIndicator.<init>
13:42:59.165 [INFO]   [Creating]        [176/224] eu.infinitech.finflink.transformations.technicalIndicators.TechnicalIndicator.getSupplier
13:42:59.165 [INFO]   [Creating]        [176/224]   Tests created: 2
13:42:59.534 [INFO]   [Creating]        [177/224] eu.infinitech.finflink.transformations.technicalIndicators.TechnicalIndicator.add
13:42:59.534 [INFO]   [Creating]        [177/224]   Tests created: 1
13:42:59.921 [INFO]   [Creating]        [178/224] eu.infinitech.finflink.transformations.technicalIndicators.TechnicalIndicator.createAccumulator
13:42:59.921 [INFO]   [Creating]        [178/224]   Tests created: 1
13:43:00.400 [INFO]   [Creating]        [179/224] eu.infinitech.finflink.transformations.technicalIndicators.TechnicalIndicator.getResult
13:43:00.400 [INFO]   [Creating]        [179/224]   Tests created: 1
13:43:00.466 [INFO]   [Creating]        [180/224] eu.infinitech.finflink.transformations.technicalIndicators.TechnicalIndicator.merge
13:43:00.466 [INFO]   [Creating]        [180/224]   Tests created: 1
13:43:00.467 [INFO]   [Creating]    [39/47] eu.infinitech.finflink.transformations.technicalIndicators.TechnicalIndicator
13:43:00.467 [INFO]   [Creating]    [39/47]   Tests created: 6
13:43:00.469 [INFO]   [Creating]    
================================================================================
= Starting analysis for class 'eu.infinitech.finflink.transformations.technicalIndicators.TechnicalIndicatorGenerator'
================================================================================
13:43:00.470 [INFO]   [Creating]    Filtering out non-testable methods...
13:43:02.238 [INFO]   [Creating]    Filtering of methods complete. Creating analysis request
13:43:02.238 [INFO]   [Creating]    Attempting to get service client, retry 1.
13:43:02.565 [INFO]   [Creating]        [181/224] eu.infinitech.finflink.transformations.technicalIndicators.TechnicalIndicatorGenerator.getIndicatorRequirements
13:43:02.565 [INFO]   [Creating]        [181/224]   Tests created: 1
13:43:02.721 [INFO]   [Creating]        [182/224] eu.infinitech.finflink.transformations.technicalIndicators.TechnicalIndicatorGenerator.getName
13:43:02.721 [INFO]   [Creating]        [182/224]   Tests created: 1
13:43:02.928 [INFO]   [Creating]        [183/224] eu.infinitech.finflink.transformations.technicalIndicators.TechnicalIndicatorGenerator.getProperties
13:43:02.928 [INFO]   [Creating]        [183/224]   Tests created: 1
13:43:03.081 [INFO]   [Creating]        [184/224] eu.infinitech.finflink.transformations.technicalIndicators.TechnicalIndicatorGenerator.getTimePeriod
13:43:03.081 [INFO]   [Creating]        [184/224]   Tests created: 1
13:43:03.311 [INFO]   [Creating]        [185/224] eu.infinitech.finflink.transformations.technicalIndicators.TechnicalIndicatorGenerator.setIndicatorRequirements
13:43:03.311 [INFO]   [Creating]        [185/224]   Tests created: 1
13:43:04.238 [INFO]   [Creating]        [186/224] eu.infinitech.finflink.transformations.technicalIndicators.TechnicalIndicatorGenerator.setTimePeriod
13:43:04.238 [INFO]   [Creating]        [186/224]   Tests created: 1
13:43:04.857 [INFO]   [Creating]        [187/224] eu.infinitech.finflink.transformations.technicalIndicators.TechnicalIndicatorGenerator.setTimePeriod
13:43:04.857 [INFO]   [Creating]        [187/224]   Diffblue AI was unable to find a test
13:43:04.859 [INFO]   [Creating]        [188/224] eu.infinitech.finflink.transformations.technicalIndicators.TechnicalIndicatorGenerator.setTimePeriodLength
13:43:04.859 [INFO]   [Creating]        [188/224]   Diffblue AI was unable to find a test
13:43:04.860 [INFO]   [Creating]    [40/47] eu.infinitech.finflink.transformations.technicalIndicators.TechnicalIndicatorGenerator
13:43:04.860 [INFO]   [Creating]    [40/47]   Tests created: 6
13:43:04.861 [INFO]   [Creating]    
================================================================================
= Starting analysis for class 'eu.infinitech.finflink.transformations.technicalIndicators.TechnicalIndicatorPipeline'
================================================================================
13:43:04.861 [INFO]   [Creating]    Filtering out non-testable methods...
13:43:04.867 [INFO]   [Creating]    Filtering of methods complete. Creating analysis request
13:43:04.867 [INFO]   [Creating]    Attempting to get service client, retry 1.
13:43:06.050 [INFO]   [Creating]        [189/224] eu.infinitech.finflink.transformations.technicalIndicators.TechnicalIndicatorPipeline.<init>
13:43:06.050 [INFO]   [Creating]        [190/224] eu.infinitech.finflink.transformations.technicalIndicators.TechnicalIndicatorPipeline.<init>
13:43:06.050 [INFO]   [Creating]        [191/224] eu.infinitech.finflink.transformations.technicalIndicators.TechnicalIndicatorPipeline.getPipeline
13:43:06.050 [INFO]   [Creating]        [192/224] eu.infinitech.finflink.transformations.technicalIndicators.TechnicalIndicatorPipeline.getPipelineID
13:43:06.050 [INFO]   [Creating]        [193/224] eu.infinitech.finflink.transformations.technicalIndicators.TechnicalIndicatorPipeline.setPipeline
13:43:06.050 [INFO]   [Creating]        [194/224] eu.infinitech.finflink.transformations.technicalIndicators.TechnicalIndicatorPipeline.setPipelineID
13:43:06.050 [INFO]   [Creating]        [194/224]   Tests created: 2
13:43:06.321 [INFO]   [Creating]        [195/224] eu.infinitech.finflink.transformations.technicalIndicators.TechnicalIndicatorPipeline.add
13:43:06.321 [INFO]   [Creating]        [195/224]   Tests created: 1
13:43:12.566 [INFO]   [Creating]        [196/224] eu.infinitech.finflink.transformations.technicalIndicators.TechnicalIndicatorPipeline.createAccumulator
13:43:12.566 [INFO]   [Creating]        [196/224]   Tests created: 1
13:43:13.720 [INFO]   [Creating]        [197/224] eu.infinitech.finflink.transformations.technicalIndicators.TechnicalIndicatorPipeline.getResult
13:43:13.720 [INFO]   [Creating]        [197/224]   Tests created: 4
13:43:13.795 [INFO]   [Creating]        [198/224] eu.infinitech.finflink.transformations.technicalIndicators.TechnicalIndicatorPipeline.merge
13:43:13.795 [INFO]   [Creating]        [198/224]   Tests created: 1
13:43:13.795 [INFO]   [Creating]    [41/47] eu.infinitech.finflink.transformations.technicalIndicators.TechnicalIndicatorPipeline
13:43:13.795 [INFO]   [Creating]    [41/47]   Tests created: 9
13:43:13.796 [INFO]   [Creating]    
================================================================================
= Starting analysis for class 'eu.infinitech.finflink.transformations.technicalIndicators.TrueRange'
================================================================================
13:43:13.796 [INFO]   [Creating]    Filtering out non-testable methods...
13:43:13.799 [INFO]   [Creating]    Filtering of methods complete. Creating analysis request
13:43:13.799 [INFO]   [Creating]    Attempting to get service client, retry 1.
13:43:14.495 [INFO]   [Creating]        [199/224] eu.infinitech.finflink.transformations.technicalIndicators.TrueRange.<init>
13:43:14.495 [INFO]   [Creating]        [200/224] eu.infinitech.finflink.transformations.technicalIndicators.TrueRange.getTrades
13:43:14.495 [INFO]   [Creating]        [201/224] eu.infinitech.finflink.transformations.technicalIndicators.TrueRange.setTrades
13:43:14.495 [INFO]   [Creating]        [201/224]   Tests created: 1
13:43:14.722 [INFO]   [Creating]        [202/224] eu.infinitech.finflink.transformations.technicalIndicators.TrueRange.add
13:43:14.722 [INFO]   [Creating]        [202/224]   Tests created: 1
13:43:15.798 [INFO]   [Creating]        [203/224] eu.infinitech.finflink.transformations.technicalIndicators.TrueRange.get
13:43:15.798 [INFO]   [Creating]        [203/224]   Tests created: 1
13:43:18.576 [INFO]   [Creating]        [204/224] eu.infinitech.finflink.transformations.technicalIndicators.TrueRange.getResult
13:43:18.576 [INFO]   [Creating]        [204/224]   Tests created: 3
13:43:18.578 [INFO]   [Creating]        [205/224] eu.infinitech.finflink.transformations.technicalIndicators.TrueRange.merge
13:43:18.578 [INFO]   [Creating]        [205/224]   Diffblue AI was unable to find a test
13:43:18.579 [INFO]   [Creating]    [42/47] eu.infinitech.finflink.transformations.technicalIndicators.TrueRange
13:43:18.579 [INFO]   [Creating]    [42/47]   Tests created: 6
13:43:18.580 [INFO]   [Creating]    
================================================================================
= Starting analysis for class 'eu.infinitech.finflink.transformations.technicalIndicators.Utils'
================================================================================
13:43:18.580 [INFO]   [Creating]    Filtering out non-testable methods...
13:43:18.584 [INFO]   [Creating]    Filtering of methods complete. Creating analysis request
13:43:18.584 [INFO]   [Creating]    Attempting to get service client, retry 1.
13:43:18.650 [INFO]   [Creating]        [206/224] eu.infinitech.finflink.transformations.technicalIndicators.Utils.<init>
13:43:18.650 [INFO]   [Creating]        [206/224]   T005: Trivial constructor
13:43:18.650 [INFO]   [Creating]        [206/224]     See https://diff.blue/T005
13:43:19.677 [INFO]   [Creating]        [207/224] eu.infinitech.finflink.transformations.technicalIndicators.Utils.cumSum
13:43:19.677 [INFO]   [Creating]        [207/224]   Tests created: 3
13:43:20.488 [INFO]   [Creating]        [208/224] eu.infinitech.finflink.transformations.technicalIndicators.Utils.diff
13:43:20.489 [INFO]   [Creating]        [208/224]   Tests created: 3
13:43:21.487 [INFO]   [Creating]        [209/224] eu.infinitech.finflink.transformations.technicalIndicators.Utils.ewm
13:43:21.487 [INFO]   [Creating]        [209/224]   Tests created: 3
13:43:22.142 [INFO]   [Creating]        [210/224] eu.infinitech.finflink.transformations.technicalIndicators.Utils.expanding
13:43:22.142 [INFO]   [Creating]        [210/224]   Tests created: 3
13:43:23.213 [INFO]   [Creating]        [211/224] eu.infinitech.finflink.transformations.technicalIndicators.Utils.mean
13:43:23.213 [INFO]   [Creating]        [211/224]   Tests created: 3
13:43:23.899 [INFO]   [Creating]        [212/224] eu.infinitech.finflink.transformations.technicalIndicators.Utils.sliding
13:43:23.899 [INFO]   [Creating]        [212/224]   Tests created: 3
13:43:24.560 [INFO]   [Creating]        [213/224] eu.infinitech.finflink.transformations.technicalIndicators.Utils.std
13:43:24.560 [INFO]   [Creating]        [213/224]   Tests created: 3
13:43:25.061 [INFO]   [Creating]        [214/224] eu.infinitech.finflink.transformations.technicalIndicators.Utils.sum
13:43:25.061 [INFO]   [Creating]        [214/224]   Tests created: 3
13:43:26.748 [INFO]   [Creating]        [215/224] eu.infinitech.finflink.transformations.technicalIndicators.Utils.truePrice
13:43:26.748 [INFO]   [Creating]        [215/224]   Tests created: 1
13:43:27.001 [INFO]   [Creating]        [216/224] eu.infinitech.finflink.transformations.technicalIndicators.Utils.trueRange
13:43:27.001 [INFO]   [Creating]        [216/224]   Tests created: 3
13:43:27.002 [INFO]   [Creating]    [43/47] eu.infinitech.finflink.transformations.technicalIndicators.Utils
13:43:27.002 [INFO]   [Creating]    [43/47]   Tests created: 28
13:43:27.002 [INFO]   [Creating]    
================================================================================
= Starting analysis for class 'eu.infinitech.finflink.transformations.technicalIndicators.Volatility'
================================================================================
13:43:27.003 [INFO]   [Creating]    Filtering out non-testable methods...
13:43:27.004 [INFO]   [Creating]    Filtering of methods complete. Creating analysis request
13:43:27.004 [INFO]   [Creating]    Attempting to get service client, retry 1.
13:43:30.092 [INFO]   [Creating]        [217/224] eu.infinitech.finflink.transformations.technicalIndicators.Volatility.<init>
13:43:30.092 [INFO]   [Creating]        [217/224]   Tests created: 1
13:43:30.588 [INFO]   [Creating]        [218/224] eu.infinitech.finflink.transformations.technicalIndicators.Volatility.calculate
13:43:30.588 [INFO]   [Creating]        [218/224]   Tests created: 6
13:43:30.588 [INFO]   [Creating]    [44/47] eu.infinitech.finflink.transformations.technicalIndicators.Volatility
13:43:30.589 [INFO]   [Creating]    [44/47]   Tests created: 7
13:43:30.589 [INFO]   [Creating]    
================================================================================
= Starting analysis for class 'eu.infinitech.finflink.transformations.technicalIndicators.VortexMinus'
================================================================================
13:43:30.589 [INFO]   [Creating]    Filtering out non-testable methods...
13:43:30.591 [INFO]   [Creating]    Filtering of methods complete. Creating analysis request
13:43:30.591 [INFO]   [Creating]    Attempting to get service client, retry 1.
13:43:33.002 [INFO]   [Creating]        [219/224] eu.infinitech.finflink.transformations.technicalIndicators.VortexMinus.<init>
13:43:33.002 [INFO]   [Creating]        [219/224]   Tests created: 1
13:43:33.258 [INFO]   [Creating]        [220/224] eu.infinitech.finflink.transformations.technicalIndicators.VortexMinus.calculate
13:43:33.258 [INFO]   [Creating]        [220/224]   Tests created: 3
13:43:33.258 [INFO]   [Creating]    [45/47] eu.infinitech.finflink.transformations.technicalIndicators.VortexMinus
13:43:33.258 [INFO]   [Creating]    [45/47]   Tests created: 4
13:43:33.259 [INFO]   [Creating]    
================================================================================
= Starting analysis for class 'eu.infinitech.finflink.transformations.technicalIndicators.VortexPlus'
================================================================================
13:43:33.259 [INFO]   [Creating]    Filtering out non-testable methods...
13:43:33.261 [INFO]   [Creating]    Filtering of methods complete. Creating analysis request
13:43:33.261 [INFO]   [Creating]    Attempting to get service client, retry 1.
13:43:35.585 [INFO]   [Creating]        [221/224] eu.infinitech.finflink.transformations.technicalIndicators.VortexPlus.<init>
13:43:35.585 [INFO]   [Creating]        [221/224]   Tests created: 1
13:43:35.809 [INFO]   [Creating]        [222/224] eu.infinitech.finflink.transformations.technicalIndicators.VortexPlus.calculate
13:43:35.809 [INFO]   [Creating]        [222/224]   Tests created: 3
13:43:35.810 [INFO]   [Creating]    [46/47] eu.infinitech.finflink.transformations.technicalIndicators.VortexPlus
13:43:35.810 [INFO]   [Creating]    [46/47]   Tests created: 4
13:43:35.810 [INFO]   [Creating]    
================================================================================
= Starting analysis for class 'eu.infinitech.finflink.util.TradePeriodsGenerator'
================================================================================
13:43:35.810 [INFO]   [Creating]    Filtering out non-testable methods...
13:43:35.812 [INFO]   [Creating]    Filtering of methods complete. Creating analysis request
13:43:35.812 [INFO]   [Creating]    Attempting to get service client, retry 1.
13:43:35.839 [INFO]   [Creating]        [223/224] eu.infinitech.finflink.util.TradePeriodsGenerator.<init>
13:43:35.839 [INFO]   [Creating]        [223/224]   T005: Trivial constructor
13:43:35.839 [INFO]   [Creating]        [223/224]     See https://diff.blue/T005
13:43:37.879 [INFO]   [Creating]        [224/224] eu.infinitech.finflink.util.TradePeriodsGenerator.generateTradePeriods
13:43:37.879 [INFO]   [Creating]        [224/224]   Tests created: 3
13:43:37.880 [INFO]   [Creating]    [47/47] eu.infinitech.finflink.util.TradePeriodsGenerator
13:43:37.880 [INFO]   [Creating]    [47/47]   Tests created: 3
13:43:37.888 [INFO]   [Reporting]   
13:43:37.888 [INFO]   [Reporting]   Test creation summary for module: Infinitech-FinFlink:Infinitech-FinFlink
13:43:37.888 [INFO]   [Reporting]   -------------------------------------------------------------------------
13:43:37.888 [INFO]   [Reporting]   Total:                                             224 methods
13:43:37.888 [INFO]   [Reporting]   256 tests created for:                             210 methods
13:43:37.888 [INFO]   [Reporting]   
13:43:37.888 [INFO]   [Reporting]   Tested indirectly via other methods:                 4 methods
13:43:37.888 [INFO]   [Reporting]       4 T005: Trivial constructor
13:43:37.888 [INFO]   [Reporting]   Not unit-testable:                                   1 method
13:43:37.888 [INFO]   [Reporting]       1 T006: Main method
13:43:37.888 [INFO]   [Reporting]   No tests created for:                                5 methods
13:43:37.888 [INFO]   [Reporting]       1 R011: Sandboxing policy violation
13:43:38.057 [INFO]   [Validating]  
13:43:38.057 [INFO]   [Validating]  Running validation command.
13:43:38.058 [INFO]   [Validating]  Using default build rules as no custom rules found in any of [/home/jbergqvist/diffblue/terrierteam-FinFlink]
13:43:38.058 [INFO]   [Validating]  Attempting to invoke mvnw in working directory: /home/jbergqvist/diffblue/terrierteam-FinFlink
13:43:38.059 [INFO]   [Validating]  Attempting to invoke /home/jbergqvist/.sdkman/candidates/maven/current/bin/mvn in working directory: /home/jbergqvist/diffblue/terrierteam-FinFlink
13:43:38.060 [INFO]   [Validating]  Started "/home/jbergqvist/.sdkman/candidates/maven/current/bin/mvn -Dmaven.ext.class.path=/opt/cover/cover-buildsystem-maven-spy-jar-with-dependencies.jar -Dcom.diffblue.cover.skipTests=true -DskipTestOptimizer --batch-mode --projects=Infinitech-FinFlink:Infinitech-FinFlink --global-settings=/home/jbergqvist/.sdkman/candidates/maven/current/conf/settings.xml validate --also-make"
13:43:38.840 [INFO]   [Validating]  out: [INFO] Scanning for projects...
13:43:38.884 [INFO]   [Validating]  out: [INFO] 
13:43:38.885 [INFO]   [Validating]  out: [INFO] --------------< Infinitech-FinFlink:Infinitech-FinFlink >---------------
13:43:38.885 [INFO]   [Validating]  out: [INFO] Building Infinitech-FinFlink 0.6
13:43:38.885 [INFO]   [Validating]  out: [INFO]   from pom.xml
13:43:38.885 [INFO]   [Validating]  out: [INFO] --------------------------------[ jar ]---------------------------------
13:43:39.009 [INFO]   [Validating]  deserializing line [DIFFBLUE]{"__type":"com.diffblue.cover.buildsystem.model.DefaultProjectModuleMessage","project":{"__type":"DefaultProjectModule","junitReport":["/home/jbergqvist/diffblue/terrierteam-FinFlink/target/surefire-reports"],"jacocoReport":["/home/jbergqvist/diffblue/terrierteam-FinFlink/target/site/jacoco/jacoco.xml"],"jacocoDestFile":["/home/jbergqvist/diffblue/terrierteam-FinFlink/target/jacoco.exec"],"jacocoFormats":["xml"],"jacocoSkipped":false,"classpath":["/home/jbergqvist/diffblue/terrierteam-FinFlink/target/classes"],"complianceLevel":"11","productionSources":["/home/jbergqvist/diffblue/terrierteam-FinFlink/src/main/java"],"testSources":["/home/jbergqvist/diffblue/terrierteam-FinFlink/src/test/java"],"productionClasses":"/home/jbergqvist/diffblue/terrierteam-FinFlink/target/classes","testClasses":"/home/jbergqvist/diffblue/terrierteam-FinFlink/target/test-classes","sourceToBuildPathMap":null,"testSourceToBuildPathMap":null,"buildDirectory":"/home/jbergqvist/diffblue/terrierteam-FinFlink/target","plugins":[{"__type":"DefaultPlugin","groupId":"org.apache.maven.plugins","artefactId":"maven-compiler-plugin","version":"3.8.1","pluginClassName":null},{"__type":"DefaultPlugin","groupId":"org.apache.maven.plugins","artefactId":"maven-shade-plugin","version":"3.1.1","pluginClassName":null},{"__type":"DefaultPlugin","groupId":"org.apache.maven.plugins","artefactId":"maven-clean-plugin","version":"3.2.0","pluginClassName":null},{"__type":"DefaultPlugin","groupId":"org.apache.maven.plugins","artefactId":"maven-resources-plugin","version":"3.3.1","pluginClassName":null},{"__type":"DefaultPlugin","groupId":"org.apache.maven.plugins","artefactId":"maven-jar-plugin","version":"3.4.1","pluginClassName":null},{"__type":"DefaultPlugin","groupId":"org.apache.maven.plugins","artefactId":"maven-surefire-plugin","version":"3.2.5","pluginClassName":null},{"__type":"DefaultPlugin","groupId":"org.apache.maven.plugins","artefactId":"maven-install-plugin","version":"3.1.2","pluginClassName":null},{"__type":"DefaultPlugin","groupId":"org.apache.maven.plugins","artefactId":"maven-deploy-plugin","version":"3.1.2","pluginClassName":null},{"__type":"DefaultPlugin","groupId":"org.apache.maven.plugins","artefactId":"maven-site-plugin","version":"3.12.1","pluginClassName":null}],"version":"3.9.12","encoding":null,"name":"maven","subModules":[],"simpleModuleName":null,"parentModuleName":null,"location":"/home/jbergqvist/diffblue/terrierteam-FinFlink","fullModuleName":"Infinitech-FinFlink:Infinitech-FinFlink"}}
13:43:39.016 [INFO]   [Validating]  out: [INFO] ------------------------------------------------------------------------
13:43:39.016 [INFO]   [Validating]  out: [INFO] BUILD SUCCESS
13:43:39.017 [INFO]   [Validating]  out: [INFO] ------------------------------------------------------------------------
13:43:39.017 [INFO]   [Validating]  out: [INFO] Total time:  0.185 s
13:43:39.017 [INFO]   [Validating]  out: [INFO] Finished at: 2026-01-12T13:43:39Z
13:43:39.017 [INFO]   [Validating]  out: [INFO] ------------------------------------------------------------------------
13:43:39.017 [INFO]   [Validating]  deserializing line [DIFFBLUE]{"__type":"com.diffblue.cover.buildsystem.model.ProjectInfoMessage","projectName":"Infinitech-FinFlink:Infinitech-FinFlink","productionSources":["/home/jbergqvist/diffblue/terrierteam-FinFlink/src/main/java"],"testSources":["/home/jbergqvist/diffblue/terrierteam-FinFlink/src/test/java"],"location":"/home/jbergqvist/diffblue/terrierteam-FinFlink"}
13:43:39.035 [INFO]   [Validating]  maven:err process not stopped, joining thread
13:43:39.035 [INFO]   [Validating]  maven:out process not stopped, joining thread
13:43:39.036 [INFO]   [Validating]  This can take a couple of minutes.
13:43:39.037 [INFO]   [Validating]  Using default build rules as no custom rules found in any of [/home/jbergqvist/diffblue/terrierteam-FinFlink]
13:43:39.037 [INFO]   [Validating]  Attempting to invoke mvnw in working directory: /home/jbergqvist/diffblue/terrierteam-FinFlink
13:43:39.037 [INFO]   [Validating]  Attempting to invoke /home/jbergqvist/.sdkman/candidates/maven/current/bin/mvn in working directory: /home/jbergqvist/diffblue/terrierteam-FinFlink
13:43:39.038 [INFO]   [Validating]  Started "/home/jbergqvist/.sdkman/candidates/maven/current/bin/mvn -Dmaven.ext.class.path=/opt/cover/cover-buildsystem-maven-spy-jar-with-dependencies.jar -Dcom.diffblue.cover.skipTests=true -DskipTestOptimizer --batch-mode --projects=Infinitech-FinFlink:Infinitech-FinFlink --global-settings=/home/jbergqvist/.sdkman/candidates/maven/current/conf/settings.xml clean test"
13:43:39.823 [INFO]   [Validating]  out: [INFO] Scanning for projects...
13:43:39.865 [INFO]   [Validating]  out: [INFO] 
13:43:39.865 [INFO]   [Validating]  out: [INFO] --------------< Infinitech-FinFlink:Infinitech-FinFlink >---------------
13:43:39.865 [INFO]   [Validating]  out: [INFO] Building Infinitech-FinFlink 0.6
13:43:39.865 [INFO]   [Validating]  out: [INFO]   from pom.xml
13:43:39.865 [INFO]   [Validating]  out: [INFO] --------------------------------[ jar ]---------------------------------
13:43:40.239 [INFO]   [Validating]  deserializing line [DIFFBLUE]{"__type":"com.diffblue.cover.buildsystem.model.DefaultEventMessage","project":"Infinitech-FinFlink:Infinitech-FinFlink","goal":"clean","cause":null,"state":"STARTED"}
13:43:40.241 [INFO]   [Validating]  out: [INFO] 
13:43:40.241 [INFO]   [Validating]  out: [INFO] --- clean:3.2.0:clean (default-clean) @ Infinitech-FinFlink ---
13:43:40.298 [INFO]   [Validating]  out: [INFO] Deleting /home/jbergqvist/diffblue/terrierteam-FinFlink/target
13:43:40.310 [INFO]   [Validating]  deserializing line [DIFFBLUE]{"__type":"com.diffblue.cover.buildsystem.model.DefaultEventMessage","project":"Infinitech-FinFlink:Infinitech-FinFlink","goal":"clean","cause":null,"state":"SUCCESS"}
13:43:40.312 [INFO]   [Validating]  deserializing line [DIFFBLUE]{"__type":"com.diffblue.cover.buildsystem.model.DefaultEventMessage","project":"Infinitech-FinFlink:Infinitech-FinFlink","goal":"resources","cause":null,"state":"STARTED"}
13:43:40.313 [INFO]   [Validating]  out: [INFO] 
13:43:40.313 [INFO]   [Validating]  out: [INFO] --- resources:3.3.1:resources (default-resources) @ Infinitech-FinFlink ---
13:43:40.356 [INFO]   [Validating]  out: [WARNING] Using platform encoding (UTF-8 actually) to copy filtered resources, i.e. build is platform dependent!
13:43:40.357 [INFO]   [Validating]  out: [INFO] skip non existing resourceDirectory /home/jbergqvist/diffblue/terrierteam-FinFlink/resources
13:43:40.358 [INFO]   [Validating]  deserializing line [DIFFBLUE]{"__type":"com.diffblue.cover.buildsystem.model.DefaultEventMessage","project":"Infinitech-FinFlink:Infinitech-FinFlink","goal":"resources","cause":null,"state":"SUCCESS"}
13:43:40.360 [INFO]   [Validating]  deserializing line [DIFFBLUE]{"__type":"com.diffblue.cover.buildsystem.model.DefaultEventMessage","project":"Infinitech-FinFlink:Infinitech-FinFlink","goal":"compile","cause":null,"state":"STARTED"}
13:43:40.361 [INFO]   [Validating]  out: [INFO] 
13:43:40.361 [INFO]   [Validating]  out: [INFO] --- compiler:3.8.1:compile (default-compile) @ Infinitech-FinFlink ---
13:43:40.535 [INFO]   [Validating]  out: [INFO] Changes detected - recompiling the module!
13:43:40.537 [INFO]   [Validating]  out: [WARNING] File encoding has not been set, using platform encoding UTF-8, i.e. build is platform dependent!
13:43:40.539 [INFO]   [Validating]  out: [INFO] Compiling 48 source files to /home/jbergqvist/diffblue/terrierteam-FinFlink/target/classes
13:43:41.407 [INFO]   [Validating]  deserializing line [DIFFBLUE]{"__type":"com.diffblue.cover.buildsystem.model.DefaultEventMessage","project":"Infinitech-FinFlink:Infinitech-FinFlink","goal":"compile","cause":null,"state":"SUCCESS"}
13:43:41.409 [INFO]   [Validating]  deserializing line [DIFFBLUE]{"__type":"com.diffblue.cover.buildsystem.model.DefaultEventMessage","project":"Infinitech-FinFlink:Infinitech-FinFlink","goal":"testResources","cause":null,"state":"STARTED"}
13:43:41.411 [INFO]   [Validating]  out: [INFO] 
13:43:41.411 [INFO]   [Validating]  out: [INFO] --- resources:3.3.1:testResources (default-testResources) @ Infinitech-FinFlink ---
13:43:41.412 [INFO]   [Validating]  out: [WARNING] Using platform encoding (UTF-8 actually) to copy filtered resources, i.e. build is platform dependent!
13:43:41.412 [INFO]   [Validating]  out: [INFO] skip non existing resourceDirectory /home/jbergqvist/diffblue/terrierteam-FinFlink/src/test/resources
13:43:41.414 [INFO]   [Validating]  deserializing line [DIFFBLUE]{"__type":"com.diffblue.cover.buildsystem.model.DefaultEventMessage","project":"Infinitech-FinFlink:Infinitech-FinFlink","goal":"testResources","cause":null,"state":"SUCCESS"}
13:43:41.415 [INFO]   [Validating]  deserializing line [DIFFBLUE]{"__type":"com.diffblue.cover.buildsystem.model.DefaultEventMessage","project":"Infinitech-FinFlink:Infinitech-FinFlink","goal":"testCompile","cause":null,"state":"STARTED"}
13:43:41.417 [INFO]   [Validating]  out: [INFO] 
13:43:41.417 [INFO]   [Validating]  out: [INFO] --- compiler:3.8.1:testCompile (default-testCompile) @ Infinitech-FinFlink ---
13:43:41.421 [INFO]   [Validating]  out: [INFO] Changes detected - recompiling the module!
13:43:41.421 [INFO]   [Validating]  out: [WARNING] File encoding has not been set, using platform encoding UTF-8, i.e. build is platform dependent!
13:43:41.421 [INFO]   [Validating]  out: [INFO] Compiling 46 source files to /home/jbergqvist/diffblue/terrierteam-FinFlink/target/test-classes
13:43:42.002 [INFO]   [Validating]  out: [INFO] /home/jbergqvist/diffblue/terrierteam-FinFlink/src/test/java/eu/infinitech/finflink/transformations/technicalIndicators/TechnicalIndicatorDiffblueTest.java: /home/jbergqvist/diffblue/terrierteam-FinFlink/src/test/java/eu/infinitech/finflink/transformations/technicalIndicators/TechnicalIndicatorDiffblueTest.java uses unchecked or unsafe operations.
13:43:42.003 [INFO]   [Validating]  out: [INFO] /home/jbergqvist/diffblue/terrierteam-FinFlink/src/test/java/eu/infinitech/finflink/transformations/technicalIndicators/TechnicalIndicatorDiffblueTest.java: Recompile with -Xlint:unchecked for details.
13:43:42.004 [INFO]   [Validating]  deserializing line [DIFFBLUE]{"__type":"com.diffblue.cover.buildsystem.model.DefaultEventMessage","project":"Infinitech-FinFlink:Infinitech-FinFlink","goal":"testCompile","cause":null,"state":"SUCCESS"}
13:43:42.006 [INFO]   [Validating]  deserializing line [DIFFBLUE]{"__type":"com.diffblue.cover.buildsystem.model.DefaultEventMessage","project":"Infinitech-FinFlink:Infinitech-FinFlink","goal":"test","cause":null,"state":"STARTED"}
13:43:42.008 [INFO]   [Validating]  out: [INFO] 
13:43:42.008 [INFO]   [Validating]  out: [INFO] --- surefire:3.2.5:test (default-test) @ Infinitech-FinFlink ---
13:43:42.144 [INFO]   [Validating]  out: [INFO] Using auto detected provider org.apache.maven.surefire.junitplatform.JUnitPlatformProvider
13:43:42.173 [INFO]   [Validating]  out: [INFO] 
13:43:42.173 [INFO]   [Validating]  out: [INFO] -------------------------------------------------------
13:43:42.173 [INFO]   [Validating]  out: [INFO]  T E S T S
13:43:42.173 [INFO]   [Validating]  out: [INFO] -------------------------------------------------------
13:43:42.796 [INFO]   [Validating]  out: [INFO] Running eu.infinitech.finflink.structures.TechnicalIndicatorsDiffblueTest
13:43:42.842 [INFO]   [Validating]  out: [INFO] Tests run: 5, Failures: 0, Errors: 0, Skipped: 0, Time elapsed: 0.033 s -- in eu.infinitech.finflink.structures.TechnicalIndicatorsDiffblueTest
13:43:42.843 [INFO]   [Validating]  out: [INFO] Running eu.infinitech.finflink.structures.TradePeriodDiffblueTest
13:43:42.856 [INFO]   [Validating]  out: [INFO] Tests run: 18, Failures: 0, Errors: 0, Skipped: 0, Time elapsed: 0.024 s -- in eu.infinitech.finflink.structures.TradePeriodDiffblueTest
13:43:42.856 [INFO]   [Validating]  out: [INFO] Running eu.infinitech.finflink.structures.TradeDiffblueTest
13:43:42.860 [INFO]   [Validating]  out: [INFO] Tests run: 4, Failures: 0, Errors: 0, Skipped: 0, Time elapsed: 0.004 s -- in eu.infinitech.finflink.structures.TradeDiffblueTest
13:43:42.860 [INFO]   [Validating]  out: [INFO] Running eu.infinitech.finflink.structures.PricePointDiffblueTest
13:43:42.867 [INFO]   [Validating]  out: [INFO] Tests run: 6, Failures: 0, Errors: 0, Skipped: 0, Time elapsed: 0.007 s -- in eu.infinitech.finflink.structures.PricePointDiffblueTest
13:43:42.868 [INFO]   [Validating]  out: [INFO] Running eu.infinitech.finflink.structures.IndicatorRequirementsDiffblueTest
13:43:42.874 [INFO]   [Validating]  out: [INFO] Tests run: 6, Failures: 0, Errors: 0, Skipped: 0, Time elapsed: 0.006 s -- in eu.infinitech.finflink.structures.IndicatorRequirementsDiffblueTest
13:43:42.874 [INFO]   [Validating]  out: [INFO] Running eu.infinitech.finflink.structures.TradingDataAccumulatorDiffblueTest
13:43:42.877 [INFO]   [Validating]  out: [INFO] Tests run: 2, Failures: 0, Errors: 0, Skipped: 0, Time elapsed: 0.002 s -- in eu.infinitech.finflink.structures.TradingDataAccumulatorDiffblueTest
13:43:42.877 [INFO]   [Validating]  out: [INFO] Running eu.infinitech.finflink.structures.StreamCharacteristicsDiffblueTest
13:43:42.883 [INFO]   [Validating]  out: [INFO] Tests run: 6, Failures: 0, Errors: 0, Skipped: 0, Time elapsed: 0.007 s -- in eu.infinitech.finflink.structures.StreamCharacteristicsDiffblueTest
13:43:42.883 [INFO]   [Validating]  out: [INFO] Running eu.infinitech.finflink.structures.InputStreamTypeDiffblueTest
13:43:42.886 [INFO]   [Validating]  out: [INFO] Tests run: 4, Failures: 0, Errors: 0, Skipped: 0, Time elapsed: 0.003 s -- in eu.infinitech.finflink.structures.InputStreamTypeDiffblueTest
13:43:42.886 [INFO]   [Validating]  out: [INFO] Running eu.infinitech.finflink.structures.TechnicalIndicatorDiffblueTest
13:43:42.888 [INFO]   [Validating]  out: [INFO] Tests run: 2, Failures: 0, Errors: 0, Skipped: 0, Time elapsed: 0.002 s -- in eu.infinitech.finflink.structures.TechnicalIndicatorDiffblueTest
13:43:42.889 [INFO]   [Validating]  out: [INFO] Running eu.infinitech.finflink.time.TradingDataTimeAssignerDiffblueTest
13:43:43.533 [INFO]   [Validating]  out: [INFO] Tests run: 3, Failures: 0, Errors: 0, Skipped: 0, Time elapsed: 0.643 s -- in eu.infinitech.finflink.time.TradingDataTimeAssignerDiffblueTest
13:43:43.533 [INFO]   [Validating]  out: [INFO] Running eu.infinitech.finflink.keys.KeyByAssetIDDiffblueTest
13:43:43.538 [INFO]   [Validating]  out: [INFO] Tests run: 2, Failures: 0, Errors: 0, Skipped: 0, Time elapsed: 0.004 s -- in eu.infinitech.finflink.keys.KeyByAssetIDDiffblueTest
13:43:43.539 [INFO]   [Validating]  out: [INFO] Running eu.infinitech.finflink.transformations.data.InputParserDiffblueTest
13:43:43.543 [INFO]   [Validating]  out: [INFO] Tests run: 2, Failures: 0, Errors: 0, Skipped: 0, Time elapsed: 0.004 s -- in eu.infinitech.finflink.transformations.data.InputParserDiffblueTest
13:43:43.543 [INFO]   [Validating]  out: [INFO] Running eu.infinitech.finflink.transformations.data.ToTradeDiffblueTest
13:43:43.547 [INFO]   [Validating]  out: [INFO] Tests run: 2, Failures: 0, Errors: 0, Skipped: 0, Time elapsed: 0.003 s -- in eu.infinitech.finflink.transformations.data.ToTradeDiffblueTest
13:43:43.548 [INFO]   [Validating]  out: [INFO] Running eu.infinitech.finflink.transformations.data.ToPricePointDiffblueTest
13:43:43.552 [INFO]   [Validating]  out: [INFO] Tests run: 4, Failures: 0, Errors: 0, Skipped: 0, Time elapsed: 0.004 s -- in eu.infinitech.finflink.transformations.data.ToPricePointDiffblueTest
13:43:43.552 [INFO]   [Validating]  out: [INFO] Running eu.infinitech.finflink.transformations.technicalIndicators.TrueRangeDiffblueTest
13:43:43.557 [INFO]   [Validating]  out: [INFO] Tests run: 6, Failures: 0, Errors: 0, Skipped: 0, Time elapsed: 0.004 s -- in eu.infinitech.finflink.transformations.technicalIndicators.TrueRangeDiffblueTest
13:43:43.557 [INFO]   [Validating]  out: [INFO] Running eu.infinitech.finflink.transformations.technicalIndicators.HighPriceDirectionalMomentumDiffblueTest
13:43:43.563 [INFO]   [Validating]  out: [INFO] Tests run: 8, Failures: 0, Errors: 0, Skipped: 0, Time elapsed: 0.005 s -- in eu.infinitech.finflink.transformations.technicalIndicators.HighPriceDirectionalMomentumDiffblueTest
13:43:43.563 [INFO]   [Validating]  out: [INFO] Running eu.infinitech.finflink.transformations.technicalIndicators.MoneyFlowIndexDiffblueTest
13:43:43.573 [INFO]   [Validating]  out: [INFO] Tests run: 6, Failures: 0, Errors: 0, Skipped: 0, Time elapsed: 0.010 s -- in eu.infinitech.finflink.transformations.technicalIndicators.MoneyFlowIndexDiffblueTest
13:43:43.573 [INFO]   [Validating]  out: [INFO] Running eu.infinitech.finflink.transformations.technicalIndicators.AverageTrueRangeDiffblueTest
13:43:43.577 [INFO]   [Validating]  out: [INFO] Tests run: 5, Failures: 0, Errors: 0, Skipped: 0, Time elapsed: 0.003 s -- in eu.infinitech.finflink.transformations.technicalIndicators.AverageTrueRangeDiffblueTest
13:43:43.577 [INFO]   [Validating]  out: [INFO] Running eu.infinitech.finflink.transformations.technicalIndicators.TechnicalIndicatorGeneratorDiffblueTest
13:43:43.582 [INFO]   [Validating]  out: [INFO] Tests run: 6, Failures: 0, Errors: 0, Skipped: 0, Time elapsed: 0.005 s -- in eu.infinitech.finflink.transformations.technicalIndicators.TechnicalIndicatorGeneratorDiffblueTest
13:43:43.582 [INFO]   [Validating]  out: [INFO] Running eu.infinitech.finflink.transformations.technicalIndicators.ReturnsDiffblueTest
13:43:43.585 [INFO]   [Validating]  out: [INFO] Tests run: 5, Failures: 0, Errors: 0, Skipped: 0, Time elapsed: 0.003 s -- in eu.infinitech.finflink.transformations.technicalIndicators.ReturnsDiffblueTest
13:43:43.585 [INFO]   [Validating]  out: [INFO] Running eu.infinitech.finflink.transformations.technicalIndicators.VolatilityDiffblueTest
13:43:43.598 [INFO]   [Validating]  out: [INFO] Tests run: 7, Failures: 0, Errors: 0, Skipped: 0, Time elapsed: 0.012 s -- in eu.infinitech.finflink.transformations.technicalIndicators.VolatilityDiffblueTest
13:43:43.598 [INFO]   [Validating]  out: [INFO] Running eu.infinitech.finflink.transformations.technicalIndicators.UtilsDiffblueTest
13:43:43.616 [INFO]   [Validating]  out: [INFO] Tests run: 28, Failures: 0, Errors: 0, Skipped: 0, Time elapsed: 0.017 s -- in eu.infinitech.finflink.transformations.technicalIndicators.UtilsDiffblueTest
13:43:43.617 [INFO]   [Validating]  out: [INFO] Running eu.infinitech.finflink.transformations.technicalIndicators.LowPriceDirectionalIndexDiffblueTest
13:43:43.620 [INFO]   [Validating]  out: [INFO] Tests run: 8, Failures: 0, Errors: 0, Skipped: 0, Time elapsed: 0.004 s -- in eu.infinitech.finflink.transformations.technicalIndicators.LowPriceDirectionalIndexDiffblueTest
13:43:43.620 [INFO]   [Validating]  out: [INFO] Running eu.infinitech.finflink.transformations.technicalIndicators.RelativeStrengthIndexDiffblueTest
13:43:43.624 [INFO]   [Validating]  out: [INFO] Tests run: 5, Failures: 0, Errors: 0, Skipped: 0, Time elapsed: 0.004 s -- in eu.infinitech.finflink.transformations.technicalIndicators.RelativeStrengthIndexDiffblueTest
13:43:43.625 [INFO]   [Validating]  out: [INFO] Running eu.infinitech.finflink.transformations.technicalIndicators.MomentumDiffblueTest
13:43:43.627 [INFO]   [Validating]  out: [INFO] Tests run: 6, Failures: 0, Errors: 0, Skipped: 0, Time elapsed: 0.003 s -- in eu.infinitech.finflink.transformations.technicalIndicators.MomentumDiffblueTest
13:43:43.627 [INFO]   [Validating]  out: [INFO] Running eu.infinitech.finflink.transformations.technicalIndicators.OnBalanceVolumeIndicatorDiffblueTest
13:43:43.632 [INFO]   [Validating]  out: [INFO] Tests run: 6, Failures: 0, Errors: 0, Skipped: 0, Time elapsed: 0.005 s -- in eu.infinitech.finflink.transformations.technicalIndicators.OnBalanceVolumeIndicatorDiffblueTest
13:43:43.632 [INFO]   [Validating]  out: [INFO] Running eu.infinitech.finflink.transformations.technicalIndicators.VortexMinusDiffblueTest
13:43:43.635 [INFO]   [Validating]  out: [INFO] Tests run: 4, Failures: 0, Errors: 0, Skipped: 0, Time elapsed: 0.004 s -- in eu.infinitech.finflink.transformations.technicalIndicators.VortexMinusDiffblueTest
13:43:43.636 [INFO]   [Validating]  out: [INFO] Running eu.infinitech.finflink.transformations.technicalIndicators.ForceIndexDiffblueTest
13:43:43.639 [INFO]   [Validating]  out: [INFO] Tests run: 4, Failures: 0, Errors: 0, Skipped: 0, Time elapsed: 0.003 s -- in eu.infinitech.finflink.transformations.technicalIndicators.ForceIndexDiffblueTest
13:43:43.639 [INFO]   [Validating]  out: [INFO] Running eu.infinitech.finflink.transformations.technicalIndicators.VortexPlusDiffblueTest
13:43:43.643 [INFO]   [Validating]  out: [INFO] Tests run: 4, Failures: 0, Errors: 0, Skipped: 0, Time elapsed: 0.003 s -- in eu.infinitech.finflink.transformations.technicalIndicators.VortexPlusDiffblueTest
13:43:43.644 [INFO]   [Validating]  out: [INFO] Running eu.infinitech.finflink.transformations.technicalIndicators.LogReturnsDiffblueTest
13:43:43.647 [INFO]   [Validating]  out: [INFO] Tests run: 6, Failures: 0, Errors: 0, Skipped: 0, Time elapsed: 0.004 s -- in eu.infinitech.finflink.transformations.technicalIndicators.LogReturnsDiffblueTest
13:43:43.647 [INFO]   [Validating]  out: [INFO] Running eu.infinitech.finflink.transformations.technicalIndicators.HighPriceDirectionalIndexDiffblueTest
13:43:43.652 [INFO]   [Validating]  out: [INFO] Tests run: 8, Failures: 0, Errors: 0, Skipped: 0, Time elapsed: 0.004 s -- in eu.infinitech.finflink.transformations.technicalIndicators.HighPriceDirectionalIndexDiffblueTest
13:43:43.652 [INFO]   [Validating]  out: [INFO] Running eu.infinitech.finflink.transformations.technicalIndicators.TechnicalIndicatorPipelineDiffblueTest
13:43:43.668 [INFO]   [Validating]  out: [INFO] Tests run: 9, Failures: 0, Errors: 0, Skipped: 0, Time elapsed: 0.016 s -- in eu.infinitech.finflink.transformations.technicalIndicators.TechnicalIndicatorPipelineDiffblueTest
13:43:43.668 [INFO]   [Validating]  out: [INFO] Running eu.infinitech.finflink.transformations.technicalIndicators.LowPriceDirectionalMomentumDiffblueTest
13:43:43.672 [INFO]   [Validating]  out: [INFO] Tests run: 8, Failures: 0, Errors: 0, Skipped: 0, Time elapsed: 0.003 s -- in eu.infinitech.finflink.transformations.technicalIndicators.LowPriceDirectionalMomentumDiffblueTest
13:43:43.672 [INFO]   [Validating]  out: [INFO] Running eu.infinitech.finflink.transformations.technicalIndicators.DirectionalIndexDiffblueTest
13:43:43.676 [INFO]   [Validating]  out: [INFO] Tests run: 9, Failures: 0, Errors: 0, Skipped: 0, Time elapsed: 0.003 s -- in eu.infinitech.finflink.transformations.technicalIndicators.DirectionalIndexDiffblueTest
13:43:43.677 [INFO]   [Validating]  out: [INFO] Running eu.infinitech.finflink.transformations.technicalIndicators.AccumulationDistributionIndexDiffblueTest
13:43:43.679 [INFO]   [Validating]  out: [INFO] Tests run: 5, Failures: 0, Errors: 0, Skipped: 0, Time elapsed: 0.003 s -- in eu.infinitech.finflink.transformations.technicalIndicators.AccumulationDistributionIndexDiffblueTest
13:43:43.680 [INFO]   [Validating]  out: [INFO] Running eu.infinitech.finflink.transformations.technicalIndicators.AverageDirectionalIndexDiffblueTest
13:43:43.682 [INFO]   [Validating]  out: [INFO] Tests run: 5, Failures: 0, Errors: 0, Skipped: 0, Time elapsed: 0.003 s -- in eu.infinitech.finflink.transformations.technicalIndicators.AverageDirectionalIndexDiffblueTest
13:43:43.682 [INFO]   [Validating]  out: [INFO] Running eu.infinitech.finflink.transformations.technicalIndicators.MovingAverageConvergenceDivergenceDiffblueTest
13:43:43.685 [INFO]   [Validating]  out: [INFO] Tests run: 5, Failures: 0, Errors: 0, Skipped: 0, Time elapsed: 0.003 s -- in eu.infinitech.finflink.transformations.technicalIndicators.MovingAverageConvergenceDivergenceDiffblueTest
13:43:43.686 [INFO]   [Validating]  out: [INFO] Running eu.infinitech.finflink.transformations.technicalIndicators.CommodityChannelIndexDiffblueTest
13:43:43.689 [INFO]   [Validating]  out: [INFO] Tests run: 5, Failures: 0, Errors: 0, Skipped: 0, Time elapsed: 0.003 s -- in eu.infinitech.finflink.transformations.technicalIndicators.CommodityChannelIndexDiffblueTest
13:43:43.690 [INFO]   [Validating]  out: [INFO] Running eu.infinitech.finflink.transformations.technicalIndicators.PeriodEndDiffblueTest
13:43:43.692 [INFO]   [Validating]  out: [INFO] Tests run: 3, Failures: 0, Errors: 0, Skipped: 0, Time elapsed: 0.002 s -- in eu.infinitech.finflink.transformations.technicalIndicators.PeriodEndDiffblueTest
13:43:43.693 [INFO]   [Validating]  out: [INFO] Running eu.infinitech.finflink.transformations.technicalIndicators.DetrendedCloseOscillatorDiffblueTest
13:43:43.696 [INFO]   [Validating]  out: [INFO] Tests run: 5, Failures: 0, Errors: 0, Skipped: 0, Time elapsed: 0.004 s -- in eu.infinitech.finflink.transformations.technicalIndicators.DetrendedCloseOscillatorDiffblueTest
13:43:43.696 [INFO]   [Validating]  out: [INFO] Running eu.infinitech.finflink.transformations.technicalIndicators.TechnicalIndicatorDiffblueTest
13:43:43.746 [INFO]   [Validating]  out: [INFO] Tests run: 6, Failures: 0, Errors: 0, Skipped: 0, Time elapsed: 0.050 s -- in eu.infinitech.finflink.transformations.technicalIndicators.TechnicalIndicatorDiffblueTest
13:43:43.746 [INFO]   [Validating]  out: [INFO] Running eu.infinitech.finflink.util.TradePeriodsGeneratorDiffblueTest
13:43:43.747 [INFO]   [Validating]  out: [INFO] Tests run: 3, Failures: 0, Errors: 0, Skipped: 0, Time elapsed: 0.001 s -- in eu.infinitech.finflink.util.TradePeriodsGeneratorDiffblueTest
13:43:43.748 [INFO]   [Validating]  out: [INFO] Running eu.infinitech.finflink.sinks.QuestDBSinkDiffblueTest
13:43:43.750 [INFO]   [Validating]  out: [INFO] Tests run: 4, Failures: 0, Errors: 0, Skipped: 0, Time elapsed: 0.003 s -- in eu.infinitech.finflink.sinks.QuestDBSinkDiffblueTest
13:43:43.750 [INFO]   [Validating]  out: [INFO] Running eu.infinitech.finflink.sinks.PrintSinkDiffblueTest
13:43:43.751 [INFO]   [Validating]  out: [INFO] Tests run: 1, Failures: 0, Errors: 0, Skipped: 0, Time elapsed: 0.001 s -- in eu.infinitech.finflink.sinks.PrintSinkDiffblueTest
13:43:43.777 [INFO]   [Validating]  out: [INFO] 
13:43:43.778 [INFO]   [Validating]  out: [INFO] Results:
13:43:43.778 [INFO]   [Validating]  out: [INFO] 
13:43:43.778 [INFO]   [Validating]  out: [INFO] Tests run: 256, Failures: 0, Errors: 0, Skipped: 0
13:43:43.778 [INFO]   [Validating]  out: [INFO] 
13:43:43.781 [INFO]   [Validating]  deserializing line [DIFFBLUE]{"__type":"com.diffblue.cover.buildsystem.model.DefaultEventMessage","project":"Infinitech-FinFlink:Infinitech-FinFlink","goal":"test","cause":null,"state":"SUCCESS"}
13:43:43.808 [INFO]   [Validating]  deserializing line [DIFFBLUE]{"__type":"com.diffblue.cover.buildsystem.model.DefaultProjectModuleMessage","project":{"__type":"DefaultProjectModule","junitReport":["/home/jbergqvist/diffblue/terrierteam-FinFlink/target/surefire-reports"],"jacocoReport":["/home/jbergqvist/diffblue/terrierteam-FinFlink/target/site/jacoco/jacoco.xml"],"jacocoDestFile":["/home/jbergqvist/diffblue/terrierteam-FinFlink/target/jacoco.exec"],"jacocoFormats":["xml"],"jacocoSkipped":false,"classpath":["/home/jbergqvist/diffblue/terrierteam-FinFlink/target/classes","/home/jbergqvist/.m2/repository/org/apache/flink/flink-streaming-java_2.12/1.14.4/flink-streaming-java_2.12-1.14.4.jar","/home/jbergqvist/.m2/repository/org/apache/flink/flink-core/1.14.4/flink-core-1.14.4.jar","/home/jbergqvist/.m2/repository/org/apache/flink/flink-annotations/1.14.4/flink-annotations-1.14.4.jar","/home/jbergqvist/.m2/repository/org/apache/flink/flink-metrics-core/1.14.4/flink-metrics-core-1.14.4.jar","/home/jbergqvist/.m2/repository/org/apache/flink/flink-shaded-asm-7/7.1-14.0/flink-shaded-asm-7-7.1-14.0.jar","/home/jbergqvist/.m2/repository/org/apache/commons/commons-lang3/3.3.2/commons-lang3-3.3.2.jar","/home/jbergqvist/.m2/repository/com/esotericsoftware/kryo/kryo/2.24.0/kryo-2.24.0.jar","/home/jbergqvist/.m2/repository/com/esotericsoftware/minlog/minlog/1.2/minlog-1.2.jar","/home/jbergqvist/.m2/repository/commons-collections/commons-collections/3.2.2/commons-collections-3.2.2.jar","/home/jbergqvist/.m2/repository/org/apache/commons/commons-compress/1.21/commons-compress-1.21.jar","/home/jbergqvist/.m2/repository/org/apache/flink/flink-file-sink-common/1.14.4/flink-file-sink-common-1.14.4.jar","/home/jbergqvist/.m2/repository/org/apache/flink/flink-runtime/1.14.4/flink-runtime-1.14.4.jar","/home/jbergqvist/.m2/repository/org/apache/flink/flink-rpc-core/1.14.4/flink-rpc-core-1.14.4.jar","/home/jbergqvist/.m2/repository/org/apache/flink/flink-rpc-akka-loader/1.14.4/flink-rpc-akka-loader-1.14.4.jar","/home/jbergqvist/.m2/repository/org/apache/flink/flink-queryable-state-client-java/1.14.4/flink-queryable-state-client-java-1.14.4.jar","/home/jbergqvist/.m2/repository/org/apache/flink/flink-hadoop-fs/1.14.4/flink-hadoop-fs-1.14.4.jar","/home/jbergqvist/.m2/repository/commons-io/commons-io/2.8.0/commons-io-2.8.0.jar","/home/jbergqvist/.m2/repository/org/apache/flink/flink-shaded-netty/4.1.65.Final-14.0/flink-shaded-netty-4.1.65.Final-14.0.jar","/home/jbergqvist/.m2/repository/org/apache/flink/flink-shaded-jackson/2.12.4-14.0/flink-shaded-jackson-2.12.4-14.0.jar","/home/jbergqvist/.m2/repository/org/apache/flink/flink-shaded-zookeeper-3/3.4.14-14.0/flink-shaded-zookeeper-3-3.4.14-14.0.jar","/home/jbergqvist/.m2/repository/org/javassist/javassist/3.24.0-GA/javassist-3.24.0-GA.jar","/home/jbergqvist/.m2/repository/org/xerial/snappy/snappy-java/1.1.8.3/snappy-java-1.1.8.3.jar","/home/jbergqvist/.m2/repository/org/lz4/lz4-java/1.8.0/lz4-java-1.8.0.jar","/home/jbergqvist/.m2/repository/org/apache/flink/flink-scala_2.12/1.14.4/flink-scala_2.12-1.14.4.jar","/home/jbergqvist/.m2/repository/org/scala-lang/scala-reflect/2.12.7/scala-reflect-2.12.7.jar","/home/jbergqvist/.m2/repository/org/scala-lang/scala-library/2.12.7/scala-library-2.12.7.jar","/home/jbergqvist/.m2/repository/org/scala-lang/scala-compiler/2.12.7/scala-compiler-2.12.7.jar","/home/jbergqvist/.m2/repository/org/scala-lang/modules/scala-xml_2.12/1.0.6/scala-xml_2.12-1.0.6.jar","/home/jbergqvist/.m2/repository/com/twitter/chill_2.12/0.7.6/chill_2.12-0.7.6.jar","/home/jbergqvist/.m2/repository/com/twitter/chill-java/0.7.6/chill-java-0.7.6.jar","/home/jbergqvist/.m2/repository/org/apache/flink/flink-java/1.14.4/flink-java-1.14.4.jar","/home/jbergqvist/.m2/repository/org/apache/flink/flink-shaded-guava/30.1.1-jre-14.0/flink-shaded-guava-30.1.1-jre-14.0.jar","/home/jbergqvist/.m2/repository/org/apache/commons/commons-math3/3.5/commons-math3-3.5.jar","/home/jbergqvist/.m2/repository/org/slf4j/slf4j-api/1.7.15/slf4j-api-1.7.15.jar","/home/jbergqvist/.m2/repository/com/google/code/findbugs/jsr305/1.3.9/jsr305-1.3.9.jar","/home/jbergqvist/.m2/repository/org/apache/flink/flink-shaded-force-shading/14.0/flink-shaded-force-shading-14.0.jar","/home/jbergqvist/.m2/repository/org/junit/jupiter/junit-jupiter-engine/5.13.4/junit-jupiter-engine-5.13.4.jar","/home/jbergqvist/.m2/repository/org/junit/platform/junit-platform-engine/1.13.4/junit-platform-engine-1.13.4.jar","/home/jbergqvist/.m2/repository/org/opentest4j/opentest4j/1.3.0/opentest4j-1.3.0.jar","/home/jbergqvist/.m2/repository/org/junit/platform/junit-platform-commons/1.13.4/junit-platform-commons-1.13.4.jar","/home/jbergqvist/.m2/repository/org/junit/jupiter/junit-jupiter-api/5.13.4/junit-jupiter-api-5.13.4.jar","/home/jbergqvist/.m2/repository/org/apiguardian/apiguardian-api/1.1.2/apiguardian-api-1.1.2.jar","/home/jbergqvist/.m2/repository/org/mockito/mockito-core/5.20.0/mockito-core-5.20.0.jar","/home/jbergqvist/.m2/repository/net/bytebuddy/byte-buddy/1.17.7/byte-buddy-1.17.7.jar","/home/jbergqvist/.m2/repository/net/bytebuddy/byte-buddy-agent/1.17.7/byte-buddy-agent-1.17.7.jar","/home/jbergqvist/.m2/repository/org/objenesis/objenesis/3.3/objenesis-3.3.jar","/home/jbergqvist/.m2/repository/org/mockito/mockito-junit-jupiter/5.20.0/mockito-junit-jupiter-5.20.0.jar","/home/jbergqvist/.m2/repository/org/apache/flink/flink-clients_2.12/1.14.4/flink-clients_2.12-1.14.4.jar","/home/jbergqvist/.m2/repository/org/apache/flink/flink-optimizer/1.14.4/flink-optimizer-1.14.4.jar","/home/jbergqvist/.m2/repository/commons-cli/commons-cli/1.3.1/commons-cli-1.3.1.jar","/home/jbergqvist/.m2/repository/org/apache/flink/flink-connector-kafka_2.11/1.14.4/flink-connector-kafka_2.11-1.14.4.jar","/home/jbergqvist/.m2/repository/org/apache/flink/flink-connector-base/1.14.4/flink-connector-base-1.14.4.jar","/home/jbergqvist/.m2/repository/org/apache/kafka/kafka-clients/2.4.1/kafka-clients-2.4.1.jar","/home/jbergqvist/.m2/repository/com/github/luben/zstd-jni/1.4.3-1/zstd-jni-1.4.3-1.jar","/home/jbergqvist/.m2/repository/com/google/guava/guava/31.1-jre/guava-31.1-jre.jar","/home/jbergqvist/.m2/repository/com/google/guava/failureaccess/1.0.1/failureaccess-1.0.1.jar","/home/jbergqvist/.m2/repository/com/google/guava/listenablefuture/9999.0-empty-to-avoid-conflict-with-guava/listenablefuture-9999.0-empty-to-avoid-conflict-with-guava.jar","/home/jbergqvist/.m2/repository/org/checkerframework/checker-qual/3.12.0/checker-qual-3.12.0.jar","/home/jbergqvist/.m2/repository/com/google/errorprone/error_prone_annotations/2.11.0/error_prone_annotations-2.11.0.jar","/home/jbergqvist/.m2/repository/com/google/j2objc/j2objc-annotations/1.3/j2objc-annotations-1.3.jar","/home/jbergqvist/.m2/repository/org/questdb/questdb/6.4.3/questdb-6.4.3.jar","/home/jbergqvist/.m2/repository/com/diffblue/cover/cover-annotations/1.8.0/cover-annotations-1.8.0.jar"],"complianceLevel":"11","productionSources":["/home/jbergqvist/diffblue/terrierteam-FinFlink/src/main/java"],"testSources":["/home/jbergqvist/diffblue/terrierteam-FinFlink/src/test/java"],"productionClasses":"/home/jbergqvist/diffblue/terrierteam-FinFlink/target/classes","testClasses":"/home/jbergqvist/diffblue/terrierteam-FinFlink/target/test-classes","sourceToBuildPathMap":null,"testSourceToBuildPathMap":null,"buildDirectory":"/home/jbergqvist/diffblue/terrierteam-FinFlink/target","plugins":[{"__type":"DefaultPlugin","groupId":"org.apache.maven.plugins","artefactId":"maven-compiler-plugin","version":"3.8.1","pluginClassName":null},{"__type":"DefaultPlugin","groupId":"org.apache.maven.plugins","artefactId":"maven-shade-plugin","version":"3.1.1","pluginClassName":null},{"__type":"DefaultPlugin","groupId":"org.apache.maven.plugins","artefactId":"maven-clean-plugin","version":"3.2.0","pluginClassName":null},{"__type":"DefaultPlugin","groupId":"org.apache.maven.plugins","artefactId":"maven-resources-plugin","version":"3.3.1","pluginClassName":null},{"__type":"DefaultPlugin","groupId":"org.apache.maven.plugins","artefactId":"maven-jar-plugin","version":"3.4.1","pluginClassName":null},{"__type":"DefaultPlugin","groupId":"org.apache.maven.plugins","artefactId":"maven-surefire-plugin","version":"3.2.5","pluginClassName":null},{"__type":"DefaultPlugin","groupId":"org.apache.maven.plugins","artefactId":"maven-install-plugin","version":"3.1.2","pluginClassName":null},{"__type":"DefaultPlugin","groupId":"org.apache.maven.plugins","artefactId":"maven-deploy-plugin","version":"3.1.2","pluginClassName":null},{"__type":"DefaultPlugin","groupId":"org.apache.maven.plugins","artefactId":"maven-site-plugin","version":"3.12.1","pluginClassName":null}],"version":"3.9.12","encoding":null,"name":"maven","subModules":[],"simpleModuleName":null,"parentModuleName":null,"location":"/home/jbergqvist/diffblue/terrierteam-FinFlink","fullModuleName":"Infinitech-FinFlink:Infinitech-FinFlink"}}
13:43:43.812 [INFO]   [Validating]  out: [INFO] ------------------------------------------------------------------------
13:43:43.813 [INFO]   [Validating]  out: [INFO] BUILD SUCCESS
13:43:43.813 [INFO]   [Validating]  out: [INFO] ------------------------------------------------------------------------
13:43:43.813 [INFO]   [Validating]  out: [INFO] Total time:  4.001 s
13:43:43.813 [INFO]   [Validating]  out: [INFO] Finished at: 2026-01-12T13:43:43Z
13:43:43.813 [INFO]   [Validating]  out: [INFO] ------------------------------------------------------------------------
13:43:43.813 [INFO]   [Validating]  deserializing line [DIFFBLUE]{"__type":"com.diffblue.cover.buildsystem.model.ProjectInfoMessage","projectName":"Infinitech-FinFlink:Infinitech-FinFlink","productionSources":["/home/jbergqvist/diffblue/terrierteam-FinFlink/src/main/java","/home/jbergqvist/diffblue/terrierteam-FinFlink/target/generated-sources/annotations"],"testSources":["/home/jbergqvist/diffblue/terrierteam-FinFlink/src/test/java","/home/jbergqvist/diffblue/terrierteam-FinFlink/target/generated-test-sources/test-annotations"],"location":"/home/jbergqvist/diffblue/terrierteam-FinFlink"}
13:43:43.855 [INFO]   [Validating]  maven:err process not stopped, joining thread
13:43:43.855 [INFO]   [Validating]  maven:out process not stopped, joining thread
13:43:44.057 [INFO]   [Validating]  All 256 created tests were successfully validated.
13:43:44.073 [INFO]   [Measuring]   Calculating coverage from Diffblue tests.
13:43:44.075 [INFO]   [Measuring]   Using default build rules as no custom rules found in any of [/home/jbergqvist/diffblue/terrierteam-FinFlink]
13:43:44.076 [INFO]   [Measuring]   Using default build rules as no custom rules found in any of [/home/jbergqvist/diffblue/terrierteam-FinFlink]
13:43:44.076 [INFO]   [Measuring]   Attempting to invoke mvnw in working directory: /home/jbergqvist/diffblue/terrierteam-FinFlink
13:43:44.077 [INFO]   [Measuring]   Attempting to invoke /home/jbergqvist/.sdkman/candidates/maven/current/bin/mvn in working directory: /home/jbergqvist/diffblue/terrierteam-FinFlink
13:43:44.077 [INFO]   [Measuring]   Started "/home/jbergqvist/.sdkman/candidates/maven/current/bin/mvn -Dmaven.ext.class.path=/opt/cover/cover-buildsystem-maven-spy-jar-with-dependencies.jar -Dcom.diffblue.cover.skipTests=true -DskipTestOptimizer --batch-mode --projects=Infinitech-FinFlink:Infinitech-FinFlink --global-settings=/home/jbergqvist/.sdkman/candidates/maven/current/conf/settings.xml org.jacoco:jacoco-maven-plugin:0.8.11:prepare-agent -Djacoco.skip=false test -DfailIfNoTests=false -Dsurefire.failIfNoSpecifiedTests=false -Dmaven.test.failure.ignore=True -Dtest=*DiffblueTest org.jacoco:jacoco-maven-plugin:0.8.11:report -Djacoco.skip=false"
13:43:44.873 [INFO]   [Measuring]   out: [INFO] Scanning for projects...
13:43:44.949 [INFO]   [Measuring]   out: [INFO] 
13:43:44.949 [INFO]   [Measuring]   out: [INFO] --------------< Infinitech-FinFlink:Infinitech-FinFlink >---------------
13:43:44.949 [INFO]   [Measuring]   out: [INFO] Building Infinitech-FinFlink 0.6
13:43:44.949 [INFO]   [Measuring]   out: [INFO]   from pom.xml
13:43:44.950 [INFO]   [Measuring]   out: [INFO] --------------------------------[ jar ]---------------------------------
13:43:45.266 [INFO]   [Measuring]   deserializing line [DIFFBLUE]{"__type":"com.diffblue.cover.buildsystem.model.DefaultEventMessage","project":"Infinitech-FinFlink:Infinitech-FinFlink","goal":"prepare-agent","cause":null,"state":"STARTED"}
13:43:45.267 [INFO]   [Measuring]   out: [INFO] 
13:43:45.268 [INFO]   [Measuring]   out: [INFO] --- jacoco:0.8.11:prepare-agent (default-cli) @ Infinitech-FinFlink ---
13:43:45.340 [INFO]   [Measuring]   out: [INFO] argLine set to -javaagent:/home/jbergqvist/.m2/repository/org/jacoco/org.jacoco.agent/0.8.11/org.jacoco.agent-0.8.11-runtime.jar=destfile=/home/jbergqvist/diffblue/terrierteam-FinFlink/target/jacoco.exec
13:43:45.341 [INFO]   [Measuring]   deserializing line [DIFFBLUE]{"__type":"com.diffblue.cover.buildsystem.model.DefaultEventMessage","project":"Infinitech-FinFlink:Infinitech-FinFlink","goal":"prepare-agent","cause":null,"state":"SUCCESS"}
13:43:45.343 [INFO]   [Measuring]   deserializing line [DIFFBLUE]{"__type":"com.diffblue.cover.buildsystem.model.DefaultEventMessage","project":"Infinitech-FinFlink:Infinitech-FinFlink","goal":"resources","cause":null,"state":"STARTED"}
13:43:45.343 [INFO]   [Measuring]   out: [INFO] 
13:43:45.343 [INFO]   [Measuring]   out: [INFO] --- resources:3.3.1:resources (default-resources) @ Infinitech-FinFlink ---
13:43:45.383 [INFO]   [Measuring]   out: [WARNING] Using platform encoding (UTF-8 actually) to copy filtered resources, i.e. build is platform dependent!
13:43:45.384 [INFO]   [Measuring]   out: [INFO] skip non existing resourceDirectory /home/jbergqvist/diffblue/terrierteam-FinFlink/resources
13:43:45.385 [INFO]   [Measuring]   deserializing line [DIFFBLUE]{"__type":"com.diffblue.cover.buildsystem.model.DefaultEventMessage","project":"Infinitech-FinFlink:Infinitech-FinFlink","goal":"resources","cause":null,"state":"SUCCESS"}
13:43:45.387 [INFO]   [Measuring]   deserializing line [DIFFBLUE]{"__type":"com.diffblue.cover.buildsystem.model.DefaultEventMessage","project":"Infinitech-FinFlink:Infinitech-FinFlink","goal":"compile","cause":null,"state":"STARTED"}
13:43:45.388 [INFO]   [Measuring]   out: [INFO] 
13:43:45.388 [INFO]   [Measuring]   out: [INFO] --- compiler:3.8.1:compile (default-compile) @ Infinitech-FinFlink ---
13:43:45.539 [INFO]   [Measuring]   out: [INFO] Nothing to compile - all classes are up to date
13:43:45.541 [INFO]   [Measuring]   deserializing line [DIFFBLUE]{"__type":"com.diffblue.cover.buildsystem.model.DefaultEventMessage","project":"Infinitech-FinFlink:Infinitech-FinFlink","goal":"compile","cause":null,"state":"SUCCESS"}
13:43:45.543 [INFO]   [Measuring]   deserializing line [DIFFBLUE]{"__type":"com.diffblue.cover.buildsystem.model.DefaultEventMessage","project":"Infinitech-FinFlink:Infinitech-FinFlink","goal":"testResources","cause":null,"state":"STARTED"}
13:43:45.544 [INFO]   [Measuring]   out: [INFO] 
13:43:45.544 [INFO]   [Measuring]   out: [INFO] --- resources:3.3.1:testResources (default-testResources) @ Infinitech-FinFlink ---
13:43:45.545 [INFO]   [Measuring]   out: [WARNING] Using platform encoding (UTF-8 actually) to copy filtered resources, i.e. build is platform dependent!
13:43:45.545 [INFO]   [Measuring]   out: [INFO] skip non existing resourceDirectory /home/jbergqvist/diffblue/terrierteam-FinFlink/src/test/resources
13:43:45.546 [INFO]   [Measuring]   deserializing line [DIFFBLUE]{"__type":"com.diffblue.cover.buildsystem.model.DefaultEventMessage","project":"Infinitech-FinFlink:Infinitech-FinFlink","goal":"testResources","cause":null,"state":"SUCCESS"}
13:43:45.548 [INFO]   [Measuring]   deserializing line [DIFFBLUE]{"__type":"com.diffblue.cover.buildsystem.model.DefaultEventMessage","project":"Infinitech-FinFlink:Infinitech-FinFlink","goal":"testCompile","cause":null,"state":"STARTED"}
13:43:45.549 [INFO]   [Measuring]   out: [INFO] 
13:43:45.549 [INFO]   [Measuring]   out: [INFO] --- compiler:3.8.1:testCompile (default-testCompile) @ Infinitech-FinFlink ---
13:43:45.556 [INFO]   [Measuring]   out: [INFO] Nothing to compile - all classes are up to date
13:43:45.557 [INFO]   [Measuring]   deserializing line [DIFFBLUE]{"__type":"com.diffblue.cover.buildsystem.model.DefaultEventMessage","project":"Infinitech-FinFlink:Infinitech-FinFlink","goal":"testCompile","cause":null,"state":"SUCCESS"}
13:43:45.559 [INFO]   [Measuring]   deserializing line [DIFFBLUE]{"__type":"com.diffblue.cover.buildsystem.model.DefaultEventMessage","project":"Infinitech-FinFlink:Infinitech-FinFlink","goal":"test","cause":null,"state":"STARTED"}
13:43:45.560 [INFO]   [Measuring]   out: [INFO] 
13:43:45.560 [INFO]   [Measuring]   out: [INFO] --- surefire:3.2.5:test (default-test) @ Infinitech-FinFlink ---
13:43:45.677 [INFO]   [Measuring]   out: [INFO] Using auto detected provider org.apache.maven.surefire.junitplatform.JUnitPlatformProvider
13:43:45.704 [INFO]   [Measuring]   out: [INFO] 
13:43:45.704 [INFO]   [Measuring]   out: [INFO] -------------------------------------------------------
13:43:45.704 [INFO]   [Measuring]   out: [INFO]  T E S T S
13:43:45.704 [INFO]   [Measuring]   out: [INFO] -------------------------------------------------------
13:43:46.577 [INFO]   [Measuring]   out: [INFO] Running eu.infinitech.finflink.structures.TechnicalIndicatorsDiffblueTest
13:43:46.658 [INFO]   [Measuring]   out: [INFO] Tests run: 5, Failures: 0, Errors: 0, Skipped: 0, Time elapsed: 0.048 s -- in eu.infinitech.finflink.structures.TechnicalIndicatorsDiffblueTest
13:43:46.659 [INFO]   [Measuring]   out: [INFO] Running eu.infinitech.finflink.structures.TradePeriodDiffblueTest
13:43:46.665 [INFO]   [Measuring]   out: [INFO] Tests run: 18, Failures: 0, Errors: 0, Skipped: 0, Time elapsed: 0.023 s -- in eu.infinitech.finflink.structures.TradePeriodDiffblueTest
13:43:46.665 [INFO]   [Measuring]   out: [INFO] Running eu.infinitech.finflink.structures.TradeDiffblueTest
13:43:46.669 [INFO]   [Measuring]   out: [INFO] Tests run: 4, Failures: 0, Errors: 0, Skipped: 0, Time elapsed: 0.004 s -- in eu.infinitech.finflink.structures.TradeDiffblueTest
13:43:46.669 [INFO]   [Measuring]   out: [INFO] Running eu.infinitech.finflink.structures.PricePointDiffblueTest
13:43:46.673 [INFO]   [Measuring]   out: [INFO] Tests run: 6, Failures: 0, Errors: 0, Skipped: 0, Time elapsed: 0.009 s -- in eu.infinitech.finflink.structures.PricePointDiffblueTest
13:43:46.673 [INFO]   [Measuring]   out: [INFO] Running eu.infinitech.finflink.structures.IndicatorRequirementsDiffblueTest
13:43:46.676 [INFO]   [Measuring]   out: [INFO] Tests run: 6, Failures: 0, Errors: 0, Skipped: 0, Time elapsed: 0.005 s -- in eu.infinitech.finflink.structures.IndicatorRequirementsDiffblueTest
13:43:46.677 [INFO]   [Measuring]   out: [INFO] Running eu.infinitech.finflink.structures.TradingDataAccumulatorDiffblueTest
13:43:46.680 [INFO]   [Measuring]   out: [INFO] Tests run: 2, Failures: 0, Errors: 0, Skipped: 0, Time elapsed: 0.002 s -- in eu.infinitech.finflink.structures.TradingDataAccumulatorDiffblueTest
13:43:46.680 [INFO]   [Measuring]   out: [INFO] Running eu.infinitech.finflink.structures.StreamCharacteristicsDiffblueTest
13:43:46.683 [INFO]   [Measuring]   out: [INFO] Tests run: 6, Failures: 0, Errors: 0, Skipped: 0, Time elapsed: 0.009 s -- in eu.infinitech.finflink.structures.StreamCharacteristicsDiffblueTest
13:43:46.684 [INFO]   [Measuring]   out: [INFO] Running eu.infinitech.finflink.structures.InputStreamTypeDiffblueTest
13:43:46.687 [INFO]   [Measuring]   out: [INFO] Tests run: 4, Failures: 0, Errors: 0, Skipped: 0, Time elapsed: 0.004 s -- in eu.infinitech.finflink.structures.InputStreamTypeDiffblueTest
13:43:46.687 [INFO]   [Measuring]   out: [INFO] Running eu.infinitech.finflink.structures.TechnicalIndicatorDiffblueTest
13:43:46.689 [INFO]   [Measuring]   out: [INFO] Tests run: 2, Failures: 0, Errors: 0, Skipped: 0, Time elapsed: 0.002 s -- in eu.infinitech.finflink.structures.TechnicalIndicatorDiffblueTest
13:43:46.689 [INFO]   [Measuring]   out: [INFO] Running eu.infinitech.finflink.time.TradingDataTimeAssignerDiffblueTest
13:43:47.623 [INFO]   [Measuring]   out: [INFO] Tests run: 3, Failures: 0, Errors: 0, Skipped: 0, Time elapsed: 0.926 s -- in eu.infinitech.finflink.time.TradingDataTimeAssignerDiffblueTest
13:43:47.623 [INFO]   [Measuring]   out: [INFO] Running eu.infinitech.finflink.keys.KeyByAssetIDDiffblueTest
13:43:47.625 [INFO]   [Measuring]   out: [INFO] Tests run: 2, Failures: 0, Errors: 0, Skipped: 0, Time elapsed: 0.005 s -- in eu.infinitech.finflink.keys.KeyByAssetIDDiffblueTest
13:43:47.625 [INFO]   [Measuring]   out: [INFO] Running eu.infinitech.finflink.transformations.data.InputParserDiffblueTest
13:43:47.630 [INFO]   [Measuring]   out: [INFO] Tests run: 2, Failures: 0, Errors: 0, Skipped: 0, Time elapsed: 0.007 s -- in eu.infinitech.finflink.transformations.data.InputParserDiffblueTest
13:43:47.631 [INFO]   [Measuring]   out: [INFO] Running eu.infinitech.finflink.transformations.data.ToTradeDiffblueTest
13:43:47.635 [INFO]   [Measuring]   out: [INFO] Tests run: 2, Failures: 0, Errors: 0, Skipped: 0, Time elapsed: 0.003 s -- in eu.infinitech.finflink.transformations.data.ToTradeDiffblueTest
13:43:47.635 [INFO]   [Measuring]   out: [INFO] Running eu.infinitech.finflink.transformations.data.ToPricePointDiffblueTest
13:43:47.642 [INFO]   [Measuring]   out: [INFO] Tests run: 4, Failures: 0, Errors: 0, Skipped: 0, Time elapsed: 0.006 s -- in eu.infinitech.finflink.transformations.data.ToPricePointDiffblueTest
13:43:47.642 [INFO]   [Measuring]   out: [INFO] Running eu.infinitech.finflink.transformations.technicalIndicators.TrueRangeDiffblueTest
13:43:47.652 [INFO]   [Measuring]   out: [INFO] Tests run: 6, Failures: 0, Errors: 0, Skipped: 0, Time elapsed: 0.009 s -- in eu.infinitech.finflink.transformations.technicalIndicators.TrueRangeDiffblueTest
13:43:47.652 [INFO]   [Measuring]   out: [INFO] Running eu.infinitech.finflink.transformations.technicalIndicators.HighPriceDirectionalMomentumDiffblueTest
13:43:47.662 [INFO]   [Measuring]   out: [INFO] Tests run: 8, Failures: 0, Errors: 0, Skipped: 0, Time elapsed: 0.009 s -- in eu.infinitech.finflink.transformations.technicalIndicators.HighPriceDirectionalMomentumDiffblueTest
13:43:47.662 [INFO]   [Measuring]   out: [INFO] Running eu.infinitech.finflink.transformations.technicalIndicators.MoneyFlowIndexDiffblueTest
13:43:47.682 [INFO]   [Measuring]   out: [INFO] Tests run: 6, Failures: 0, Errors: 0, Skipped: 0, Time elapsed: 0.019 s -- in eu.infinitech.finflink.transformations.technicalIndicators.MoneyFlowIndexDiffblueTest
13:43:47.683 [INFO]   [Measuring]   out: [INFO] Running eu.infinitech.finflink.transformations.technicalIndicators.AverageTrueRangeDiffblueTest
13:43:47.688 [INFO]   [Measuring]   out: [INFO] Tests run: 5, Failures: 0, Errors: 0, Skipped: 0, Time elapsed: 0.005 s -- in eu.infinitech.finflink.transformations.technicalIndicators.AverageTrueRangeDiffblueTest
13:43:47.688 [INFO]   [Measuring]   out: [INFO] Running eu.infinitech.finflink.transformations.technicalIndicators.TechnicalIndicatorGeneratorDiffblueTest
13:43:47.693 [INFO]   [Measuring]   out: [INFO] Tests run: 6, Failures: 0, Errors: 0, Skipped: 0, Time elapsed: 0.005 s -- in eu.infinitech.finflink.transformations.technicalIndicators.TechnicalIndicatorGeneratorDiffblueTest
13:43:47.693 [INFO]   [Measuring]   out: [INFO] Running eu.infinitech.finflink.transformations.technicalIndicators.ReturnsDiffblueTest
13:43:47.699 [INFO]   [Measuring]   out: [INFO] Tests run: 5, Failures: 0, Errors: 0, Skipped: 0, Time elapsed: 0.005 s -- in eu.infinitech.finflink.transformations.technicalIndicators.ReturnsDiffblueTest
13:43:47.699 [INFO]   [Measuring]   out: [INFO] Running eu.infinitech.finflink.transformations.technicalIndicators.VolatilityDiffblueTest
13:43:47.716 [INFO]   [Measuring]   out: [INFO] Tests run: 7, Failures: 0, Errors: 0, Skipped: 0, Time elapsed: 0.017 s -- in eu.infinitech.finflink.transformations.technicalIndicators.VolatilityDiffblueTest
13:43:47.716 [INFO]   [Measuring]   out: [INFO] Running eu.infinitech.finflink.transformations.technicalIndicators.UtilsDiffblueTest
13:43:47.739 [INFO]   [Measuring]   out: [INFO] Tests run: 28, Failures: 0, Errors: 0, Skipped: 0, Time elapsed: 0.023 s -- in eu.infinitech.finflink.transformations.technicalIndicators.UtilsDiffblueTest
13:43:47.739 [INFO]   [Measuring]   out: [INFO] Running eu.infinitech.finflink.transformations.technicalIndicators.LowPriceDirectionalIndexDiffblueTest
13:43:47.744 [INFO]   [Measuring]   out: [INFO] Tests run: 8, Failures: 0, Errors: 0, Skipped: 0, Time elapsed: 0.005 s -- in eu.infinitech.finflink.transformations.technicalIndicators.LowPriceDirectionalIndexDiffblueTest
13:43:47.745 [INFO]   [Measuring]   out: [INFO] Running eu.infinitech.finflink.transformations.technicalIndicators.RelativeStrengthIndexDiffblueTest
13:43:47.750 [INFO]   [Measuring]   out: [INFO] Tests run: 5, Failures: 0, Errors: 0, Skipped: 0, Time elapsed: 0.005 s -- in eu.infinitech.finflink.transformations.technicalIndicators.RelativeStrengthIndexDiffblueTest
13:43:47.750 [INFO]   [Measuring]   out: [INFO] Running eu.infinitech.finflink.transformations.technicalIndicators.MomentumDiffblueTest
13:43:47.754 [INFO]   [Measuring]   out: [INFO] Tests run: 6, Failures: 0, Errors: 0, Skipped: 0, Time elapsed: 0.004 s -- in eu.infinitech.finflink.transformations.technicalIndicators.MomentumDiffblueTest
13:43:47.754 [INFO]   [Measuring]   out: [INFO] Running eu.infinitech.finflink.transformations.technicalIndicators.OnBalanceVolumeIndicatorDiffblueTest
13:43:47.760 [INFO]   [Measuring]   out: [INFO] Tests run: 6, Failures: 0, Errors: 0, Skipped: 0, Time elapsed: 0.005 s -- in eu.infinitech.finflink.transformations.technicalIndicators.OnBalanceVolumeIndicatorDiffblueTest
13:43:47.760 [INFO]   [Measuring]   out: [INFO] Running eu.infinitech.finflink.transformations.technicalIndicators.VortexMinusDiffblueTest
13:43:47.765 [INFO]   [Measuring]   out: [INFO] Tests run: 4, Failures: 0, Errors: 0, Skipped: 0, Time elapsed: 0.005 s -- in eu.infinitech.finflink.transformations.technicalIndicators.VortexMinusDiffblueTest
13:43:47.765 [INFO]   [Measuring]   out: [INFO] Running eu.infinitech.finflink.transformations.technicalIndicators.ForceIndexDiffblueTest
13:43:47.768 [INFO]   [Measuring]   out: [INFO] Tests run: 4, Failures: 0, Errors: 0, Skipped: 0, Time elapsed: 0.002 s -- in eu.infinitech.finflink.transformations.technicalIndicators.ForceIndexDiffblueTest
13:43:47.768 [INFO]   [Measuring]   out: [INFO] Running eu.infinitech.finflink.transformations.technicalIndicators.VortexPlusDiffblueTest
13:43:47.773 [INFO]   [Measuring]   out: [INFO] Tests run: 4, Failures: 0, Errors: 0, Skipped: 0, Time elapsed: 0.004 s -- in eu.infinitech.finflink.transformations.technicalIndicators.VortexPlusDiffblueTest
13:43:47.773 [INFO]   [Measuring]   out: [INFO] Running eu.infinitech.finflink.transformations.technicalIndicators.LogReturnsDiffblueTest
13:43:47.776 [INFO]   [Measuring]   out: [INFO] Tests run: 6, Failures: 0, Errors: 0, Skipped: 0, Time elapsed: 0.003 s -- in eu.infinitech.finflink.transformations.technicalIndicators.LogReturnsDiffblueTest
13:43:47.776 [INFO]   [Measuring]   out: [INFO] Running eu.infinitech.finflink.transformations.technicalIndicators.HighPriceDirectionalIndexDiffblueTest
13:43:47.781 [INFO]   [Measuring]   out: [INFO] Tests run: 8, Failures: 0, Errors: 0, Skipped: 0, Time elapsed: 0.005 s -- in eu.infinitech.finflink.transformations.technicalIndicators.HighPriceDirectionalIndexDiffblueTest
13:43:47.781 [INFO]   [Measuring]   out: [INFO] Running eu.infinitech.finflink.transformations.technicalIndicators.TechnicalIndicatorPipelineDiffblueTest
13:43:47.798 [INFO]   [Measuring]   out: [INFO] Tests run: 9, Failures: 0, Errors: 0, Skipped: 0, Time elapsed: 0.017 s -- in eu.infinitech.finflink.transformations.technicalIndicators.TechnicalIndicatorPipelineDiffblueTest
13:43:47.799 [INFO]   [Measuring]   out: [INFO] Running eu.infinitech.finflink.transformations.technicalIndicators.LowPriceDirectionalMomentumDiffblueTest
13:43:47.801 [INFO]   [Measuring]   out: [INFO] Tests run: 8, Failures: 0, Errors: 0, Skipped: 0, Time elapsed: 0.003 s -- in eu.infinitech.finflink.transformations.technicalIndicators.LowPriceDirectionalMomentumDiffblueTest
13:43:47.801 [INFO]   [Measuring]   out: [INFO] Running eu.infinitech.finflink.transformations.technicalIndicators.DirectionalIndexDiffblueTest
13:43:47.804 [INFO]   [Measuring]   out: [INFO] Tests run: 9, Failures: 0, Errors: 0, Skipped: 0, Time elapsed: 0.003 s -- in eu.infinitech.finflink.transformations.technicalIndicators.DirectionalIndexDiffblueTest
13:43:47.804 [INFO]   [Measuring]   out: [INFO] Running eu.infinitech.finflink.transformations.technicalIndicators.AccumulationDistributionIndexDiffblueTest
13:43:47.807 [INFO]   [Measuring]   out: [INFO] Tests run: 5, Failures: 0, Errors: 0, Skipped: 0, Time elapsed: 0.003 s -- in eu.infinitech.finflink.transformations.technicalIndicators.AccumulationDistributionIndexDiffblueTest
13:43:47.807 [INFO]   [Measuring]   out: [INFO] Running eu.infinitech.finflink.transformations.technicalIndicators.AverageDirectionalIndexDiffblueTest
13:43:47.810 [INFO]   [Measuring]   out: [INFO] Tests run: 5, Failures: 0, Errors: 0, Skipped: 0, Time elapsed: 0.002 s -- in eu.infinitech.finflink.transformations.technicalIndicators.AverageDirectionalIndexDiffblueTest
13:43:47.810 [INFO]   [Measuring]   out: [INFO] Running eu.infinitech.finflink.transformations.technicalIndicators.MovingAverageConvergenceDivergenceDiffblueTest
13:43:47.813 [INFO]   [Measuring]   out: [INFO] Tests run: 5, Failures: 0, Errors: 0, Skipped: 0, Time elapsed: 0.003 s -- in eu.infinitech.finflink.transformations.technicalIndicators.MovingAverageConvergenceDivergenceDiffblueTest
13:43:47.813 [INFO]   [Measuring]   out: [INFO] Running eu.infinitech.finflink.transformations.technicalIndicators.CommodityChannelIndexDiffblueTest
13:43:47.817 [INFO]   [Measuring]   out: [INFO] Tests run: 5, Failures: 0, Errors: 0, Skipped: 0, Time elapsed: 0.003 s -- in eu.infinitech.finflink.transformations.technicalIndicators.CommodityChannelIndexDiffblueTest
13:43:47.817 [INFO]   [Measuring]   out: [INFO] Running eu.infinitech.finflink.transformations.technicalIndicators.PeriodEndDiffblueTest
13:43:47.819 [INFO]   [Measuring]   out: [INFO] Tests run: 3, Failures: 0, Errors: 0, Skipped: 0, Time elapsed: 0.003 s -- in eu.infinitech.finflink.transformations.technicalIndicators.PeriodEndDiffblueTest
13:43:47.820 [INFO]   [Measuring]   out: [INFO] Running eu.infinitech.finflink.transformations.technicalIndicators.DetrendedCloseOscillatorDiffblueTest
13:43:47.823 [INFO]   [Measuring]   out: [INFO] Tests run: 5, Failures: 0, Errors: 0, Skipped: 0, Time elapsed: 0.003 s -- in eu.infinitech.finflink.transformations.technicalIndicators.DetrendedCloseOscillatorDiffblueTest
13:43:47.823 [INFO]   [Measuring]   out: [INFO] Running eu.infinitech.finflink.transformations.technicalIndicators.TechnicalIndicatorDiffblueTest
13:43:47.902 [INFO]   [Measuring]   out: [INFO] Tests run: 6, Failures: 0, Errors: 0, Skipped: 0, Time elapsed: 0.079 s -- in eu.infinitech.finflink.transformations.technicalIndicators.TechnicalIndicatorDiffblueTest
13:43:47.903 [INFO]   [Measuring]   out: [INFO] Running eu.infinitech.finflink.util.TradePeriodsGeneratorDiffblueTest
13:43:47.905 [INFO]   [Measuring]   out: [INFO] Tests run: 3, Failures: 0, Errors: 0, Skipped: 0, Time elapsed: 0.002 s -- in eu.infinitech.finflink.util.TradePeriodsGeneratorDiffblueTest
13:43:47.905 [INFO]   [Measuring]   out: [INFO] Running eu.infinitech.finflink.sinks.QuestDBSinkDiffblueTest
13:43:47.911 [INFO]   [Measuring]   out: [INFO] Tests run: 4, Failures: 0, Errors: 0, Skipped: 0, Time elapsed: 0.004 s -- in eu.infinitech.finflink.sinks.QuestDBSinkDiffblueTest
13:43:47.911 [INFO]   [Measuring]   out: [INFO] Running eu.infinitech.finflink.sinks.PrintSinkDiffblueTest
13:43:47.913 [INFO]   [Measuring]   out: [INFO] Tests run: 1, Failures: 0, Errors: 0, Skipped: 0, Time elapsed: 0.002 s -- in eu.infinitech.finflink.sinks.PrintSinkDiffblueTest
13:43:47.962 [INFO]   [Measuring]   out: [INFO] 
13:43:47.963 [INFO]   [Measuring]   out: [INFO] Results:
13:43:47.963 [INFO]   [Measuring]   out: [INFO] 
13:43:47.963 [INFO]   [Measuring]   out: [INFO] Tests run: 256, Failures: 0, Errors: 0, Skipped: 0
13:43:47.963 [INFO]   [Measuring]   out: [INFO] 
13:43:47.966 [INFO]   [Measuring]   deserializing line [DIFFBLUE]{"__type":"com.diffblue.cover.buildsystem.model.DefaultEventMessage","project":"Infinitech-FinFlink:Infinitech-FinFlink","goal":"test","cause":null,"state":"SUCCESS"}
13:43:47.967 [INFO]   [Measuring]   deserializing line [DIFFBLUE]{"__type":"com.diffblue.cover.buildsystem.model.DefaultEventMessage","project":"Infinitech-FinFlink:Infinitech-FinFlink","goal":"report","cause":null,"state":"STARTED"}
13:43:47.968 [INFO]   [Measuring]   out: [INFO] 
13:43:47.968 [INFO]   [Measuring]   out: [INFO] --- jacoco:0.8.11:report (default-cli) @ Infinitech-FinFlink ---
13:43:47.971 [INFO]   [Measuring]   out: [INFO] Loading execution data file /home/jbergqvist/diffblue/terrierteam-FinFlink/target/jacoco.exec
13:43:48.042 [INFO]   [Measuring]   out: [INFO] Analyzed bundle 'Infinitech-FinFlink' with 51 classes
13:43:48.114 [INFO]   [Measuring]   deserializing line [DIFFBLUE]{"__type":"com.diffblue.cover.buildsystem.model.DefaultEventMessage","project":"Infinitech-FinFlink:Infinitech-FinFlink","goal":"report","cause":null,"state":"SUCCESS"}
13:43:48.141 [INFO]   [Measuring]   deserializing line [DIFFBLUE]{"__type":"com.diffblue.cover.buildsystem.model.DefaultProjectModuleMessage","project":{"__type":"DefaultProjectModule","junitReport":["/home/jbergqvist/diffblue/terrierteam-FinFlink/target/surefire-reports"],"jacocoReport":["/home/jbergqvist/diffblue/terrierteam-FinFlink/target/site/jacoco/jacoco.xml"],"jacocoDestFile":["/home/jbergqvist/diffblue/terrierteam-FinFlink/target/jacoco.exec"],"jacocoFormats":["xml"],"jacocoSkipped":false,"classpath":["/home/jbergqvist/diffblue/terrierteam-FinFlink/target/classes","/home/jbergqvist/.m2/repository/org/apache/flink/flink-streaming-java_2.12/1.14.4/flink-streaming-java_2.12-1.14.4.jar","/home/jbergqvist/.m2/repository/org/apache/flink/flink-core/1.14.4/flink-core-1.14.4.jar","/home/jbergqvist/.m2/repository/org/apache/flink/flink-annotations/1.14.4/flink-annotations-1.14.4.jar","/home/jbergqvist/.m2/repository/org/apache/flink/flink-metrics-core/1.14.4/flink-metrics-core-1.14.4.jar","/home/jbergqvist/.m2/repository/org/apache/flink/flink-shaded-asm-7/7.1-14.0/flink-shaded-asm-7-7.1-14.0.jar","/home/jbergqvist/.m2/repository/org/apache/commons/commons-lang3/3.3.2/commons-lang3-3.3.2.jar","/home/jbergqvist/.m2/repository/com/esotericsoftware/kryo/kryo/2.24.0/kryo-2.24.0.jar","/home/jbergqvist/.m2/repository/com/esotericsoftware/minlog/minlog/1.2/minlog-1.2.jar","/home/jbergqvist/.m2/repository/commons-collections/commons-collections/3.2.2/commons-collections-3.2.2.jar","/home/jbergqvist/.m2/repository/org/apache/commons/commons-compress/1.21/commons-compress-1.21.jar","/home/jbergqvist/.m2/repository/org/apache/flink/flink-file-sink-common/1.14.4/flink-file-sink-common-1.14.4.jar","/home/jbergqvist/.m2/repository/org/apache/flink/flink-runtime/1.14.4/flink-runtime-1.14.4.jar","/home/jbergqvist/.m2/repository/org/apache/flink/flink-rpc-core/1.14.4/flink-rpc-core-1.14.4.jar","/home/jbergqvist/.m2/repository/org/apache/flink/flink-rpc-akka-loader/1.14.4/flink-rpc-akka-loader-1.14.4.jar","/home/jbergqvist/.m2/repository/org/apache/flink/flink-queryable-state-client-java/1.14.4/flink-queryable-state-client-java-1.14.4.jar","/home/jbergqvist/.m2/repository/org/apache/flink/flink-hadoop-fs/1.14.4/flink-hadoop-fs-1.14.4.jar","/home/jbergqvist/.m2/repository/commons-io/commons-io/2.8.0/commons-io-2.8.0.jar","/home/jbergqvist/.m2/repository/org/apache/flink/flink-shaded-netty/4.1.65.Final-14.0/flink-shaded-netty-4.1.65.Final-14.0.jar","/home/jbergqvist/.m2/repository/org/apache/flink/flink-shaded-jackson/2.12.4-14.0/flink-shaded-jackson-2.12.4-14.0.jar","/home/jbergqvist/.m2/repository/org/apache/flink/flink-shaded-zookeeper-3/3.4.14-14.0/flink-shaded-zookeeper-3-3.4.14-14.0.jar","/home/jbergqvist/.m2/repository/org/javassist/javassist/3.24.0-GA/javassist-3.24.0-GA.jar","/home/jbergqvist/.m2/repository/org/xerial/snappy/snappy-java/1.1.8.3/snappy-java-1.1.8.3.jar","/home/jbergqvist/.m2/repository/org/lz4/lz4-java/1.8.0/lz4-java-1.8.0.jar","/home/jbergqvist/.m2/repository/org/apache/flink/flink-scala_2.12/1.14.4/flink-scala_2.12-1.14.4.jar","/home/jbergqvist/.m2/repository/org/scala-lang/scala-reflect/2.12.7/scala-reflect-2.12.7.jar","/home/jbergqvist/.m2/repository/org/scala-lang/scala-library/2.12.7/scala-library-2.12.7.jar","/home/jbergqvist/.m2/repository/org/scala-lang/scala-compiler/2.12.7/scala-compiler-2.12.7.jar","/home/jbergqvist/.m2/repository/org/scala-lang/modules/scala-xml_2.12/1.0.6/scala-xml_2.12-1.0.6.jar","/home/jbergqvist/.m2/repository/com/twitter/chill_2.12/0.7.6/chill_2.12-0.7.6.jar","/home/jbergqvist/.m2/repository/com/twitter/chill-java/0.7.6/chill-java-0.7.6.jar","/home/jbergqvist/.m2/repository/org/apache/flink/flink-java/1.14.4/flink-java-1.14.4.jar","/home/jbergqvist/.m2/repository/org/apache/flink/flink-shaded-guava/30.1.1-jre-14.0/flink-shaded-guava-30.1.1-jre-14.0.jar","/home/jbergqvist/.m2/repository/org/apache/commons/commons-math3/3.5/commons-math3-3.5.jar","/home/jbergqvist/.m2/repository/org/slf4j/slf4j-api/1.7.15/slf4j-api-1.7.15.jar","/home/jbergqvist/.m2/repository/com/google/code/findbugs/jsr305/1.3.9/jsr305-1.3.9.jar","/home/jbergqvist/.m2/repository/org/apache/flink/flink-shaded-force-shading/14.0/flink-shaded-force-shading-14.0.jar","/home/jbergqvist/.m2/repository/org/junit/jupiter/junit-jupiter-engine/5.13.4/junit-jupiter-engine-5.13.4.jar","/home/jbergqvist/.m2/repository/org/junit/platform/junit-platform-engine/1.13.4/junit-platform-engine-1.13.4.jar","/home/jbergqvist/.m2/repository/org/opentest4j/opentest4j/1.3.0/opentest4j-1.3.0.jar","/home/jbergqvist/.m2/repository/org/junit/platform/junit-platform-commons/1.13.4/junit-platform-commons-1.13.4.jar","/home/jbergqvist/.m2/repository/org/junit/jupiter/junit-jupiter-api/5.13.4/junit-jupiter-api-5.13.4.jar","/home/jbergqvist/.m2/repository/org/apiguardian/apiguardian-api/1.1.2/apiguardian-api-1.1.2.jar","/home/jbergqvist/.m2/repository/org/mockito/mockito-core/5.20.0/mockito-core-5.20.0.jar","/home/jbergqvist/.m2/repository/net/bytebuddy/byte-buddy/1.17.7/byte-buddy-1.17.7.jar","/home/jbergqvist/.m2/repository/net/bytebuddy/byte-buddy-agent/1.17.7/byte-buddy-agent-1.17.7.jar","/home/jbergqvist/.m2/repository/org/objenesis/objenesis/3.3/objenesis-3.3.jar","/home/jbergqvist/.m2/repository/org/mockito/mockito-junit-jupiter/5.20.0/mockito-junit-jupiter-5.20.0.jar","/home/jbergqvist/.m2/repository/org/apache/flink/flink-clients_2.12/1.14.4/flink-clients_2.12-1.14.4.jar","/home/jbergqvist/.m2/repository/org/apache/flink/flink-optimizer/1.14.4/flink-optimizer-1.14.4.jar","/home/jbergqvist/.m2/repository/commons-cli/commons-cli/1.3.1/commons-cli-1.3.1.jar","/home/jbergqvist/.m2/repository/org/apache/flink/flink-connector-kafka_2.11/1.14.4/flink-connector-kafka_2.11-1.14.4.jar","/home/jbergqvist/.m2/repository/org/apache/flink/flink-connector-base/1.14.4/flink-connector-base-1.14.4.jar","/home/jbergqvist/.m2/repository/org/apache/kafka/kafka-clients/2.4.1/kafka-clients-2.4.1.jar","/home/jbergqvist/.m2/repository/com/github/luben/zstd-jni/1.4.3-1/zstd-jni-1.4.3-1.jar","/home/jbergqvist/.m2/repository/com/google/guava/guava/31.1-jre/guava-31.1-jre.jar","/home/jbergqvist/.m2/repository/com/google/guava/failureaccess/1.0.1/failureaccess-1.0.1.jar","/home/jbergqvist/.m2/repository/com/google/guava/listenablefuture/9999.0-empty-to-avoid-conflict-with-guava/listenablefuture-9999.0-empty-to-avoid-conflict-with-guava.jar","/home/jbergqvist/.m2/repository/org/checkerframework/checker-qual/3.12.0/checker-qual-3.12.0.jar","/home/jbergqvist/.m2/repository/com/google/errorprone/error_prone_annotations/2.11.0/error_prone_annotations-2.11.0.jar","/home/jbergqvist/.m2/repository/com/google/j2objc/j2objc-annotations/1.3/j2objc-annotations-1.3.jar","/home/jbergqvist/.m2/repository/org/questdb/questdb/6.4.3/questdb-6.4.3.jar","/home/jbergqvist/.m2/repository/com/diffblue/cover/cover-annotations/1.8.0/cover-annotations-1.8.0.jar"],"complianceLevel":"11","productionSources":["/home/jbergqvist/diffblue/terrierteam-FinFlink/src/main/java"],"testSources":["/home/jbergqvist/diffblue/terrierteam-FinFlink/src/test/java"],"productionClasses":"/home/jbergqvist/diffblue/terrierteam-FinFlink/target/classes","testClasses":"/home/jbergqvist/diffblue/terrierteam-FinFlink/target/test-classes","sourceToBuildPathMap":null,"testSourceToBuildPathMap":null,"buildDirectory":"/home/jbergqvist/diffblue/terrierteam-FinFlink/target","plugins":[{"__type":"DefaultPlugin","groupId":"org.apache.maven.plugins","artefactId":"maven-compiler-plugin","version":"3.8.1","pluginClassName":null},{"__type":"DefaultPlugin","groupId":"org.apache.maven.plugins","artefactId":"maven-shade-plugin","version":"3.1.1","pluginClassName":null},{"__type":"DefaultPlugin","groupId":"org.apache.maven.plugins","artefactId":"maven-clean-plugin","version":"3.2.0","pluginClassName":null},{"__type":"DefaultPlugin","groupId":"org.apache.maven.plugins","artefactId":"maven-resources-plugin","version":"3.3.1","pluginClassName":null},{"__type":"DefaultPlugin","groupId":"org.apache.maven.plugins","artefactId":"maven-jar-plugin","version":"3.4.1","pluginClassName":null},{"__type":"DefaultPlugin","groupId":"org.apache.maven.plugins","artefactId":"maven-surefire-plugin","version":"3.2.5","pluginClassName":null},{"__type":"DefaultPlugin","groupId":"org.apache.maven.plugins","artefactId":"maven-install-plugin","version":"3.1.2","pluginClassName":null},{"__type":"DefaultPlugin","groupId":"org.apache.maven.plugins","artefactId":"maven-deploy-plugin","version":"3.1.2","pluginClassName":null},{"__type":"DefaultPlugin","groupId":"org.apache.maven.plugins","artefactId":"maven-site-plugin","version":"3.12.1","pluginClassName":null}],"version":"3.9.12","encoding":null,"name":"maven","subModules":[],"simpleModuleName":null,"parentModuleName":null,"location":"/home/jbergqvist/diffblue/terrierteam-FinFlink","fullModuleName":"Infinitech-FinFlink:Infinitech-FinFlink"}}
13:43:48.144 [INFO]   [Measuring]   out: [INFO] ------------------------------------------------------------------------
13:43:48.144 [INFO]   [Measuring]   out: [INFO] BUILD SUCCESS
13:43:48.144 [INFO]   [Measuring]   out: [INFO] ------------------------------------------------------------------------
13:43:48.144 [INFO]   [Measuring]   out: [INFO] Total time:  3.284 s
13:43:48.144 [INFO]   [Measuring]   out: [INFO] Finished at: 2026-01-12T13:43:48Z
13:43:48.144 [INFO]   [Measuring]   out: [INFO] ------------------------------------------------------------------------
13:43:48.145 [INFO]   [Measuring]   deserializing line [DIFFBLUE]{"__type":"com.diffblue.cover.buildsystem.model.ProjectInfoMessage","projectName":"Infinitech-FinFlink:Infinitech-FinFlink","productionSources":["/home/jbergqvist/diffblue/terrierteam-FinFlink/src/main/java","/home/jbergqvist/diffblue/terrierteam-FinFlink/target/generated-sources/annotations"],"testSources":["/home/jbergqvist/diffblue/terrierteam-FinFlink/src/test/java","/home/jbergqvist/diffblue/terrierteam-FinFlink/target/generated-test-sources/test-annotations"],"location":"/home/jbergqvist/diffblue/terrierteam-FinFlink"}
13:43:48.170 [INFO]   [Measuring]   maven:err process not stopped, joining thread
13:43:48.170 [INFO]   [Measuring]   maven:out process not stopped, joining thread
13:43:48.170 [INFO]   [Measuring]   Attempting to invoke mvnw in working directory: /home/jbergqvist/diffblue/terrierteam-FinFlink
13:43:48.171 [INFO]   [Measuring]   Attempting to invoke /home/jbergqvist/.sdkman/candidates/maven/current/bin/mvn in working directory: /home/jbergqvist/diffblue/terrierteam-FinFlink
13:43:48.171 [INFO]   [Measuring]   Started "/home/jbergqvist/.sdkman/candidates/maven/current/bin/mvn -Dmaven.ext.class.path=/opt/cover/cover-buildsystem-maven-spy-jar-with-dependencies.jar -Dcom.diffblue.cover.skipTests=true -DskipTestOptimizer --batch-mode --projects=Infinitech-FinFlink:Infinitech-FinFlink --global-settings=/home/jbergqvist/.sdkman/candidates/maven/current/conf/settings.xml org.jacoco:jacoco-maven-plugin:0.8.11:prepare-agent -Djacoco.skip=false test -DfailIfNoTests=false -Dsurefire.failIfNoSpecifiedTests=false -Dmaven.test.failure.ignore=True -Dtest=!*DiffblueTest,**/Test*.java,**/*Test.java,**/*Tests.java,**/*TestCase.java -Dgroups=MaintainedByDiffblue,ContributionFromDiffblue org.jacoco:jacoco-maven-plugin:0.8.11:report -Djacoco.skip=false"
13:43:48.953 [INFO]   [Measuring]   out: [INFO] Scanning for projects...
13:43:49.028 [INFO]   [Measuring]   out: [INFO] 
13:43:49.028 [INFO]   [Measuring]   out: [INFO] --------------< Infinitech-FinFlink:Infinitech-FinFlink >---------------
13:43:49.028 [INFO]   [Measuring]   out: [INFO] Building Infinitech-FinFlink 0.6
13:43:49.028 [INFO]   [Measuring]   out: [INFO]   from pom.xml
13:43:49.028 [INFO]   [Measuring]   out: [INFO] --------------------------------[ jar ]---------------------------------
13:43:49.355 [INFO]   [Measuring]   deserializing line [DIFFBLUE]{"__type":"com.diffblue.cover.buildsystem.model.DefaultEventMessage","project":"Infinitech-FinFlink:Infinitech-FinFlink","goal":"prepare-agent","cause":null,"state":"STARTED"}
13:43:49.356 [INFO]   [Measuring]   out: [INFO] 
13:43:49.356 [INFO]   [Measuring]   out: [INFO] --- jacoco:0.8.11:prepare-agent (default-cli) @ Infinitech-FinFlink ---
13:43:49.444 [INFO]   [Measuring]   out: [INFO] argLine set to -javaagent:/home/jbergqvist/.m2/repository/org/jacoco/org.jacoco.agent/0.8.11/org.jacoco.agent-0.8.11-runtime.jar=destfile=/home/jbergqvist/diffblue/terrierteam-FinFlink/target/jacoco.exec
13:43:49.446 [INFO]   [Measuring]   deserializing line [DIFFBLUE]{"__type":"com.diffblue.cover.buildsystem.model.DefaultEventMessage","project":"Infinitech-FinFlink:Infinitech-FinFlink","goal":"prepare-agent","cause":null,"state":"SUCCESS"}
13:43:49.447 [INFO]   [Measuring]   deserializing line [DIFFBLUE]{"__type":"com.diffblue.cover.buildsystem.model.DefaultEventMessage","project":"Infinitech-FinFlink:Infinitech-FinFlink","goal":"resources","cause":null,"state":"STARTED"}
13:43:49.448 [INFO]   [Measuring]   out: [INFO] 
13:43:49.448 [INFO]   [Measuring]   out: [INFO] --- resources:3.3.1:resources (default-resources) @ Infinitech-FinFlink ---
13:43:49.489 [INFO]   [Measuring]   out: [WARNING] Using platform encoding (UTF-8 actually) to copy filtered resources, i.e. build is platform dependent!
13:43:49.489 [INFO]   [Measuring]   out: [INFO] skip non existing resourceDirectory /home/jbergqvist/diffblue/terrierteam-FinFlink/resources
13:43:49.491 [INFO]   [Measuring]   deserializing line [DIFFBLUE]{"__type":"com.diffblue.cover.buildsystem.model.DefaultEventMessage","project":"Infinitech-FinFlink:Infinitech-FinFlink","goal":"resources","cause":null,"state":"SUCCESS"}
13:43:49.493 [INFO]   [Measuring]   deserializing line [DIFFBLUE]{"__type":"com.diffblue.cover.buildsystem.model.DefaultEventMessage","project":"Infinitech-FinFlink:Infinitech-FinFlink","goal":"compile","cause":null,"state":"STARTED"}
13:43:49.494 [INFO]   [Measuring]   out: [INFO] 
13:43:49.494 [INFO]   [Measuring]   out: [INFO] --- compiler:3.8.1:compile (default-compile) @ Infinitech-FinFlink ---
13:43:49.648 [INFO]   [Measuring]   out: [INFO] Nothing to compile - all classes are up to date
13:43:49.650 [INFO]   [Measuring]   deserializing line [DIFFBLUE]{"__type":"com.diffblue.cover.buildsystem.model.DefaultEventMessage","project":"Infinitech-FinFlink:Infinitech-FinFlink","goal":"compile","cause":null,"state":"SUCCESS"}
13:43:49.651 [INFO]   [Measuring]   deserializing line [DIFFBLUE]{"__type":"com.diffblue.cover.buildsystem.model.DefaultEventMessage","project":"Infinitech-FinFlink:Infinitech-FinFlink","goal":"testResources","cause":null,"state":"STARTED"}
13:43:49.652 [INFO]   [Measuring]   out: [INFO] 
13:43:49.652 [INFO]   [Measuring]   out: [INFO] --- resources:3.3.1:testResources (default-testResources) @ Infinitech-FinFlink ---
13:43:49.653 [INFO]   [Measuring]   out: [WARNING] Using platform encoding (UTF-8 actually) to copy filtered resources, i.e. build is platform dependent!
13:43:49.653 [INFO]   [Measuring]   out: [INFO] skip non existing resourceDirectory /home/jbergqvist/diffblue/terrierteam-FinFlink/src/test/resources
13:43:49.654 [INFO]   [Measuring]   deserializing line [DIFFBLUE]{"__type":"com.diffblue.cover.buildsystem.model.DefaultEventMessage","project":"Infinitech-FinFlink:Infinitech-FinFlink","goal":"testResources","cause":null,"state":"SUCCESS"}
13:43:49.656 [INFO]   [Measuring]   deserializing line [DIFFBLUE]{"__type":"com.diffblue.cover.buildsystem.model.DefaultEventMessage","project":"Infinitech-FinFlink:Infinitech-FinFlink","goal":"testCompile","cause":null,"state":"STARTED"}
13:43:49.656 [INFO]   [Measuring]   out: [INFO] 
13:43:49.656 [INFO]   [Measuring]   out: [INFO] --- compiler:3.8.1:testCompile (default-testCompile) @ Infinitech-FinFlink ---
13:43:49.664 [INFO]   [Measuring]   out: [INFO] Nothing to compile - all classes are up to date
13:43:49.666 [INFO]   [Measuring]   deserializing line [DIFFBLUE]{"__type":"com.diffblue.cover.buildsystem.model.DefaultEventMessage","project":"Infinitech-FinFlink:Infinitech-FinFlink","goal":"testCompile","cause":null,"state":"SUCCESS"}
13:43:49.667 [INFO]   [Measuring]   deserializing line [DIFFBLUE]{"__type":"com.diffblue.cover.buildsystem.model.DefaultEventMessage","project":"Infinitech-FinFlink:Infinitech-FinFlink","goal":"test","cause":null,"state":"STARTED"}
13:43:49.669 [INFO]   [Measuring]   out: [INFO] 
13:43:49.669 [INFO]   [Measuring]   out: [INFO] --- surefire:3.2.5:test (default-test) @ Infinitech-FinFlink ---
13:43:49.791 [INFO]   [Measuring]   deserializing line [DIFFBLUE]{"__type":"com.diffblue.cover.buildsystem.model.DefaultEventMessage","project":"Infinitech-FinFlink:Infinitech-FinFlink","goal":"test","cause":null,"state":"SUCCESS"}
13:43:49.792 [INFO]   [Measuring]   deserializing line [DIFFBLUE]{"__type":"com.diffblue.cover.buildsystem.model.DefaultEventMessage","project":"Infinitech-FinFlink:Infinitech-FinFlink","goal":"report","cause":null,"state":"STARTED"}
13:43:49.794 [INFO]   [Measuring]   out: [INFO] 
13:43:49.794 [INFO]   [Measuring]   out: [INFO] --- jacoco:0.8.11:report (default-cli) @ Infinitech-FinFlink ---
13:43:49.796 [INFO]   [Measuring]   out: [INFO] Loading execution data file /home/jbergqvist/diffblue/terrierteam-FinFlink/target/jacoco.exec
13:43:49.868 [INFO]   [Measuring]   out: [INFO] Analyzed bundle 'Infinitech-FinFlink' with 51 classes
13:43:49.972 [INFO]   [Measuring]   deserializing line [DIFFBLUE]{"__type":"com.diffblue.cover.buildsystem.model.DefaultEventMessage","project":"Infinitech-FinFlink:Infinitech-FinFlink","goal":"report","cause":null,"state":"SUCCESS"}
13:43:50.001 [INFO]   [Measuring]   deserializing line [DIFFBLUE]{"__type":"com.diffblue.cover.buildsystem.model.DefaultProjectModuleMessage","project":{"__type":"DefaultProjectModule","junitReport":["/home/jbergqvist/diffblue/terrierteam-FinFlink/target/surefire-reports"],"jacocoReport":["/home/jbergqvist/diffblue/terrierteam-FinFlink/target/site/jacoco/jacoco.xml"],"jacocoDestFile":["/home/jbergqvist/diffblue/terrierteam-FinFlink/target/jacoco.exec"],"jacocoFormats":["xml"],"jacocoSkipped":false,"classpath":["/home/jbergqvist/diffblue/terrierteam-FinFlink/target/classes","/home/jbergqvist/.m2/repository/org/apache/flink/flink-streaming-java_2.12/1.14.4/flink-streaming-java_2.12-1.14.4.jar","/home/jbergqvist/.m2/repository/org/apache/flink/flink-core/1.14.4/flink-core-1.14.4.jar","/home/jbergqvist/.m2/repository/org/apache/flink/flink-annotations/1.14.4/flink-annotations-1.14.4.jar","/home/jbergqvist/.m2/repository/org/apache/flink/flink-metrics-core/1.14.4/flink-metrics-core-1.14.4.jar","/home/jbergqvist/.m2/repository/org/apache/flink/flink-shaded-asm-7/7.1-14.0/flink-shaded-asm-7-7.1-14.0.jar","/home/jbergqvist/.m2/repository/org/apache/commons/commons-lang3/3.3.2/commons-lang3-3.3.2.jar","/home/jbergqvist/.m2/repository/com/esotericsoftware/kryo/kryo/2.24.0/kryo-2.24.0.jar","/home/jbergqvist/.m2/repository/com/esotericsoftware/minlog/minlog/1.2/minlog-1.2.jar","/home/jbergqvist/.m2/repository/commons-collections/commons-collections/3.2.2/commons-collections-3.2.2.jar","/home/jbergqvist/.m2/repository/org/apache/commons/commons-compress/1.21/commons-compress-1.21.jar","/home/jbergqvist/.m2/repository/org/apache/flink/flink-file-sink-common/1.14.4/flink-file-sink-common-1.14.4.jar","/home/jbergqvist/.m2/repository/org/apache/flink/flink-runtime/1.14.4/flink-runtime-1.14.4.jar","/home/jbergqvist/.m2/repository/org/apache/flink/flink-rpc-core/1.14.4/flink-rpc-core-1.14.4.jar","/home/jbergqvist/.m2/repository/org/apache/flink/flink-rpc-akka-loader/1.14.4/flink-rpc-akka-loader-1.14.4.jar","/home/jbergqvist/.m2/repository/org/apache/flink/flink-queryable-state-client-java/1.14.4/flink-queryable-state-client-java-1.14.4.jar","/home/jbergqvist/.m2/repository/org/apache/flink/flink-hadoop-fs/1.14.4/flink-hadoop-fs-1.14.4.jar","/home/jbergqvist/.m2/repository/commons-io/commons-io/2.8.0/commons-io-2.8.0.jar","/home/jbergqvist/.m2/repository/org/apache/flink/flink-shaded-netty/4.1.65.Final-14.0/flink-shaded-netty-4.1.65.Final-14.0.jar","/home/jbergqvist/.m2/repository/org/apache/flink/flink-shaded-jackson/2.12.4-14.0/flink-shaded-jackson-2.12.4-14.0.jar","/home/jbergqvist/.m2/repository/org/apache/flink/flink-shaded-zookeeper-3/3.4.14-14.0/flink-shaded-zookeeper-3-3.4.14-14.0.jar","/home/jbergqvist/.m2/repository/org/javassist/javassist/3.24.0-GA/javassist-3.24.0-GA.jar","/home/jbergqvist/.m2/repository/org/xerial/snappy/snappy-java/1.1.8.3/snappy-java-1.1.8.3.jar","/home/jbergqvist/.m2/repository/org/lz4/lz4-java/1.8.0/lz4-java-1.8.0.jar","/home/jbergqvist/.m2/repository/org/apache/flink/flink-scala_2.12/1.14.4/flink-scala_2.12-1.14.4.jar","/home/jbergqvist/.m2/repository/org/scala-lang/scala-reflect/2.12.7/scala-reflect-2.12.7.jar","/home/jbergqvist/.m2/repository/org/scala-lang/scala-library/2.12.7/scala-library-2.12.7.jar","/home/jbergqvist/.m2/repository/org/scala-lang/scala-compiler/2.12.7/scala-compiler-2.12.7.jar","/home/jbergqvist/.m2/repository/org/scala-lang/modules/scala-xml_2.12/1.0.6/scala-xml_2.12-1.0.6.jar","/home/jbergqvist/.m2/repository/com/twitter/chill_2.12/0.7.6/chill_2.12-0.7.6.jar","/home/jbergqvist/.m2/repository/com/twitter/chill-java/0.7.6/chill-java-0.7.6.jar","/home/jbergqvist/.m2/repository/org/apache/flink/flink-java/1.14.4/flink-java-1.14.4.jar","/home/jbergqvist/.m2/repository/org/apache/flink/flink-shaded-guava/30.1.1-jre-14.0/flink-shaded-guava-30.1.1-jre-14.0.jar","/home/jbergqvist/.m2/repository/org/apache/commons/commons-math3/3.5/commons-math3-3.5.jar","/home/jbergqvist/.m2/repository/org/slf4j/slf4j-api/1.7.15/slf4j-api-1.7.15.jar","/home/jbergqvist/.m2/repository/com/google/code/findbugs/jsr305/1.3.9/jsr305-1.3.9.jar","/home/jbergqvist/.m2/repository/org/apache/flink/flink-shaded-force-shading/14.0/flink-shaded-force-shading-14.0.jar","/home/jbergqvist/.m2/repository/org/junit/jupiter/junit-jupiter-engine/5.13.4/junit-jupiter-engine-5.13.4.jar","/home/jbergqvist/.m2/repository/org/junit/platform/junit-platform-engine/1.13.4/junit-platform-engine-1.13.4.jar","/home/jbergqvist/.m2/repository/org/opentest4j/opentest4j/1.3.0/opentest4j-1.3.0.jar","/home/jbergqvist/.m2/repository/org/junit/platform/junit-platform-commons/1.13.4/junit-platform-commons-1.13.4.jar","/home/jbergqvist/.m2/repository/org/junit/jupiter/junit-jupiter-api/5.13.4/junit-jupiter-api-5.13.4.jar","/home/jbergqvist/.m2/repository/org/apiguardian/apiguardian-api/1.1.2/apiguardian-api-1.1.2.jar","/home/jbergqvist/.m2/repository/org/mockito/mockito-core/5.20.0/mockito-core-5.20.0.jar","/home/jbergqvist/.m2/repository/net/bytebuddy/byte-buddy/1.17.7/byte-buddy-1.17.7.jar","/home/jbergqvist/.m2/repository/net/bytebuddy/byte-buddy-agent/1.17.7/byte-buddy-agent-1.17.7.jar","/home/jbergqvist/.m2/repository/org/objenesis/objenesis/3.3/objenesis-3.3.jar","/home/jbergqvist/.m2/repository/org/mockito/mockito-junit-jupiter/5.20.0/mockito-junit-jupiter-5.20.0.jar","/home/jbergqvist/.m2/repository/org/apache/flink/flink-clients_2.12/1.14.4/flink-clients_2.12-1.14.4.jar","/home/jbergqvist/.m2/repository/org/apache/flink/flink-optimizer/1.14.4/flink-optimizer-1.14.4.jar","/home/jbergqvist/.m2/repository/commons-cli/commons-cli/1.3.1/commons-cli-1.3.1.jar","/home/jbergqvist/.m2/repository/org/apache/flink/flink-connector-kafka_2.11/1.14.4/flink-connector-kafka_2.11-1.14.4.jar","/home/jbergqvist/.m2/repository/org/apache/flink/flink-connector-base/1.14.4/flink-connector-base-1.14.4.jar","/home/jbergqvist/.m2/repository/org/apache/kafka/kafka-clients/2.4.1/kafka-clients-2.4.1.jar","/home/jbergqvist/.m2/repository/com/github/luben/zstd-jni/1.4.3-1/zstd-jni-1.4.3-1.jar","/home/jbergqvist/.m2/repository/com/google/guava/guava/31.1-jre/guava-31.1-jre.jar","/home/jbergqvist/.m2/repository/com/google/guava/failureaccess/1.0.1/failureaccess-1.0.1.jar","/home/jbergqvist/.m2/repository/com/google/guava/listenablefuture/9999.0-empty-to-avoid-conflict-with-guava/listenablefuture-9999.0-empty-to-avoid-conflict-with-guava.jar","/home/jbergqvist/.m2/repository/org/checkerframework/checker-qual/3.12.0/checker-qual-3.12.0.jar","/home/jbergqvist/.m2/repository/com/google/errorprone/error_prone_annotations/2.11.0/error_prone_annotations-2.11.0.jar","/home/jbergqvist/.m2/repository/com/google/j2objc/j2objc-annotations/1.3/j2objc-annotations-1.3.jar","/home/jbergqvist/.m2/repository/org/questdb/questdb/6.4.3/questdb-6.4.3.jar","/home/jbergqvist/.m2/repository/com/diffblue/cover/cover-annotations/1.8.0/cover-annotations-1.8.0.jar"],"complianceLevel":"11","productionSources":["/home/jbergqvist/diffblue/terrierteam-FinFlink/src/main/java"],"testSources":["/home/jbergqvist/diffblue/terrierteam-FinFlink/src/test/java"],"productionClasses":"/home/jbergqvist/diffblue/terrierteam-FinFlink/target/classes","testClasses":"/home/jbergqvist/diffblue/terrierteam-FinFlink/target/test-classes","sourceToBuildPathMap":null,"testSourceToBuildPathMap":null,"buildDirectory":"/home/jbergqvist/diffblue/terrierteam-FinFlink/target","plugins":[{"__type":"DefaultPlugin","groupId":"org.apache.maven.plugins","artefactId":"maven-compiler-plugin","version":"3.8.1","pluginClassName":null},{"__type":"DefaultPlugin","groupId":"org.apache.maven.plugins","artefactId":"maven-shade-plugin","version":"3.1.1","pluginClassName":null},{"__type":"DefaultPlugin","groupId":"org.apache.maven.plugins","artefactId":"maven-clean-plugin","version":"3.2.0","pluginClassName":null},{"__type":"DefaultPlugin","groupId":"org.apache.maven.plugins","artefactId":"maven-resources-plugin","version":"3.3.1","pluginClassName":null},{"__type":"DefaultPlugin","groupId":"org.apache.maven.plugins","artefactId":"maven-jar-plugin","version":"3.4.1","pluginClassName":null},{"__type":"DefaultPlugin","groupId":"org.apache.maven.plugins","artefactId":"maven-surefire-plugin","version":"3.2.5","pluginClassName":null},{"__type":"DefaultPlugin","groupId":"org.apache.maven.plugins","artefactId":"maven-install-plugin","version":"3.1.2","pluginClassName":null},{"__type":"DefaultPlugin","groupId":"org.apache.maven.plugins","artefactId":"maven-deploy-plugin","version":"3.1.2","pluginClassName":null},{"__type":"DefaultPlugin","groupId":"org.apache.maven.plugins","artefactId":"maven-site-plugin","version":"3.12.1","pluginClassName":null}],"version":"3.9.12","encoding":null,"name":"maven","subModules":[],"simpleModuleName":null,"parentModuleName":null,"location":"/home/jbergqvist/diffblue/terrierteam-FinFlink","fullModuleName":"Infinitech-FinFlink:Infinitech-FinFlink"}}
13:43:50.004 [INFO]   [Measuring]   out: [INFO] ------------------------------------------------------------------------
13:43:50.004 [INFO]   [Measuring]   out: [INFO] BUILD SUCCESS
13:43:50.004 [INFO]   [Measuring]   out: [INFO] ------------------------------------------------------------------------
13:43:50.004 [INFO]   [Measuring]   out: [INFO] Total time:  1.063 s
13:43:50.004 [INFO]   [Measuring]   out: [INFO] Finished at: 2026-01-12T13:43:50Z
13:43:50.004 [INFO]   [Measuring]   out: [INFO] ------------------------------------------------------------------------
13:43:50.005 [INFO]   [Measuring]   deserializing line [DIFFBLUE]{"__type":"com.diffblue.cover.buildsystem.model.ProjectInfoMessage","projectName":"Infinitech-FinFlink:Infinitech-FinFlink","productionSources":["/home/jbergqvist/diffblue/terrierteam-FinFlink/src/main/java","/home/jbergqvist/diffblue/terrierteam-FinFlink/target/generated-sources/annotations"],"testSources":["/home/jbergqvist/diffblue/terrierteam-FinFlink/src/test/java","/home/jbergqvist/diffblue/terrierteam-FinFlink/target/generated-test-sources/test-annotations"],"location":"/home/jbergqvist/diffblue/terrierteam-FinFlink"}
13:43:50.039 [INFO]   [Measuring]   maven:err process not stopped, joining thread
13:43:50.040 [INFO]   [Measuring]   maven:out process not stopped, joining thread
13:43:50.085 [INFO]   [Measuring]   JaCoCo report file created in /home/jbergqvist/diffblue/terrierteam-FinFlink/.diffblue/reports/diffblue-tests-jacoco-report.xml
13:43:50.133 [INFO]   [Measuring]   Calculating coverage from manual tests.
13:43:50.134 [INFO]   [Measuring]   Using default build rules as no custom rules found in any of [/home/jbergqvist/diffblue/terrierteam-FinFlink]
13:43:50.134 [INFO]   [Measuring]   Attempting to invoke mvnw in working directory: /home/jbergqvist/diffblue/terrierteam-FinFlink
13:43:50.134 [INFO]   [Measuring]   Attempting to invoke /home/jbergqvist/.sdkman/candidates/maven/current/bin/mvn in working directory: /home/jbergqvist/diffblue/terrierteam-FinFlink
13:43:50.135 [INFO]   [Measuring]   Started "/home/jbergqvist/.sdkman/candidates/maven/current/bin/mvn -Dmaven.ext.class.path=/opt/cover/cover-buildsystem-maven-spy-jar-with-dependencies.jar -Dcom.diffblue.cover.skipTests=true -DskipTestOptimizer --batch-mode --projects=Infinitech-FinFlink:Infinitech-FinFlink --global-settings=/home/jbergqvist/.sdkman/candidates/maven/current/conf/settings.xml org.jacoco:jacoco-maven-plugin:0.8.11:prepare-agent -Djacoco.skip=false test -DfailIfNoTests=false -Dsurefire.failIfNoSpecifiedTests=false -Dmaven.test.failure.ignore=True -Dtest=!*DiffblueTest,**/Test*.java,**/*Test.java,**/*Tests.java,**/*TestCase.java -DexcludedGroups=MaintainedByDiffblue,ContributionFromDiffblue org.jacoco:jacoco-maven-plugin:0.8.11:report -Djacoco.skip=false"
13:43:50.902 [INFO]   [Measuring]   out: [INFO] Scanning for projects...
13:43:50.995 [INFO]   [Measuring]   out: [INFO] 
13:43:50.995 [INFO]   [Measuring]   out: [INFO] --------------< Infinitech-FinFlink:Infinitech-FinFlink >---------------
13:43:50.995 [INFO]   [Measuring]   out: [INFO] Building Infinitech-FinFlink 0.6
13:43:50.995 [INFO]   [Measuring]   out: [INFO]   from pom.xml
13:43:50.995 [INFO]   [Measuring]   out: [INFO] --------------------------------[ jar ]---------------------------------
13:43:51.341 [INFO]   [Measuring]   deserializing line [DIFFBLUE]{"__type":"com.diffblue.cover.buildsystem.model.DefaultEventMessage","project":"Infinitech-FinFlink:Infinitech-FinFlink","goal":"prepare-agent","cause":null,"state":"STARTED"}
13:43:51.342 [INFO]   [Measuring]   out: [INFO] 
13:43:51.342 [INFO]   [Measuring]   out: [INFO] --- jacoco:0.8.11:prepare-agent (default-cli) @ Infinitech-FinFlink ---
13:43:51.417 [INFO]   [Measuring]   out: [INFO] argLine set to -javaagent:/home/jbergqvist/.m2/repository/org/jacoco/org.jacoco.agent/0.8.11/org.jacoco.agent-0.8.11-runtime.jar=destfile=/home/jbergqvist/diffblue/terrierteam-FinFlink/target/jacoco.exec
13:43:51.419 [INFO]   [Measuring]   deserializing line [DIFFBLUE]{"__type":"com.diffblue.cover.buildsystem.model.DefaultEventMessage","project":"Infinitech-FinFlink:Infinitech-FinFlink","goal":"prepare-agent","cause":null,"state":"SUCCESS"}
13:43:51.420 [INFO]   [Measuring]   deserializing line [DIFFBLUE]{"__type":"com.diffblue.cover.buildsystem.model.DefaultEventMessage","project":"Infinitech-FinFlink:Infinitech-FinFlink","goal":"resources","cause":null,"state":"STARTED"}
13:43:51.421 [INFO]   [Measuring]   out: [INFO] 
13:43:51.421 [INFO]   [Measuring]   out: [INFO] --- resources:3.3.1:resources (default-resources) @ Infinitech-FinFlink ---
13:43:51.464 [INFO]   [Measuring]   out: [WARNING] Using platform encoding (UTF-8 actually) to copy filtered resources, i.e. build is platform dependent!
13:43:51.464 [INFO]   [Measuring]   out: [INFO] skip non existing resourceDirectory /home/jbergqvist/diffblue/terrierteam-FinFlink/resources
13:43:51.466 [INFO]   [Measuring]   deserializing line [DIFFBLUE]{"__type":"com.diffblue.cover.buildsystem.model.DefaultEventMessage","project":"Infinitech-FinFlink:Infinitech-FinFlink","goal":"resources","cause":null,"state":"SUCCESS"}
13:43:51.467 [INFO]   [Measuring]   deserializing line [DIFFBLUE]{"__type":"com.diffblue.cover.buildsystem.model.DefaultEventMessage","project":"Infinitech-FinFlink:Infinitech-FinFlink","goal":"compile","cause":null,"state":"STARTED"}
13:43:51.469 [INFO]   [Measuring]   out: [INFO] 
13:43:51.469 [INFO]   [Measuring]   out: [INFO] --- compiler:3.8.1:compile (default-compile) @ Infinitech-FinFlink ---
13:43:51.627 [INFO]   [Measuring]   out: [INFO] Nothing to compile - all classes are up to date
13:43:51.629 [INFO]   [Measuring]   deserializing line [DIFFBLUE]{"__type":"com.diffblue.cover.buildsystem.model.DefaultEventMessage","project":"Infinitech-FinFlink:Infinitech-FinFlink","goal":"compile","cause":null,"state":"SUCCESS"}
13:43:51.630 [INFO]   [Measuring]   deserializing line [DIFFBLUE]{"__type":"com.diffblue.cover.buildsystem.model.DefaultEventMessage","project":"Infinitech-FinFlink:Infinitech-FinFlink","goal":"testResources","cause":null,"state":"STARTED"}
13:43:51.631 [INFO]   [Measuring]   out: [INFO] 
13:43:51.631 [INFO]   [Measuring]   out: [INFO] --- resources:3.3.1:testResources (default-testResources) @ Infinitech-FinFlink ---
13:43:51.632 [INFO]   [Measuring]   out: [WARNING] Using platform encoding (UTF-8 actually) to copy filtered resources, i.e. build is platform dependent!
13:43:51.632 [INFO]   [Measuring]   out: [INFO] skip non existing resourceDirectory /home/jbergqvist/diffblue/terrierteam-FinFlink/src/test/resources
13:43:51.634 [INFO]   [Measuring]   deserializing line [DIFFBLUE]{"__type":"com.diffblue.cover.buildsystem.model.DefaultEventMessage","project":"Infinitech-FinFlink:Infinitech-FinFlink","goal":"testResources","cause":null,"state":"SUCCESS"}
13:43:51.635 [INFO]   [Measuring]   deserializing line [DIFFBLUE]{"__type":"com.diffblue.cover.buildsystem.model.DefaultEventMessage","project":"Infinitech-FinFlink:Infinitech-FinFlink","goal":"testCompile","cause":null,"state":"STARTED"}
13:43:51.636 [INFO]   [Measuring]   out: [INFO] 
13:43:51.636 [INFO]   [Measuring]   out: [INFO] --- compiler:3.8.1:testCompile (default-testCompile) @ Infinitech-FinFlink ---
13:43:51.646 [INFO]   [Measuring]   out: [INFO] Nothing to compile - all classes are up to date
13:43:51.647 [INFO]   [Measuring]   deserializing line [DIFFBLUE]{"__type":"com.diffblue.cover.buildsystem.model.DefaultEventMessage","project":"Infinitech-FinFlink:Infinitech-FinFlink","goal":"testCompile","cause":null,"state":"SUCCESS"}
13:43:51.648 [INFO]   [Measuring]   deserializing line [DIFFBLUE]{"__type":"com.diffblue.cover.buildsystem.model.DefaultEventMessage","project":"Infinitech-FinFlink:Infinitech-FinFlink","goal":"test","cause":null,"state":"STARTED"}
13:43:51.650 [INFO]   [Measuring]   out: [INFO] 
13:43:51.650 [INFO]   [Measuring]   out: [INFO] --- surefire:3.2.5:test (default-test) @ Infinitech-FinFlink ---
13:43:51.772 [INFO]   [Measuring]   deserializing line [DIFFBLUE]{"__type":"com.diffblue.cover.buildsystem.model.DefaultEventMessage","project":"Infinitech-FinFlink:Infinitech-FinFlink","goal":"test","cause":null,"state":"SUCCESS"}
13:43:51.773 [INFO]   [Measuring]   deserializing line [DIFFBLUE]{"__type":"com.diffblue.cover.buildsystem.model.DefaultEventMessage","project":"Infinitech-FinFlink:Infinitech-FinFlink","goal":"report","cause":null,"state":"STARTED"}
13:43:51.774 [INFO]   [Measuring]   out: [INFO] 
13:43:51.774 [INFO]   [Measuring]   out: [INFO] --- jacoco:0.8.11:report (default-cli) @ Infinitech-FinFlink ---
13:43:51.778 [INFO]   [Measuring]   out: [INFO] Loading execution data file /home/jbergqvist/diffblue/terrierteam-FinFlink/target/jacoco.exec
13:43:51.847 [INFO]   [Measuring]   out: [INFO] Analyzed bundle 'Infinitech-FinFlink' with 51 classes
13:43:51.931 [INFO]   [Measuring]   deserializing line [DIFFBLUE]{"__type":"com.diffblue.cover.buildsystem.model.DefaultEventMessage","project":"Infinitech-FinFlink:Infinitech-FinFlink","goal":"report","cause":null,"state":"SUCCESS"}
13:43:51.960 [INFO]   [Measuring]   deserializing line [DIFFBLUE]{"__type":"com.diffblue.cover.buildsystem.model.DefaultProjectModuleMessage","project":{"__type":"DefaultProjectModule","junitReport":["/home/jbergqvist/diffblue/terrierteam-FinFlink/target/surefire-reports"],"jacocoReport":["/home/jbergqvist/diffblue/terrierteam-FinFlink/target/site/jacoco/jacoco.xml"],"jacocoDestFile":["/home/jbergqvist/diffblue/terrierteam-FinFlink/target/jacoco.exec"],"jacocoFormats":["xml"],"jacocoSkipped":false,"classpath":["/home/jbergqvist/diffblue/terrierteam-FinFlink/target/classes","/home/jbergqvist/.m2/repository/org/apache/flink/flink-streaming-java_2.12/1.14.4/flink-streaming-java_2.12-1.14.4.jar","/home/jbergqvist/.m2/repository/org/apache/flink/flink-core/1.14.4/flink-core-1.14.4.jar","/home/jbergqvist/.m2/repository/org/apache/flink/flink-annotations/1.14.4/flink-annotations-1.14.4.jar","/home/jbergqvist/.m2/repository/org/apache/flink/flink-metrics-core/1.14.4/flink-metrics-core-1.14.4.jar","/home/jbergqvist/.m2/repository/org/apache/flink/flink-shaded-asm-7/7.1-14.0/flink-shaded-asm-7-7.1-14.0.jar","/home/jbergqvist/.m2/repository/org/apache/commons/commons-lang3/3.3.2/commons-lang3-3.3.2.jar","/home/jbergqvist/.m2/repository/com/esotericsoftware/kryo/kryo/2.24.0/kryo-2.24.0.jar","/home/jbergqvist/.m2/repository/com/esotericsoftware/minlog/minlog/1.2/minlog-1.2.jar","/home/jbergqvist/.m2/repository/commons-collections/commons-collections/3.2.2/commons-collections-3.2.2.jar","/home/jbergqvist/.m2/repository/org/apache/commons/commons-compress/1.21/commons-compress-1.21.jar","/home/jbergqvist/.m2/repository/org/apache/flink/flink-file-sink-common/1.14.4/flink-file-sink-common-1.14.4.jar","/home/jbergqvist/.m2/repository/org/apache/flink/flink-runtime/1.14.4/flink-runtime-1.14.4.jar","/home/jbergqvist/.m2/repository/org/apache/flink/flink-rpc-core/1.14.4/flink-rpc-core-1.14.4.jar","/home/jbergqvist/.m2/repository/org/apache/flink/flink-rpc-akka-loader/1.14.4/flink-rpc-akka-loader-1.14.4.jar","/home/jbergqvist/.m2/repository/org/apache/flink/flink-queryable-state-client-java/1.14.4/flink-queryable-state-client-java-1.14.4.jar","/home/jbergqvist/.m2/repository/org/apache/flink/flink-hadoop-fs/1.14.4/flink-hadoop-fs-1.14.4.jar","/home/jbergqvist/.m2/repository/commons-io/commons-io/2.8.0/commons-io-2.8.0.jar","/home/jbergqvist/.m2/repository/org/apache/flink/flink-shaded-netty/4.1.65.Final-14.0/flink-shaded-netty-4.1.65.Final-14.0.jar","/home/jbergqvist/.m2/repository/org/apache/flink/flink-shaded-jackson/2.12.4-14.0/flink-shaded-jackson-2.12.4-14.0.jar","/home/jbergqvist/.m2/repository/org/apache/flink/flink-shaded-zookeeper-3/3.4.14-14.0/flink-shaded-zookeeper-3-3.4.14-14.0.jar","/home/jbergqvist/.m2/repository/org/javassist/javassist/3.24.0-GA/javassist-3.24.0-GA.jar","/home/jbergqvist/.m2/repository/org/xerial/snappy/snappy-java/1.1.8.3/snappy-java-1.1.8.3.jar","/home/jbergqvist/.m2/repository/org/lz4/lz4-java/1.8.0/lz4-java-1.8.0.jar","/home/jbergqvist/.m2/repository/org/apache/flink/flink-scala_2.12/1.14.4/flink-scala_2.12-1.14.4.jar","/home/jbergqvist/.m2/repository/org/scala-lang/scala-reflect/2.12.7/scala-reflect-2.12.7.jar","/home/jbergqvist/.m2/repository/org/scala-lang/scala-library/2.12.7/scala-library-2.12.7.jar","/home/jbergqvist/.m2/repository/org/scala-lang/scala-compiler/2.12.7/scala-compiler-2.12.7.jar","/home/jbergqvist/.m2/repository/org/scala-lang/modules/scala-xml_2.12/1.0.6/scala-xml_2.12-1.0.6.jar","/home/jbergqvist/.m2/repository/com/twitter/chill_2.12/0.7.6/chill_2.12-0.7.6.jar","/home/jbergqvist/.m2/repository/com/twitter/chill-java/0.7.6/chill-java-0.7.6.jar","/home/jbergqvist/.m2/repository/org/apache/flink/flink-java/1.14.4/flink-java-1.14.4.jar","/home/jbergqvist/.m2/repository/org/apache/flink/flink-shaded-guava/30.1.1-jre-14.0/flink-shaded-guava-30.1.1-jre-14.0.jar","/home/jbergqvist/.m2/repository/org/apache/commons/commons-math3/3.5/commons-math3-3.5.jar","/home/jbergqvist/.m2/repository/org/slf4j/slf4j-api/1.7.15/slf4j-api-1.7.15.jar","/home/jbergqvist/.m2/repository/com/google/code/findbugs/jsr305/1.3.9/jsr305-1.3.9.jar","/home/jbergqvist/.m2/repository/org/apache/flink/flink-shaded-force-shading/14.0/flink-shaded-force-shading-14.0.jar","/home/jbergqvist/.m2/repository/org/junit/jupiter/junit-jupiter-engine/5.13.4/junit-jupiter-engine-5.13.4.jar","/home/jbergqvist/.m2/repository/org/junit/platform/junit-platform-engine/1.13.4/junit-platform-engine-1.13.4.jar","/home/jbergqvist/.m2/repository/org/opentest4j/opentest4j/1.3.0/opentest4j-1.3.0.jar","/home/jbergqvist/.m2/repository/org/junit/platform/junit-platform-commons/1.13.4/junit-platform-commons-1.13.4.jar","/home/jbergqvist/.m2/repository/org/junit/jupiter/junit-jupiter-api/5.13.4/junit-jupiter-api-5.13.4.jar","/home/jbergqvist/.m2/repository/org/apiguardian/apiguardian-api/1.1.2/apiguardian-api-1.1.2.jar","/home/jbergqvist/.m2/repository/org/mockito/mockito-core/5.20.0/mockito-core-5.20.0.jar","/home/jbergqvist/.m2/repository/net/bytebuddy/byte-buddy/1.17.7/byte-buddy-1.17.7.jar","/home/jbergqvist/.m2/repository/net/bytebuddy/byte-buddy-agent/1.17.7/byte-buddy-agent-1.17.7.jar","/home/jbergqvist/.m2/repository/org/objenesis/objenesis/3.3/objenesis-3.3.jar","/home/jbergqvist/.m2/repository/org/mockito/mockito-junit-jupiter/5.20.0/mockito-junit-jupiter-5.20.0.jar","/home/jbergqvist/.m2/repository/org/apache/flink/flink-clients_2.12/1.14.4/flink-clients_2.12-1.14.4.jar","/home/jbergqvist/.m2/repository/org/apache/flink/flink-optimizer/1.14.4/flink-optimizer-1.14.4.jar","/home/jbergqvist/.m2/repository/commons-cli/commons-cli/1.3.1/commons-cli-1.3.1.jar","/home/jbergqvist/.m2/repository/org/apache/flink/flink-connector-kafka_2.11/1.14.4/flink-connector-kafka_2.11-1.14.4.jar","/home/jbergqvist/.m2/repository/org/apache/flink/flink-connector-base/1.14.4/flink-connector-base-1.14.4.jar","/home/jbergqvist/.m2/repository/org/apache/kafka/kafka-clients/2.4.1/kafka-clients-2.4.1.jar","/home/jbergqvist/.m2/repository/com/github/luben/zstd-jni/1.4.3-1/zstd-jni-1.4.3-1.jar","/home/jbergqvist/.m2/repository/com/google/guava/guava/31.1-jre/guava-31.1-jre.jar","/home/jbergqvist/.m2/repository/com/google/guava/failureaccess/1.0.1/failureaccess-1.0.1.jar","/home/jbergqvist/.m2/repository/com/google/guava/listenablefuture/9999.0-empty-to-avoid-conflict-with-guava/listenablefuture-9999.0-empty-to-avoid-conflict-with-guava.jar","/home/jbergqvist/.m2/repository/org/checkerframework/checker-qual/3.12.0/checker-qual-3.12.0.jar","/home/jbergqvist/.m2/repository/com/google/errorprone/error_prone_annotations/2.11.0/error_prone_annotations-2.11.0.jar","/home/jbergqvist/.m2/repository/com/google/j2objc/j2objc-annotations/1.3/j2objc-annotations-1.3.jar","/home/jbergqvist/.m2/repository/org/questdb/questdb/6.4.3/questdb-6.4.3.jar","/home/jbergqvist/.m2/repository/com/diffblue/cover/cover-annotations/1.8.0/cover-annotations-1.8.0.jar"],"complianceLevel":"11","productionSources":["/home/jbergqvist/diffblue/terrierteam-FinFlink/src/main/java"],"testSources":["/home/jbergqvist/diffblue/terrierteam-FinFlink/src/test/java"],"productionClasses":"/home/jbergqvist/diffblue/terrierteam-FinFlink/target/classes","testClasses":"/home/jbergqvist/diffblue/terrierteam-FinFlink/target/test-classes","sourceToBuildPathMap":null,"testSourceToBuildPathMap":null,"buildDirectory":"/home/jbergqvist/diffblue/terrierteam-FinFlink/target","plugins":[{"__type":"DefaultPlugin","groupId":"org.apache.maven.plugins","artefactId":"maven-compiler-plugin","version":"3.8.1","pluginClassName":null},{"__type":"DefaultPlugin","groupId":"org.apache.maven.plugins","artefactId":"maven-shade-plugin","version":"3.1.1","pluginClassName":null},{"__type":"DefaultPlugin","groupId":"org.apache.maven.plugins","artefactId":"maven-clean-plugin","version":"3.2.0","pluginClassName":null},{"__type":"DefaultPlugin","groupId":"org.apache.maven.plugins","artefactId":"maven-resources-plugin","version":"3.3.1","pluginClassName":null},{"__type":"DefaultPlugin","groupId":"org.apache.maven.plugins","artefactId":"maven-jar-plugin","version":"3.4.1","pluginClassName":null},{"__type":"DefaultPlugin","groupId":"org.apache.maven.plugins","artefactId":"maven-surefire-plugin","version":"3.2.5","pluginClassName":null},{"__type":"DefaultPlugin","groupId":"org.apache.maven.plugins","artefactId":"maven-install-plugin","version":"3.1.2","pluginClassName":null},{"__type":"DefaultPlugin","groupId":"org.apache.maven.plugins","artefactId":"maven-deploy-plugin","version":"3.1.2","pluginClassName":null},{"__type":"DefaultPlugin","groupId":"org.apache.maven.plugins","artefactId":"maven-site-plugin","version":"3.12.1","pluginClassName":null}],"version":"3.9.12","encoding":null,"name":"maven","subModules":[],"simpleModuleName":null,"parentModuleName":null,"location":"/home/jbergqvist/diffblue/terrierteam-FinFlink","fullModuleName":"Infinitech-FinFlink:Infinitech-FinFlink"}}
13:43:51.963 [INFO]   [Measuring]   out: [INFO] ------------------------------------------------------------------------
13:43:51.963 [INFO]   [Measuring]   out: [INFO] BUILD SUCCESS
13:43:51.964 [INFO]   [Measuring]   out: [INFO] ------------------------------------------------------------------------
13:43:51.964 [INFO]   [Measuring]   out: [INFO] Total time:  1.073 s
13:43:51.964 [INFO]   [Measuring]   out: [INFO] Finished at: 2026-01-12T13:43:51Z
13:43:51.964 [INFO]   [Measuring]   out: [INFO] ------------------------------------------------------------------------
13:43:51.965 [INFO]   [Measuring]   deserializing line [DIFFBLUE]{"__type":"com.diffblue.cover.buildsystem.model.ProjectInfoMessage","projectName":"Infinitech-FinFlink:Infinitech-FinFlink","productionSources":["/home/jbergqvist/diffblue/terrierteam-FinFlink/src/main/java","/home/jbergqvist/diffblue/terrierteam-FinFlink/target/generated-sources/annotations"],"testSources":["/home/jbergqvist/diffblue/terrierteam-FinFlink/src/test/java","/home/jbergqvist/diffblue/terrierteam-FinFlink/target/generated-test-sources/test-annotations"],"location":"/home/jbergqvist/diffblue/terrierteam-FinFlink"}
13:43:52.011 [INFO]   [Measuring]   maven:err process not stopped, joining thread
13:43:52.012 [INFO]   [Measuring]   maven:out process not stopped, joining thread
13:43:52.013 [INFO]   [Measuring]   JaCoCo report file created in /home/jbergqvist/diffblue/terrierteam-FinFlink/.diffblue/reports/manual-tests-jacoco-report.xml
13:43:52.022 [INFO]   [Measuring]   
13:43:52.039 [INFO]   [Measuring]   Diffblue tests cover 798 of 928 lines to cover (86.0%)
13:43:52.048 [INFO]   [Measuring]   Manual tests cover 0 of 928 lines to cover (0.0%)
13:43:52.181 [INFO]   [Reporting]   Writing JSON report to /home/jbergqvist/diffblue/terrierteam-FinFlink/.diffblue/reports/report.json
13:43:52.313 [INFO]   [Reporting]   
13:43:52.313 [WARN]   [Reporting]   One or more warnings were logged, please review them in the log file
13:43:52.313 [INFO]   [Reporting]   Log file: /home/jbergqvist/diffblue/terrierteam-FinFlink/.diffblue/log/user-20260112T134034.log
13:43:52.313 [INFO]   [Reporting]   Finished in 3m 12s
