13:27:25.549 [INFO]   [Preparing]   Diffblue Cover 2025.12.02-74144f0-licensed
13:27:25.549 [INFO]   [Preparing]   Running: dcover create --coverage-reports
13:27:25.550 [INFO]   [Preparing]   
13:27:25.550 [INFO]   [Preparing]   Command: create
13:27:25.550 [INFO]   [Preparing]   Create tests for the specified package/class/method.
13:27:25.551 [INFO]   [Preparing]   
13:27:28.336 [INFO]   [Checking]    Maven Using ${maven.home} of: /home/jbergqvist/.sdkman/candidates/maven/current.
13:27:28.338 [INFO]   [Checking]    Maven Executing: /bin/sh -c cd /home/jbergqvist/diffblue/terrierteam-FinFlink && /home/jbergqvist/.sdkman/candidates/maven/3.9.12/bin/mvn -B -version
13:27:28.569 [INFO]   [Checking]    Standard output of build tool (Maven)
13:27:28.569 [INFO]   [Checking]    > Apache Maven 3.9.12 (848fbb4bf2d427b72bdb2471c22fced7ebd9a7a1)
13:27:28.569 [INFO]   [Checking]    > Maven home: /home/jbergqvist/.sdkman/candidates/maven/3.9.12
13:27:28.569 [INFO]   [Checking]    > Java version: 11.0.29, vendor: Amazon.com Inc., runtime: /home/jbergqvist/.sdkman/candidates/java/11.0.29-amzn
13:27:28.569 [INFO]   [Checking]    > Default locale: en_GB, platform encoding: UTF-8
13:27:28.569 [INFO]   [Checking]    > OS name: "linux", version: "6.8.0-90-generic", arch: "amd64", family: "unix"
13:27:28.572 [INFO]   [Checking]    Using default build rules as no custom rules found in any of [/home/jbergqvist/diffblue/terrierteam-FinFlink]
13:27:28.576 [INFO]   [Checking]    Attempting to invoke mvnw in working directory: /home/jbergqvist/diffblue/terrierteam-FinFlink
13:27:28.577 [INFO]   [Checking]    Attempting to invoke /home/jbergqvist/.sdkman/candidates/maven/current/bin/mvn in working directory: /home/jbergqvist/diffblue/terrierteam-FinFlink
13:27:28.577 [INFO]   [Checking]    Started "/home/jbergqvist/.sdkman/candidates/maven/current/bin/mvn -Dmaven.ext.class.path=/opt/cover/cover-buildsystem-maven-spy-jar-with-dependencies.jar -Dcom.diffblue.cover.skipTests=true -DskipTestOptimizer --batch-mode --global-settings=/home/jbergqvist/.sdkman/candidates/maven/current/conf/settings.xml dependency:build-classpath"
13:27:29.335 [INFO]   [Checking]    out: [INFO] Scanning for projects...
13:27:29.449 [INFO]   [Checking]    out: [INFO] 
13:27:29.449 [INFO]   [Checking]    out: [INFO] --------------< Infinitech-FinFlink:Infinitech-FinFlink >---------------
13:27:29.449 [INFO]   [Checking]    out: [INFO] Building Infinitech-FinFlink 0.6
13:27:29.449 [INFO]   [Checking]    out: [INFO]   from pom.xml
13:27:29.449 [INFO]   [Checking]    out: [INFO] --------------------------------[ jar ]---------------------------------
13:27:29.758 [INFO]   [Checking]    deserializing line [DIFFBLUE]{"__type":"com.diffblue.cover.buildsystem.model.DefaultEventMessage","project":"Infinitech-FinFlink:Infinitech-FinFlink","goal":"build-classpath","cause":null,"state":"STARTED"}
13:27:29.802 [INFO]   [Checking]    out: [INFO] 
13:27:29.802 [INFO]   [Checking]    out: [INFO] --- dependency:3.7.0:build-classpath (default-cli) @ Infinitech-FinFlink ---
13:27:30.164 [INFO]   [Checking]    out: [INFO] Dependencies classpath:
13:27:30.164 [INFO]   [Checking]    out: /home/jbergqvist/.m2/repository/org/apache/flink/flink-streaming-java_2.12/1.14.4/flink-streaming-java_2.12-1.14.4.jar:/home/jbergqvist/.m2/repository/org/apache/flink/flink-core/1.14.4/flink-core-1.14.4.jar:/home/jbergqvist/.m2/repository/org/apache/flink/flink-annotations/1.14.4/flink-annotations-1.14.4.jar:/home/jbergqvist/.m2/repository/org/apache/flink/flink-metrics-core/1.14.4/flink-metrics-core-1.14.4.jar:/home/jbergqvist/.m2/repository/org/apache/flink/flink-shaded-asm-7/7.1-14.0/flink-shaded-asm-7-7.1-14.0.jar:/home/jbergqvist/.m2/repository/org/apache/commons/commons-lang3/3.3.2/commons-lang3-3.3.2.jar:/home/jbergqvist/.m2/repository/com/esotericsoftware/kryo/kryo/2.24.0/kryo-2.24.0.jar:/home/jbergqvist/.m2/repository/com/esotericsoftware/minlog/minlog/1.2/minlog-1.2.jar:/home/jbergqvist/.m2/repository/commons-collections/commons-collections/3.2.2/commons-collections-3.2.2.jar:/home/jbergqvist/.m2/repository/org/apache/commons/commons-compress/1.21/commons-compress-1.21.jar:/home/jbergqvist/.m2/repository/org/apache/flink/flink-file-sink-common/1.14.4/flink-file-sink-common-1.14.4.jar:/home/jbergqvist/.m2/repository/org/apache/flink/flink-runtime/1.14.4/flink-runtime-1.14.4.jar:/home/jbergqvist/.m2/repository/org/apache/flink/flink-rpc-core/1.14.4/flink-rpc-core-1.14.4.jar:/home/jbergqvist/.m2/repository/org/apache/flink/flink-rpc-akka-loader/1.14.4/flink-rpc-akka-loader-1.14.4.jar:/home/jbergqvist/.m2/repository/org/apache/flink/flink-queryable-state-client-java/1.14.4/flink-queryable-state-client-java-1.14.4.jar:/home/jbergqvist/.m2/repository/org/apache/flink/flink-hadoop-fs/1.14.4/flink-hadoop-fs-1.14.4.jar:/home/jbergqvist/.m2/repository/commons-io/commons-io/2.8.0/commons-io-2.8.0.jar:/home/jbergqvist/.m2/repository/org/apache/flink/flink-shaded-netty/4.1.65.Final-14.0/flink-shaded-netty-4.1.65.Final-14.0.jar:/home/jbergqvist/.m2/repository/org/apache/flink/flink-shaded-jackson/2.12.4-14.0/flink-shaded-jackson-2.12.4-14.0.jar:/home/jbergqvist/.m2/repository/org/apache/flink/flink-shaded-zookeeper-3/3.4.14-14.0/flink-shaded-zookeeper-3-3.4.14-14.0.jar:/home/jbergqvist/.m2/repository/org/javassist/javassist/3.24.0-GA/javassist-3.24.0-GA.jar:/home/jbergqvist/.m2/repository/org/xerial/snappy/snappy-java/1.1.8.3/snappy-java-1.1.8.3.jar:/home/jbergqvist/.m2/repository/org/lz4/lz4-java/1.8.0/lz4-java-1.8.0.jar:/home/jbergqvist/.m2/repository/org/apache/flink/flink-scala_2.12/1.14.4/flink-scala_2.12-1.14.4.jar:/home/jbergqvist/.m2/repository/org/scala-lang/scala-reflect/2.12.7/scala-reflect-2.12.7.jar:/home/jbergqvist/.m2/repository/org/scala-lang/scala-library/2.12.7/scala-library-2.12.7.jar:/home/jbergqvist/.m2/repository/org/scala-lang/scala-compiler/2.12.7/scala-compiler-2.12.7.jar:/home/jbergqvist/.m2/repository/org/scala-lang/modules/scala-xml_2.12/1.0.6/scala-xml_2.12-1.0.6.jar:/home/jbergqvist/.m2/repository/com/twitter/chill_2.12/0.7.6/chill_2.12-0.7.6.jar:/home/jbergqvist/.m2/repository/com/twitter/chill-java/0.7.6/chill-java-0.7.6.jar:/home/jbergqvist/.m2/repository/org/apache/flink/flink-java/1.14.4/flink-java-1.14.4.jar:/home/jbergqvist/.m2/repository/org/apache/flink/flink-shaded-guava/30.1.1-jre-14.0/flink-shaded-guava-30.1.1-jre-14.0.jar:/home/jbergqvist/.m2/repository/org/apache/commons/commons-math3/3.5/commons-math3-3.5.jar:/home/jbergqvist/.m2/repository/org/slf4j/slf4j-api/1.7.15/slf4j-api-1.7.15.jar:/home/jbergqvist/.m2/repository/com/google/code/findbugs/jsr305/1.3.9/jsr305-1.3.9.jar:/home/jbergqvist/.m2/repository/org/apache/flink/flink-shaded-force-shading/14.0/flink-shaded-force-shading-14.0.jar:/home/jbergqvist/.m2/repository/org/junit/jupiter/junit-jupiter-engine/5.13.4/junit-jupiter-engine-5.13.4.jar:/home/jbergqvist/.m2/repository/org/junit/platform/junit-platform-engine/1.13.4/junit-platform-engine-1.13.4.jar:/home/jbergqvist/.m2/repository/org/opentest4j/opentest4j/1.3.0/opentest4j-1.3.0.jar:/home/jbergqvist/.m2/repository/org/junit/platform/junit-platform-commons/1.13.4/junit-platform-commons-1.13.4.jar:/home/jbergqvist/.m2/repository/org/junit/jupiter/junit-jupiter-api/5.13.4/junit-jupiter-api-5.13.4.jar:/home/jbergqvist/.m2/repository/org/apiguardian/apiguardian-api/1.1.2/apiguardian-api-1.1.2.jar:/home/jbergqvist/.m2/repository/org/mockito/mockito-core/5.20.0/mockito-core-5.20.0.jar:/home/jbergqvist/.m2/repository/net/bytebuddy/byte-buddy/1.17.7/byte-buddy-1.17.7.jar:/home/jbergqvist/.m2/repository/net/bytebuddy/byte-buddy-agent/1.17.7/byte-buddy-agent-1.17.7.jar:/home/jbergqvist/.m2/repository/org/objenesis/objenesis/3.3/objenesis-3.3.jar:/home/jbergqvist/.m2/repository/org/mockito/mockito-junit-jupiter/5.20.0/mockito-junit-jupiter-5.20.0.jar:/home/jbergqvist/.m2/repository/org/apache/flink/flink-clients_2.12/1.14.4/flink-clients_2.12-1.14.4.jar:/home/jbergqvist/.m2/repository/org/apache/flink/flink-optimizer/1.14.4/flink-optimizer-1.14.4.jar:/home/jbergqvist/.m2/repository/commons-cli/commons-cli/1.3.1/commons-cli-1.3.1.jar:/home/jbergqvist/.m2/repository/org/apache/flink/flink-connector-kafka_2.11/1.14.4/flink-connector-kafka_2.11-1.14.4.jar:/home/jbergqvist/.m2/repository/org/apache/flink/flink-connector-base/1.14.4/flink-connector-base-1.14.4.jar:/home/jbergqvist/.m2/repository/org/apache/kafka/kafka-clients/2.4.1/kafka-clients-2.4.1.jar:/home/jbergqvist/.m2/repository/com/github/luben/zstd-jni/1.4.3-1/zstd-jni-1.4.3-1.jar:/home/jbergqvist/.m2/repository/com/google/guava/guava/31.1-jre/guava-31.1-jre.jar:/home/jbergqvist/.m2/repository/com/google/guava/failureaccess/1.0.1/failureaccess-1.0.1.jar:/home/jbergqvist/.m2/repository/com/google/guava/listenablefuture/9999.0-empty-to-avoid-conflict-with-guava/listenablefuture-9999.0-empty-to-avoid-conflict-with-guava.jar:/home/jbergqvist/.m2/repository/org/checkerframework/checker-qual/3.12.0/checker-qual-3.12.0.jar:/home/jbergqvist/.m2/repository/com/google/errorprone/error_prone_annotations/2.11.0/error_prone_annotations-2.11.0.jar:/home/jbergqvist/.m2/repository/com/google/j2objc/j2objc-annotations/1.3/j2objc-annotations-1.3.jar:/home/jbergqvist/.m2/repository/org/questdb/questdb/6.4.3/questdb-6.4.3.jar:/home/jbergqvist/.m2/repository/com/diffblue/cover/cover-annotations/1.8.0/cover-annotations-1.8.0.jar
13:27:30.166 [INFO]   [Checking]    deserializing line [DIFFBLUE]{"__type":"com.diffblue.cover.buildsystem.model.DefaultEventMessage","project":"Infinitech-FinFlink:Infinitech-FinFlink","goal":"build-classpath","cause":null,"state":"SUCCESS"}
13:27:30.195 [INFO]   [Checking]    deserializing line [DIFFBLUE]{"__type":"com.diffblue.cover.buildsystem.model.DefaultProjectModuleMessage","project":{"__type":"DefaultProjectModule","junitReport":["/home/jbergqvist/diffblue/terrierteam-FinFlink/target/surefire-reports"],"jacocoReport":["/home/jbergqvist/diffblue/terrierteam-FinFlink/target/site/jacoco/jacoco.xml"],"jacocoDestFile":["/home/jbergqvist/diffblue/terrierteam-FinFlink/target/jacoco.exec"],"jacocoFormats":["xml"],"jacocoSkipped":false,"classpath":["/home/jbergqvist/diffblue/terrierteam-FinFlink/target/classes","/home/jbergqvist/.m2/repository/org/apache/flink/flink-streaming-java_2.12/1.14.4/flink-streaming-java_2.12-1.14.4.jar","/home/jbergqvist/.m2/repository/org/apache/flink/flink-core/1.14.4/flink-core-1.14.4.jar","/home/jbergqvist/.m2/repository/org/apache/flink/flink-annotations/1.14.4/flink-annotations-1.14.4.jar","/home/jbergqvist/.m2/repository/org/apache/flink/flink-metrics-core/1.14.4/flink-metrics-core-1.14.4.jar","/home/jbergqvist/.m2/repository/org/apache/flink/flink-shaded-asm-7/7.1-14.0/flink-shaded-asm-7-7.1-14.0.jar","/home/jbergqvist/.m2/repository/org/apache/commons/commons-lang3/3.3.2/commons-lang3-3.3.2.jar","/home/jbergqvist/.m2/repository/com/esotericsoftware/kryo/kryo/2.24.0/kryo-2.24.0.jar","/home/jbergqvist/.m2/repository/com/esotericsoftware/minlog/minlog/1.2/minlog-1.2.jar","/home/jbergqvist/.m2/repository/commons-collections/commons-collections/3.2.2/commons-collections-3.2.2.jar","/home/jbergqvist/.m2/repository/org/apache/commons/commons-compress/1.21/commons-compress-1.21.jar","/home/jbergqvist/.m2/repository/org/apache/flink/flink-file-sink-common/1.14.4/flink-file-sink-common-1.14.4.jar","/home/jbergqvist/.m2/repository/org/apache/flink/flink-runtime/1.14.4/flink-runtime-1.14.4.jar","/home/jbergqvist/.m2/repository/org/apache/flink/flink-rpc-core/1.14.4/flink-rpc-core-1.14.4.jar","/home/jbergqvist/.m2/repository/org/apache/flink/flink-rpc-akka-loader/1.14.4/flink-rpc-akka-loader-1.14.4.jar","/home/jbergqvist/.m2/repository/org/apache/flink/flink-queryable-state-client-java/1.14.4/flink-queryable-state-client-java-1.14.4.jar","/home/jbergqvist/.m2/repository/org/apache/flink/flink-hadoop-fs/1.14.4/flink-hadoop-fs-1.14.4.jar","/home/jbergqvist/.m2/repository/commons-io/commons-io/2.8.0/commons-io-2.8.0.jar","/home/jbergqvist/.m2/repository/org/apache/flink/flink-shaded-netty/4.1.65.Final-14.0/flink-shaded-netty-4.1.65.Final-14.0.jar","/home/jbergqvist/.m2/repository/org/apache/flink/flink-shaded-jackson/2.12.4-14.0/flink-shaded-jackson-2.12.4-14.0.jar","/home/jbergqvist/.m2/repository/org/apache/flink/flink-shaded-zookeeper-3/3.4.14-14.0/flink-shaded-zookeeper-3-3.4.14-14.0.jar","/home/jbergqvist/.m2/repository/org/javassist/javassist/3.24.0-GA/javassist-3.24.0-GA.jar","/home/jbergqvist/.m2/repository/org/xerial/snappy/snappy-java/1.1.8.3/snappy-java-1.1.8.3.jar","/home/jbergqvist/.m2/repository/org/lz4/lz4-java/1.8.0/lz4-java-1.8.0.jar","/home/jbergqvist/.m2/repository/org/apache/flink/flink-scala_2.12/1.14.4/flink-scala_2.12-1.14.4.jar","/home/jbergqvist/.m2/repository/org/scala-lang/scala-reflect/2.12.7/scala-reflect-2.12.7.jar","/home/jbergqvist/.m2/repository/org/scala-lang/scala-library/2.12.7/scala-library-2.12.7.jar","/home/jbergqvist/.m2/repository/org/scala-lang/scala-compiler/2.12.7/scala-compiler-2.12.7.jar","/home/jbergqvist/.m2/repository/org/scala-lang/modules/scala-xml_2.12/1.0.6/scala-xml_2.12-1.0.6.jar","/home/jbergqvist/.m2/repository/com/twitter/chill_2.12/0.7.6/chill_2.12-0.7.6.jar","/home/jbergqvist/.m2/repository/com/twitter/chill-java/0.7.6/chill-java-0.7.6.jar","/home/jbergqvist/.m2/repository/org/apache/flink/flink-java/1.14.4/flink-java-1.14.4.jar","/home/jbergqvist/.m2/repository/org/apache/flink/flink-shaded-guava/30.1.1-jre-14.0/flink-shaded-guava-30.1.1-jre-14.0.jar","/home/jbergqvist/.m2/repository/org/apache/commons/commons-math3/3.5/commons-math3-3.5.jar","/home/jbergqvist/.m2/repository/org/slf4j/slf4j-api/1.7.15/slf4j-api-1.7.15.jar","/home/jbergqvist/.m2/repository/com/google/code/findbugs/jsr305/1.3.9/jsr305-1.3.9.jar","/home/jbergqvist/.m2/repository/org/apache/flink/flink-shaded-force-shading/14.0/flink-shaded-force-shading-14.0.jar","/home/jbergqvist/.m2/repository/org/junit/jupiter/junit-jupiter-engine/5.13.4/junit-jupiter-engine-5.13.4.jar","/home/jbergqvist/.m2/repository/org/junit/platform/junit-platform-engine/1.13.4/junit-platform-engine-1.13.4.jar","/home/jbergqvist/.m2/repository/org/opentest4j/opentest4j/1.3.0/opentest4j-1.3.0.jar","/home/jbergqvist/.m2/repository/org/junit/platform/junit-platform-commons/1.13.4/junit-platform-commons-1.13.4.jar","/home/jbergqvist/.m2/repository/org/junit/jupiter/junit-jupiter-api/5.13.4/junit-jupiter-api-5.13.4.jar","/home/jbergqvist/.m2/repository/org/apiguardian/apiguardian-api/1.1.2/apiguardian-api-1.1.2.jar","/home/jbergqvist/.m2/repository/org/mockito/mockito-core/5.20.0/mockito-core-5.20.0.jar","/home/jbergqvist/.m2/repository/net/bytebuddy/byte-buddy/1.17.7/byte-buddy-1.17.7.jar","/home/jbergqvist/.m2/repository/net/bytebuddy/byte-buddy-agent/1.17.7/byte-buddy-agent-1.17.7.jar","/home/jbergqvist/.m2/repository/org/objenesis/objenesis/3.3/objenesis-3.3.jar","/home/jbergqvist/.m2/repository/org/mockito/mockito-junit-jupiter/5.20.0/mockito-junit-jupiter-5.20.0.jar","/home/jbergqvist/.m2/repository/org/apache/flink/flink-clients_2.12/1.14.4/flink-clients_2.12-1.14.4.jar","/home/jbergqvist/.m2/repository/org/apache/flink/flink-optimizer/1.14.4/flink-optimizer-1.14.4.jar","/home/jbergqvist/.m2/repository/commons-cli/commons-cli/1.3.1/commons-cli-1.3.1.jar","/home/jbergqvist/.m2/repository/org/apache/flink/flink-connector-kafka_2.11/1.14.4/flink-connector-kafka_2.11-1.14.4.jar","/home/jbergqvist/.m2/repository/org/apache/flink/flink-connector-base/1.14.4/flink-connector-base-1.14.4.jar","/home/jbergqvist/.m2/repository/org/apache/kafka/kafka-clients/2.4.1/kafka-clients-2.4.1.jar","/home/jbergqvist/.m2/repository/com/github/luben/zstd-jni/1.4.3-1/zstd-jni-1.4.3-1.jar","/home/jbergqvist/.m2/repository/com/google/guava/guava/31.1-jre/guava-31.1-jre.jar","/home/jbergqvist/.m2/repository/com/google/guava/failureaccess/1.0.1/failureaccess-1.0.1.jar","/home/jbergqvist/.m2/repository/com/google/guava/listenablefuture/9999.0-empty-to-avoid-conflict-with-guava/listenablefuture-9999.0-empty-to-avoid-conflict-with-guava.jar","/home/jbergqvist/.m2/repository/org/checkerframework/checker-qual/3.12.0/checker-qual-3.12.0.jar","/home/jbergqvist/.m2/repository/com/google/errorprone/error_prone_annotations/2.11.0/error_prone_annotations-2.11.0.jar","/home/jbergqvist/.m2/repository/com/google/j2objc/j2objc-annotations/1.3/j2objc-annotations-1.3.jar","/home/jbergqvist/.m2/repository/org/questdb/questdb/6.4.3/questdb-6.4.3.jar","/home/jbergqvist/.m2/repository/com/diffblue/cover/cover-annotations/1.8.0/cover-annotations-1.8.0.jar"],"complianceLevel":"11","productionSources":["/home/jbergqvist/diffblue/terrierteam-FinFlink/src/main/java"],"testSources":["/home/jbergqvist/diffblue/terrierteam-FinFlink/src/test/java"],"productionClasses":"/home/jbergqvist/diffblue/terrierteam-FinFlink/target/classes","testClasses":"/home/jbergqvist/diffblue/terrierteam-FinFlink/target/test-classes","sourceToBuildPathMap":null,"testSourceToBuildPathMap":null,"buildDirectory":"/home/jbergqvist/diffblue/terrierteam-FinFlink/target","plugins":[{"__type":"DefaultPlugin","groupId":"org.apache.maven.plugins","artefactId":"maven-compiler-plugin","version":"3.8.1","pluginClassName":null},{"__type":"DefaultPlugin","groupId":"org.apache.maven.plugins","artefactId":"maven-shade-plugin","version":"3.1.1","pluginClassName":null},{"__type":"DefaultPlugin","groupId":"org.apache.maven.plugins","artefactId":"maven-clean-plugin","version":"3.2.0","pluginClassName":null},{"__type":"DefaultPlugin","groupId":"org.apache.maven.plugins","artefactId":"maven-resources-plugin","version":"3.3.1","pluginClassName":null},{"__type":"DefaultPlugin","groupId":"org.apache.maven.plugins","artefactId":"maven-jar-plugin","version":"3.4.1","pluginClassName":null},{"__type":"DefaultPlugin","groupId":"org.apache.maven.plugins","artefactId":"maven-surefire-plugin","version":"3.2.5","pluginClassName":null},{"__type":"DefaultPlugin","groupId":"org.apache.maven.plugins","artefactId":"maven-install-plugin","version":"3.1.2","pluginClassName":null},{"__type":"DefaultPlugin","groupId":"org.apache.maven.plugins","artefactId":"maven-deploy-plugin","version":"3.1.2","pluginClassName":null},{"__type":"DefaultPlugin","groupId":"org.apache.maven.plugins","artefactId":"maven-site-plugin","version":"3.12.1","pluginClassName":null}],"version":"3.9.12","encoding":null,"name":"maven","subModules":[],"simpleModuleName":null,"parentModuleName":null,"location":"/home/jbergqvist/diffblue/terrierteam-FinFlink","fullModuleName":"Infinitech-FinFlink:Infinitech-FinFlink"}}
13:27:30.212 [INFO]   [Checking]    out: [INFO] ------------------------------------------------------------------------
13:27:30.212 [INFO]   [Checking]    out: [INFO] BUILD SUCCESS
13:27:30.212 [INFO]   [Checking]    out: [INFO] ------------------------------------------------------------------------
13:27:30.212 [INFO]   [Checking]    out: [INFO] Total time:  0.875 s
13:27:30.213 [INFO]   [Checking]    out: [INFO] Finished at: 2026-01-12T13:27:30Z
13:27:30.213 [INFO]   [Checking]    out: [INFO] ------------------------------------------------------------------------
13:27:30.213 [INFO]   [Checking]    deserializing line [DIFFBLUE]{"__type":"com.diffblue.cover.buildsystem.model.ProjectInfoMessage","projectName":"Infinitech-FinFlink:Infinitech-FinFlink","productionSources":["/home/jbergqvist/diffblue/terrierteam-FinFlink/src/main/java"],"testSources":["/home/jbergqvist/diffblue/terrierteam-FinFlink/src/test/java"],"location":"/home/jbergqvist/diffblue/terrierteam-FinFlink"}
13:27:30.279 [INFO]   [Checking]    maven:err process not stopped, joining thread
13:27:30.279 [INFO]   [Checking]    maven:out process not stopped, joining thread
13:27:30.279 [INFO]   [Checking]    Deserializing project module message
13:27:30.279 [INFO]   [Checking]    deserializing line [DIFFBLUE]{"__type":"com.diffblue.cover.buildsystem.model.DefaultEventMessage","project":"Infinitech-FinFlink:Infinitech-FinFlink","goal":"build-classpath","cause":null,"state":"STARTED"}
13:27:30.282 [INFO]   [Checking]    deserializing line [DIFFBLUE]{"__type":"com.diffblue.cover.buildsystem.model.DefaultEventMessage","project":"Infinitech-FinFlink:Infinitech-FinFlink","goal":"build-classpath","cause":null,"state":"SUCCESS"}
13:27:30.284 [INFO]   [Checking]    deserializing line [DIFFBLUE]{"__type":"com.diffblue.cover.buildsystem.model.DefaultProjectModuleMessage","project":{"__type":"DefaultProjectModule","junitReport":["/home/jbergqvist/diffblue/terrierteam-FinFlink/target/surefire-reports"],"jacocoReport":["/home/jbergqvist/diffblue/terrierteam-FinFlink/target/site/jacoco/jacoco.xml"],"jacocoDestFile":["/home/jbergqvist/diffblue/terrierteam-FinFlink/target/jacoco.exec"],"jacocoFormats":["xml"],"jacocoSkipped":false,"classpath":["/home/jbergqvist/diffblue/terrierteam-FinFlink/target/classes","/home/jbergqvist/.m2/repository/org/apache/flink/flink-streaming-java_2.12/1.14.4/flink-streaming-java_2.12-1.14.4.jar","/home/jbergqvist/.m2/repository/org/apache/flink/flink-core/1.14.4/flink-core-1.14.4.jar","/home/jbergqvist/.m2/repository/org/apache/flink/flink-annotations/1.14.4/flink-annotations-1.14.4.jar","/home/jbergqvist/.m2/repository/org/apache/flink/flink-metrics-core/1.14.4/flink-metrics-core-1.14.4.jar","/home/jbergqvist/.m2/repository/org/apache/flink/flink-shaded-asm-7/7.1-14.0/flink-shaded-asm-7-7.1-14.0.jar","/home/jbergqvist/.m2/repository/org/apache/commons/commons-lang3/3.3.2/commons-lang3-3.3.2.jar","/home/jbergqvist/.m2/repository/com/esotericsoftware/kryo/kryo/2.24.0/kryo-2.24.0.jar","/home/jbergqvist/.m2/repository/com/esotericsoftware/minlog/minlog/1.2/minlog-1.2.jar","/home/jbergqvist/.m2/repository/commons-collections/commons-collections/3.2.2/commons-collections-3.2.2.jar","/home/jbergqvist/.m2/repository/org/apache/commons/commons-compress/1.21/commons-compress-1.21.jar","/home/jbergqvist/.m2/repository/org/apache/flink/flink-file-sink-common/1.14.4/flink-file-sink-common-1.14.4.jar","/home/jbergqvist/.m2/repository/org/apache/flink/flink-runtime/1.14.4/flink-runtime-1.14.4.jar","/home/jbergqvist/.m2/repository/org/apache/flink/flink-rpc-core/1.14.4/flink-rpc-core-1.14.4.jar","/home/jbergqvist/.m2/repository/org/apache/flink/flink-rpc-akka-loader/1.14.4/flink-rpc-akka-loader-1.14.4.jar","/home/jbergqvist/.m2/repository/org/apache/flink/flink-queryable-state-client-java/1.14.4/flink-queryable-state-client-java-1.14.4.jar","/home/jbergqvist/.m2/repository/org/apache/flink/flink-hadoop-fs/1.14.4/flink-hadoop-fs-1.14.4.jar","/home/jbergqvist/.m2/repository/commons-io/commons-io/2.8.0/commons-io-2.8.0.jar","/home/jbergqvist/.m2/repository/org/apache/flink/flink-shaded-netty/4.1.65.Final-14.0/flink-shaded-netty-4.1.65.Final-14.0.jar","/home/jbergqvist/.m2/repository/org/apache/flink/flink-shaded-jackson/2.12.4-14.0/flink-shaded-jackson-2.12.4-14.0.jar","/home/jbergqvist/.m2/repository/org/apache/flink/flink-shaded-zookeeper-3/3.4.14-14.0/flink-shaded-zookeeper-3-3.4.14-14.0.jar","/home/jbergqvist/.m2/repository/org/javassist/javassist/3.24.0-GA/javassist-3.24.0-GA.jar","/home/jbergqvist/.m2/repository/org/xerial/snappy/snappy-java/1.1.8.3/snappy-java-1.1.8.3.jar","/home/jbergqvist/.m2/repository/org/lz4/lz4-java/1.8.0/lz4-java-1.8.0.jar","/home/jbergqvist/.m2/repository/org/apache/flink/flink-scala_2.12/1.14.4/flink-scala_2.12-1.14.4.jar","/home/jbergqvist/.m2/repository/org/scala-lang/scala-reflect/2.12.7/scala-reflect-2.12.7.jar","/home/jbergqvist/.m2/repository/org/scala-lang/scala-library/2.12.7/scala-library-2.12.7.jar","/home/jbergqvist/.m2/repository/org/scala-lang/scala-compiler/2.12.7/scala-compiler-2.12.7.jar","/home/jbergqvist/.m2/repository/org/scala-lang/modules/scala-xml_2.12/1.0.6/scala-xml_2.12-1.0.6.jar","/home/jbergqvist/.m2/repository/com/twitter/chill_2.12/0.7.6/chill_2.12-0.7.6.jar","/home/jbergqvist/.m2/repository/com/twitter/chill-java/0.7.6/chill-java-0.7.6.jar","/home/jbergqvist/.m2/repository/org/apache/flink/flink-java/1.14.4/flink-java-1.14.4.jar","/home/jbergqvist/.m2/repository/org/apache/flink/flink-shaded-guava/30.1.1-jre-14.0/flink-shaded-guava-30.1.1-jre-14.0.jar","/home/jbergqvist/.m2/repository/org/apache/commons/commons-math3/3.5/commons-math3-3.5.jar","/home/jbergqvist/.m2/repository/org/slf4j/slf4j-api/1.7.15/slf4j-api-1.7.15.jar","/home/jbergqvist/.m2/repository/com/google/code/findbugs/jsr305/1.3.9/jsr305-1.3.9.jar","/home/jbergqvist/.m2/repository/org/apache/flink/flink-shaded-force-shading/14.0/flink-shaded-force-shading-14.0.jar","/home/jbergqvist/.m2/repository/org/junit/jupiter/junit-jupiter-engine/5.13.4/junit-jupiter-engine-5.13.4.jar","/home/jbergqvist/.m2/repository/org/junit/platform/junit-platform-engine/1.13.4/junit-platform-engine-1.13.4.jar","/home/jbergqvist/.m2/repository/org/opentest4j/opentest4j/1.3.0/opentest4j-1.3.0.jar","/home/jbergqvist/.m2/repository/org/junit/platform/junit-platform-commons/1.13.4/junit-platform-commons-1.13.4.jar","/home/jbergqvist/.m2/repository/org/junit/jupiter/junit-jupiter-api/5.13.4/junit-jupiter-api-5.13.4.jar","/home/jbergqvist/.m2/repository/org/apiguardian/apiguardian-api/1.1.2/apiguardian-api-1.1.2.jar","/home/jbergqvist/.m2/repository/org/mockito/mockito-core/5.20.0/mockito-core-5.20.0.jar","/home/jbergqvist/.m2/repository/net/bytebuddy/byte-buddy/1.17.7/byte-buddy-1.17.7.jar","/home/jbergqvist/.m2/repository/net/bytebuddy/byte-buddy-agent/1.17.7/byte-buddy-agent-1.17.7.jar","/home/jbergqvist/.m2/repository/org/objenesis/objenesis/3.3/objenesis-3.3.jar","/home/jbergqvist/.m2/repository/org/mockito/mockito-junit-jupiter/5.20.0/mockito-junit-jupiter-5.20.0.jar","/home/jbergqvist/.m2/repository/org/apache/flink/flink-clients_2.12/1.14.4/flink-clients_2.12-1.14.4.jar","/home/jbergqvist/.m2/repository/org/apache/flink/flink-optimizer/1.14.4/flink-optimizer-1.14.4.jar","/home/jbergqvist/.m2/repository/commons-cli/commons-cli/1.3.1/commons-cli-1.3.1.jar","/home/jbergqvist/.m2/repository/org/apache/flink/flink-connector-kafka_2.11/1.14.4/flink-connector-kafka_2.11-1.14.4.jar","/home/jbergqvist/.m2/repository/org/apache/flink/flink-connector-base/1.14.4/flink-connector-base-1.14.4.jar","/home/jbergqvist/.m2/repository/org/apache/kafka/kafka-clients/2.4.1/kafka-clients-2.4.1.jar","/home/jbergqvist/.m2/repository/com/github/luben/zstd-jni/1.4.3-1/zstd-jni-1.4.3-1.jar","/home/jbergqvist/.m2/repository/com/google/guava/guava/31.1-jre/guava-31.1-jre.jar","/home/jbergqvist/.m2/repository/com/google/guava/failureaccess/1.0.1/failureaccess-1.0.1.jar","/home/jbergqvist/.m2/repository/com/google/guava/listenablefuture/9999.0-empty-to-avoid-conflict-with-guava/listenablefuture-9999.0-empty-to-avoid-conflict-with-guava.jar","/home/jbergqvist/.m2/repository/org/checkerframework/checker-qual/3.12.0/checker-qual-3.12.0.jar","/home/jbergqvist/.m2/repository/com/google/errorprone/error_prone_annotations/2.11.0/error_prone_annotations-2.11.0.jar","/home/jbergqvist/.m2/repository/com/google/j2objc/j2objc-annotations/1.3/j2objc-annotations-1.3.jar","/home/jbergqvist/.m2/repository/org/questdb/questdb/6.4.3/questdb-6.4.3.jar","/home/jbergqvist/.m2/repository/com/diffblue/cover/cover-annotations/1.8.0/cover-annotations-1.8.0.jar"],"complianceLevel":"11","productionSources":["/home/jbergqvist/diffblue/terrierteam-FinFlink/src/main/java"],"testSources":["/home/jbergqvist/diffblue/terrierteam-FinFlink/src/test/java"],"productionClasses":"/home/jbergqvist/diffblue/terrierteam-FinFlink/target/classes","testClasses":"/home/jbergqvist/diffblue/terrierteam-FinFlink/target/test-classes","sourceToBuildPathMap":null,"testSourceToBuildPathMap":null,"buildDirectory":"/home/jbergqvist/diffblue/terrierteam-FinFlink/target","plugins":[{"__type":"DefaultPlugin","groupId":"org.apache.maven.plugins","artefactId":"maven-compiler-plugin","version":"3.8.1","pluginClassName":null},{"__type":"DefaultPlugin","groupId":"org.apache.maven.plugins","artefactId":"maven-shade-plugin","version":"3.1.1","pluginClassName":null},{"__type":"DefaultPlugin","groupId":"org.apache.maven.plugins","artefactId":"maven-clean-plugin","version":"3.2.0","pluginClassName":null},{"__type":"DefaultPlugin","groupId":"org.apache.maven.plugins","artefactId":"maven-resources-plugin","version":"3.3.1","pluginClassName":null},{"__type":"DefaultPlugin","groupId":"org.apache.maven.plugins","artefactId":"maven-jar-plugin","version":"3.4.1","pluginClassName":null},{"__type":"DefaultPlugin","groupId":"org.apache.maven.plugins","artefactId":"maven-surefire-plugin","version":"3.2.5","pluginClassName":null},{"__type":"DefaultPlugin","groupId":"org.apache.maven.plugins","artefactId":"maven-install-plugin","version":"3.1.2","pluginClassName":null},{"__type":"DefaultPlugin","groupId":"org.apache.maven.plugins","artefactId":"maven-deploy-plugin","version":"3.1.2","pluginClassName":null},{"__type":"DefaultPlugin","groupId":"org.apache.maven.plugins","artefactId":"maven-site-plugin","version":"3.12.1","pluginClassName":null}],"version":"3.9.12","encoding":null,"name":"maven","subModules":[],"simpleModuleName":null,"parentModuleName":null,"location":"/home/jbergqvist/diffblue/terrierteam-FinFlink","fullModuleName":"Infinitech-FinFlink:Infinitech-FinFlink"}}
13:27:30.291 [INFO]   [Checking]    deserializing line [DIFFBLUE]{"__type":"com.diffblue.cover.buildsystem.model.ProjectInfoMessage","projectName":"Infinitech-FinFlink:Infinitech-FinFlink","productionSources":["/home/jbergqvist/diffblue/terrierteam-FinFlink/src/main/java"],"testSources":["/home/jbergqvist/diffblue/terrierteam-FinFlink/src/test/java"],"location":"/home/jbergqvist/diffblue/terrierteam-FinFlink"}
13:27:30.292 [INFO]   [Checking]    Found 1 ProjectModuleMessages (ignoring buildSrc projects)
13:27:30.292 [INFO]   [Checking]    Found module Infinitech-FinFlink:Infinitech-FinFlink in the working directory /home/jbergqvist/diffblue/terrierteam-FinFlink
13:27:30.292 [INFO]   [Checking]    deserialized project module is present? true
13:27:30.308 [INFO]   [Checking]    Operating System: Linux amd64 6.8.0-90-generic
13:27:30.308 [INFO]   [Checking]    Default charset: UTF-8
13:27:30.308 [INFO]   [Checking]    Default locale: en_GB
13:27:30.308 [INFO]   [Checking]    Default time zone: Europe/London
13:27:30.315 [INFO]   [Checking]    Discovered modules:
13:27:30.315 [INFO]   [Checking]    - Infinitech-FinFlink:Infinitech-FinFlink
13:27:30.316 [INFO]   [Checking]    
13:27:30.319 [INFO]   [Checking]    
13:27:30.319 [INFO]   [Checking]    [1/1] Creating tests for module: Infinitech-FinFlink:Infinitech-FinFlink
13:27:30.319 [INFO]   [Checking]    ========================================================================
13:27:30.320 [INFO]   [Checking]    
13:27:30.320 [INFO]   [Checking]    Detecting environment:
13:27:30.320 [INFO]   [Checking]    ----------------------
13:27:30.373 [INFO]   [Checking]    Detected Java version 11.0.29
13:27:30.386 [INFO]   [Checking]    Maven Using ${maven.home} of: /home/jbergqvist/.sdkman/candidates/maven/current.
13:27:30.386 [INFO]   [Checking]    Maven Executing: /bin/sh -c cd /home/jbergqvist/diffblue/terrierteam-FinFlink && /home/jbergqvist/.sdkman/candidates/maven/3.9.12/bin/mvn -B -version
13:27:30.556 [INFO]   [Checking]    Standard output of build tool (Maven)
13:27:30.556 [INFO]   [Checking]    > Apache Maven 3.9.12 (848fbb4bf2d427b72bdb2471c22fced7ebd9a7a1)
13:27:30.556 [INFO]   [Checking]    > Maven home: /home/jbergqvist/.sdkman/candidates/maven/3.9.12
13:27:30.556 [INFO]   [Checking]    > Java version: 11.0.29, vendor: Amazon.com Inc., runtime: /home/jbergqvist/.sdkman/candidates/java/11.0.29-amzn
13:27:30.556 [INFO]   [Checking]    > Default locale: en_GB, platform encoding: UTF-8
13:27:30.556 [INFO]   [Checking]    > OS name: "linux", version: "6.8.0-90-generic", arch: "amd64", family: "unix"
13:27:30.557 [INFO]   [Checking]    Detected build system: Maven 3.9.12
13:27:30.563 [INFO]   [Checking]    Operating System: Linux amd64 6.8.0-90-generic
13:27:30.563 [INFO]   [Checking]    Default charset: UTF-8
13:27:30.564 [INFO]   [Checking]    Default locale: en_GB
13:27:30.564 [INFO]   [Checking]    Default time zone: Europe/London
13:27:30.565 [INFO]   [Checking]    Selected build system: Maven
13:27:30.575 [INFO]   [Checking]    Selected classpath from build system maven
13:27:30.577 [INFO]   [Checking]    Expanded classpath: 
/home/jbergqvist/diffblue/terrierteam-FinFlink/target/test-classes (test build path)
/home/jbergqvist/diffblue/terrierteam-FinFlink/target/classes (code under test)
/home/jbergqvist/.m2/repository/org/apache/flink/flink-streaming-java_2.12/1.14.4/flink-streaming-java_2.12-1.14.4.jar
/home/jbergqvist/.m2/repository/org/apache/flink/flink-core/1.14.4/flink-core-1.14.4.jar
/home/jbergqvist/.m2/repository/org/apache/flink/flink-annotations/1.14.4/flink-annotations-1.14.4.jar
/home/jbergqvist/.m2/repository/org/apache/flink/flink-metrics-core/1.14.4/flink-metrics-core-1.14.4.jar
/home/jbergqvist/.m2/repository/org/apache/flink/flink-shaded-asm-7/7.1-14.0/flink-shaded-asm-7-7.1-14.0.jar
/home/jbergqvist/.m2/repository/org/apache/commons/commons-lang3/3.3.2/commons-lang3-3.3.2.jar
/home/jbergqvist/.m2/repository/com/esotericsoftware/kryo/kryo/2.24.0/kryo-2.24.0.jar
/home/jbergqvist/.m2/repository/com/esotericsoftware/minlog/minlog/1.2/minlog-1.2.jar
/home/jbergqvist/.m2/repository/commons-collections/commons-collections/3.2.2/commons-collections-3.2.2.jar
/home/jbergqvist/.m2/repository/org/apache/commons/commons-compress/1.21/commons-compress-1.21.jar
/home/jbergqvist/.m2/repository/org/apache/flink/flink-file-sink-common/1.14.4/flink-file-sink-common-1.14.4.jar
/home/jbergqvist/.m2/repository/org/apache/flink/flink-runtime/1.14.4/flink-runtime-1.14.4.jar
/home/jbergqvist/.m2/repository/org/apache/flink/flink-rpc-core/1.14.4/flink-rpc-core-1.14.4.jar
/home/jbergqvist/.m2/repository/org/apache/flink/flink-rpc-akka-loader/1.14.4/flink-rpc-akka-loader-1.14.4.jar
/home/jbergqvist/.m2/repository/org/apache/flink/flink-queryable-state-client-java/1.14.4/flink-queryable-state-client-java-1.14.4.jar
/home/jbergqvist/.m2/repository/org/apache/flink/flink-hadoop-fs/1.14.4/flink-hadoop-fs-1.14.4.jar
/home/jbergqvist/.m2/repository/commons-io/commons-io/2.8.0/commons-io-2.8.0.jar
/home/jbergqvist/.m2/repository/org/apache/flink/flink-shaded-netty/4.1.65.Final-14.0/flink-shaded-netty-4.1.65.Final-14.0.jar
/home/jbergqvist/.m2/repository/org/apache/flink/flink-shaded-jackson/2.12.4-14.0/flink-shaded-jackson-2.12.4-14.0.jar
/home/jbergqvist/.m2/repository/org/apache/flink/flink-shaded-zookeeper-3/3.4.14-14.0/flink-shaded-zookeeper-3-3.4.14-14.0.jar
/home/jbergqvist/.m2/repository/org/javassist/javassist/3.24.0-GA/javassist-3.24.0-GA.jar
/home/jbergqvist/.m2/repository/org/xerial/snappy/snappy-java/1.1.8.3/snappy-java-1.1.8.3.jar
/home/jbergqvist/.m2/repository/org/lz4/lz4-java/1.8.0/lz4-java-1.8.0.jar
/home/jbergqvist/.m2/repository/org/apache/flink/flink-scala_2.12/1.14.4/flink-scala_2.12-1.14.4.jar
/home/jbergqvist/.m2/repository/org/scala-lang/scala-reflect/2.12.7/scala-reflect-2.12.7.jar
/home/jbergqvist/.m2/repository/org/scala-lang/scala-library/2.12.7/scala-library-2.12.7.jar
/home/jbergqvist/.m2/repository/org/scala-lang/scala-compiler/2.12.7/scala-compiler-2.12.7.jar
/home/jbergqvist/.m2/repository/org/scala-lang/modules/scala-xml_2.12/1.0.6/scala-xml_2.12-1.0.6.jar
/home/jbergqvist/.m2/repository/com/twitter/chill_2.12/0.7.6/chill_2.12-0.7.6.jar
/home/jbergqvist/.m2/repository/com/twitter/chill-java/0.7.6/chill-java-0.7.6.jar
/home/jbergqvist/.m2/repository/org/apache/flink/flink-java/1.14.4/flink-java-1.14.4.jar
/home/jbergqvist/.m2/repository/org/apache/flink/flink-shaded-guava/30.1.1-jre-14.0/flink-shaded-guava-30.1.1-jre-14.0.jar
/home/jbergqvist/.m2/repository/org/apache/commons/commons-math3/3.5/commons-math3-3.5.jar
/home/jbergqvist/.m2/repository/org/slf4j/slf4j-api/1.7.15/slf4j-api-1.7.15.jar
/home/jbergqvist/.m2/repository/com/google/code/findbugs/jsr305/1.3.9/jsr305-1.3.9.jar
/home/jbergqvist/.m2/repository/org/apache/flink/flink-shaded-force-shading/14.0/flink-shaded-force-shading-14.0.jar
/home/jbergqvist/.m2/repository/org/junit/jupiter/junit-jupiter-engine/5.13.4/junit-jupiter-engine-5.13.4.jar
/home/jbergqvist/.m2/repository/org/junit/platform/junit-platform-engine/1.13.4/junit-platform-engine-1.13.4.jar
/home/jbergqvist/.m2/repository/org/opentest4j/opentest4j/1.3.0/opentest4j-1.3.0.jar
/home/jbergqvist/.m2/repository/org/junit/platform/junit-platform-commons/1.13.4/junit-platform-commons-1.13.4.jar
/home/jbergqvist/.m2/repository/org/junit/jupiter/junit-jupiter-api/5.13.4/junit-jupiter-api-5.13.4.jar
/home/jbergqvist/.m2/repository/org/apiguardian/apiguardian-api/1.1.2/apiguardian-api-1.1.2.jar
/home/jbergqvist/.m2/repository/org/mockito/mockito-core/5.20.0/mockito-core-5.20.0.jar
/home/jbergqvist/.m2/repository/net/bytebuddy/byte-buddy/1.17.7/byte-buddy-1.17.7.jar
/home/jbergqvist/.m2/repository/net/bytebuddy/byte-buddy-agent/1.17.7/byte-buddy-agent-1.17.7.jar
/home/jbergqvist/.m2/repository/org/objenesis/objenesis/3.3/objenesis-3.3.jar
/home/jbergqvist/.m2/repository/org/mockito/mockito-junit-jupiter/5.20.0/mockito-junit-jupiter-5.20.0.jar
/home/jbergqvist/.m2/repository/org/apache/flink/flink-clients_2.12/1.14.4/flink-clients_2.12-1.14.4.jar
/home/jbergqvist/.m2/repository/org/apache/flink/flink-optimizer/1.14.4/flink-optimizer-1.14.4.jar
/home/jbergqvist/.m2/repository/commons-cli/commons-cli/1.3.1/commons-cli-1.3.1.jar
/home/jbergqvist/.m2/repository/org/apache/flink/flink-connector-kafka_2.11/1.14.4/flink-connector-kafka_2.11-1.14.4.jar
/home/jbergqvist/.m2/repository/org/apache/flink/flink-connector-base/1.14.4/flink-connector-base-1.14.4.jar
/home/jbergqvist/.m2/repository/org/apache/kafka/kafka-clients/2.4.1/kafka-clients-2.4.1.jar
/home/jbergqvist/.m2/repository/com/github/luben/zstd-jni/1.4.3-1/zstd-jni-1.4.3-1.jar
/home/jbergqvist/.m2/repository/com/google/guava/guava/31.1-jre/guava-31.1-jre.jar
/home/jbergqvist/.m2/repository/com/google/guava/failureaccess/1.0.1/failureaccess-1.0.1.jar
/home/jbergqvist/.m2/repository/com/google/guava/listenablefuture/9999.0-empty-to-avoid-conflict-with-guava/listenablefuture-9999.0-empty-to-avoid-conflict-with-guava.jar
/home/jbergqvist/.m2/repository/org/checkerframework/checker-qual/3.12.0/checker-qual-3.12.0.jar
/home/jbergqvist/.m2/repository/com/google/errorprone/error_prone_annotations/2.11.0/error_prone_annotations-2.11.0.jar
/home/jbergqvist/.m2/repository/com/google/j2objc/j2objc-annotations/1.3/j2objc-annotations-1.3.jar
/home/jbergqvist/.m2/repository/org/questdb/questdb/6.4.3/questdb-6.4.3.jar
/home/jbergqvist/.m2/repository/com/diffblue/cover/cover-annotations/1.8.0/cover-annotations-1.8.0.jar
13:27:30.612 [INFO]   [Checking]    Detected test framework: JUnit Jupiter API 5.13.4
13:27:30.622 [INFO]   [Checking]    Detected JUnit Jupiter Engine version 5.13.4
13:27:30.672 [INFO]   [Checking]    Detected Mockito Core version 5.20.0
13:27:31.032 [INFO]   [Checking]    Indexing...
13:27:31.330 [INFO]   [Checking]    Selected test output directory: /home/jbergqvist/diffblue/terrierteam-FinFlink/src/test/java
13:27:31.344 [INFO]   [Checking]    Using default build rules as no custom rules found in any of [/home/jbergqvist/diffblue/terrierteam-FinFlink]
13:27:31.345 [INFO]   [Checking]    Attempting to invoke mvnw in working directory: /home/jbergqvist/diffblue/terrierteam-FinFlink
13:27:31.346 [INFO]   [Checking]    Attempting to invoke /home/jbergqvist/.sdkman/candidates/maven/current/bin/mvn in working directory: /home/jbergqvist/diffblue/terrierteam-FinFlink
13:27:31.347 [INFO]   [Checking]    Started "/home/jbergqvist/.sdkman/candidates/maven/current/bin/mvn -Dmaven.ext.class.path=/opt/cover/cover-buildsystem-maven-spy-jar-with-dependencies.jar -Dcom.diffblue.cover.skipTests=true -DskipTestOptimizer --batch-mode --projects=Infinitech-FinFlink:Infinitech-FinFlink --global-settings=/home/jbergqvist/.sdkman/candidates/maven/current/conf/settings.xml test -DfailIfNoTests=false -Dsurefire.failIfNoSpecifiedTests=false -Dmaven.test.failure.ignore=True -Dtest=DummyJupiterDiffblueTest"
13:27:32.157 [INFO]   [Checking]    out: [INFO] Scanning for projects...
13:27:32.197 [INFO]   [Checking]    out: [INFO] 
13:27:32.197 [INFO]   [Checking]    out: [INFO] --------------< Infinitech-FinFlink:Infinitech-FinFlink >---------------
13:27:32.197 [INFO]   [Checking]    out: [INFO] Building Infinitech-FinFlink 0.6
13:27:32.198 [INFO]   [Checking]    out: [INFO]   from pom.xml
13:27:32.198 [INFO]   [Checking]    out: [INFO] --------------------------------[ jar ]---------------------------------
13:27:32.560 [INFO]   [Checking]    deserializing line [DIFFBLUE]{"__type":"com.diffblue.cover.buildsystem.model.DefaultEventMessage","project":"Infinitech-FinFlink:Infinitech-FinFlink","goal":"resources","cause":null,"state":"STARTED"}
13:27:32.564 [INFO]   [Checking]    out: [INFO] 
13:27:32.564 [INFO]   [Checking]    out: [INFO] --- resources:3.3.1:resources (default-resources) @ Infinitech-FinFlink ---
13:27:32.641 [INFO]   [Checking]    out: [WARNING] Using platform encoding (UTF-8 actually) to copy filtered resources, i.e. build is platform dependent!
13:27:32.641 [INFO]   [Checking]    out: [INFO] skip non existing resourceDirectory /home/jbergqvist/diffblue/terrierteam-FinFlink/resources
13:27:32.642 [INFO]   [Checking]    deserializing line [DIFFBLUE]{"__type":"com.diffblue.cover.buildsystem.model.DefaultEventMessage","project":"Infinitech-FinFlink:Infinitech-FinFlink","goal":"resources","cause":null,"state":"SUCCESS"}
13:27:32.645 [INFO]   [Checking]    deserializing line [DIFFBLUE]{"__type":"com.diffblue.cover.buildsystem.model.DefaultEventMessage","project":"Infinitech-FinFlink:Infinitech-FinFlink","goal":"compile","cause":null,"state":"STARTED"}
13:27:32.646 [INFO]   [Checking]    out: [INFO] 
13:27:32.646 [INFO]   [Checking]    out: [INFO] --- compiler:3.8.1:compile (default-compile) @ Infinitech-FinFlink ---
13:27:32.807 [INFO]   [Checking]    out: [INFO] Nothing to compile - all classes are up to date
13:27:32.808 [INFO]   [Checking]    deserializing line [DIFFBLUE]{"__type":"com.diffblue.cover.buildsystem.model.DefaultEventMessage","project":"Infinitech-FinFlink:Infinitech-FinFlink","goal":"compile","cause":null,"state":"SUCCESS"}
13:27:32.811 [INFO]   [Checking]    deserializing line [DIFFBLUE]{"__type":"com.diffblue.cover.buildsystem.model.DefaultEventMessage","project":"Infinitech-FinFlink:Infinitech-FinFlink","goal":"testResources","cause":null,"state":"STARTED"}
13:27:32.814 [INFO]   [Checking]    out: [INFO] 
13:27:32.814 [INFO]   [Checking]    out: [INFO] --- resources:3.3.1:testResources (default-testResources) @ Infinitech-FinFlink ---
13:27:32.814 [INFO]   [Checking]    out: [WARNING] Using platform encoding (UTF-8 actually) to copy filtered resources, i.e. build is platform dependent!
13:27:32.814 [INFO]   [Checking]    out: [INFO] skip non existing resourceDirectory /home/jbergqvist/diffblue/terrierteam-FinFlink/src/test/resources
13:27:32.814 [INFO]   [Checking]    deserializing line [DIFFBLUE]{"__type":"com.diffblue.cover.buildsystem.model.DefaultEventMessage","project":"Infinitech-FinFlink:Infinitech-FinFlink","goal":"testResources","cause":null,"state":"SUCCESS"}
13:27:32.817 [INFO]   [Checking]    deserializing line [DIFFBLUE]{"__type":"com.diffblue.cover.buildsystem.model.DefaultEventMessage","project":"Infinitech-FinFlink:Infinitech-FinFlink","goal":"testCompile","cause":null,"state":"STARTED"}
13:27:32.820 [INFO]   [Checking]    out: [INFO] 
13:27:32.820 [INFO]   [Checking]    out: [INFO] --- compiler:3.8.1:testCompile (default-testCompile) @ Infinitech-FinFlink ---
13:27:32.820 [INFO]   [Checking]    out: [INFO] Changes detected - recompiling the module!
13:27:32.820 [INFO]   [Checking]    out: [WARNING] File encoding has not been set, using platform encoding UTF-8, i.e. build is platform dependent!
13:27:32.821 [INFO]   [Checking]    out: [INFO] Compiling 1 source file to /home/jbergqvist/diffblue/terrierteam-FinFlink/target/test-classes
13:27:33.250 [INFO]   [Checking]    deserializing line [DIFFBLUE]{"__type":"com.diffblue.cover.buildsystem.model.DefaultEventMessage","project":"Infinitech-FinFlink:Infinitech-FinFlink","goal":"testCompile","cause":null,"state":"SUCCESS"}
13:27:33.254 [INFO]   [Checking]    deserializing line [DIFFBLUE]{"__type":"com.diffblue.cover.buildsystem.model.DefaultEventMessage","project":"Infinitech-FinFlink:Infinitech-FinFlink","goal":"test","cause":null,"state":"STARTED"}
13:27:33.257 [INFO]   [Checking]    out: [INFO] 
13:27:33.257 [INFO]   [Checking]    out: [INFO] --- surefire:3.2.5:test (default-test) @ Infinitech-FinFlink ---
13:27:33.380 [INFO]   [Checking]    out: [INFO] Using auto detected provider org.apache.maven.surefire.junitplatform.JUnitPlatformProvider
13:27:33.408 [INFO]   [Checking]    out: [INFO] 
13:27:33.408 [INFO]   [Checking]    out: [INFO] -------------------------------------------------------
13:27:33.408 [INFO]   [Checking]    out: [INFO]  T E S T S
13:27:33.408 [INFO]   [Checking]    out: [INFO] -------------------------------------------------------
13:27:33.805 [INFO]   [Checking]    out: [INFO] Running DummyJupiterDiffblueTest
13:27:33.840 [INFO]   [Checking]    out: [INFO] Tests run: 1, Failures: 0, Errors: 0, Skipped: 0, Time elapsed: 0.025 s -- in DummyJupiterDiffblueTest
13:27:33.855 [INFO]   [Checking]    out: [INFO] 
13:27:33.855 [INFO]   [Checking]    out: [INFO] Results:
13:27:33.855 [INFO]   [Checking]    out: [INFO] 
13:27:33.855 [INFO]   [Checking]    out: [INFO] Tests run: 1, Failures: 0, Errors: 0, Skipped: 0
13:27:33.855 [INFO]   [Checking]    out: [INFO] 
13:27:33.858 [INFO]   [Checking]    deserializing line [DIFFBLUE]{"__type":"com.diffblue.cover.buildsystem.model.DefaultEventMessage","project":"Infinitech-FinFlink:Infinitech-FinFlink","goal":"test","cause":null,"state":"SUCCESS"}
13:27:33.880 [INFO]   [Checking]    deserializing line [DIFFBLUE]{"__type":"com.diffblue.cover.buildsystem.model.DefaultProjectModuleMessage","project":{"__type":"DefaultProjectModule","junitReport":["/home/jbergqvist/diffblue/terrierteam-FinFlink/target/surefire-reports"],"jacocoReport":["/home/jbergqvist/diffblue/terrierteam-FinFlink/target/site/jacoco/jacoco.xml"],"jacocoDestFile":["/home/jbergqvist/diffblue/terrierteam-FinFlink/target/jacoco.exec"],"jacocoFormats":["xml"],"jacocoSkipped":false,"classpath":["/home/jbergqvist/diffblue/terrierteam-FinFlink/target/classes","/home/jbergqvist/.m2/repository/org/apache/flink/flink-streaming-java_2.12/1.14.4/flink-streaming-java_2.12-1.14.4.jar","/home/jbergqvist/.m2/repository/org/apache/flink/flink-core/1.14.4/flink-core-1.14.4.jar","/home/jbergqvist/.m2/repository/org/apache/flink/flink-annotations/1.14.4/flink-annotations-1.14.4.jar","/home/jbergqvist/.m2/repository/org/apache/flink/flink-metrics-core/1.14.4/flink-metrics-core-1.14.4.jar","/home/jbergqvist/.m2/repository/org/apache/flink/flink-shaded-asm-7/7.1-14.0/flink-shaded-asm-7-7.1-14.0.jar","/home/jbergqvist/.m2/repository/org/apache/commons/commons-lang3/3.3.2/commons-lang3-3.3.2.jar","/home/jbergqvist/.m2/repository/com/esotericsoftware/kryo/kryo/2.24.0/kryo-2.24.0.jar","/home/jbergqvist/.m2/repository/com/esotericsoftware/minlog/minlog/1.2/minlog-1.2.jar","/home/jbergqvist/.m2/repository/commons-collections/commons-collections/3.2.2/commons-collections-3.2.2.jar","/home/jbergqvist/.m2/repository/org/apache/commons/commons-compress/1.21/commons-compress-1.21.jar","/home/jbergqvist/.m2/repository/org/apache/flink/flink-file-sink-common/1.14.4/flink-file-sink-common-1.14.4.jar","/home/jbergqvist/.m2/repository/org/apache/flink/flink-runtime/1.14.4/flink-runtime-1.14.4.jar","/home/jbergqvist/.m2/repository/org/apache/flink/flink-rpc-core/1.14.4/flink-rpc-core-1.14.4.jar","/home/jbergqvist/.m2/repository/org/apache/flink/flink-rpc-akka-loader/1.14.4/flink-rpc-akka-loader-1.14.4.jar","/home/jbergqvist/.m2/repository/org/apache/flink/flink-queryable-state-client-java/1.14.4/flink-queryable-state-client-java-1.14.4.jar","/home/jbergqvist/.m2/repository/org/apache/flink/flink-hadoop-fs/1.14.4/flink-hadoop-fs-1.14.4.jar","/home/jbergqvist/.m2/repository/commons-io/commons-io/2.8.0/commons-io-2.8.0.jar","/home/jbergqvist/.m2/repository/org/apache/flink/flink-shaded-netty/4.1.65.Final-14.0/flink-shaded-netty-4.1.65.Final-14.0.jar","/home/jbergqvist/.m2/repository/org/apache/flink/flink-shaded-jackson/2.12.4-14.0/flink-shaded-jackson-2.12.4-14.0.jar","/home/jbergqvist/.m2/repository/org/apache/flink/flink-shaded-zookeeper-3/3.4.14-14.0/flink-shaded-zookeeper-3-3.4.14-14.0.jar","/home/jbergqvist/.m2/repository/org/javassist/javassist/3.24.0-GA/javassist-3.24.0-GA.jar","/home/jbergqvist/.m2/repository/org/xerial/snappy/snappy-java/1.1.8.3/snappy-java-1.1.8.3.jar","/home/jbergqvist/.m2/repository/org/lz4/lz4-java/1.8.0/lz4-java-1.8.0.jar","/home/jbergqvist/.m2/repository/org/apache/flink/flink-scala_2.12/1.14.4/flink-scala_2.12-1.14.4.jar","/home/jbergqvist/.m2/repository/org/scala-lang/scala-reflect/2.12.7/scala-reflect-2.12.7.jar","/home/jbergqvist/.m2/repository/org/scala-lang/scala-library/2.12.7/scala-library-2.12.7.jar","/home/jbergqvist/.m2/repository/org/scala-lang/scala-compiler/2.12.7/scala-compiler-2.12.7.jar","/home/jbergqvist/.m2/repository/org/scala-lang/modules/scala-xml_2.12/1.0.6/scala-xml_2.12-1.0.6.jar","/home/jbergqvist/.m2/repository/com/twitter/chill_2.12/0.7.6/chill_2.12-0.7.6.jar","/home/jbergqvist/.m2/repository/com/twitter/chill-java/0.7.6/chill-java-0.7.6.jar","/home/jbergqvist/.m2/repository/org/apache/flink/flink-java/1.14.4/flink-java-1.14.4.jar","/home/jbergqvist/.m2/repository/org/apache/flink/flink-shaded-guava/30.1.1-jre-14.0/flink-shaded-guava-30.1.1-jre-14.0.jar","/home/jbergqvist/.m2/repository/org/apache/commons/commons-math3/3.5/commons-math3-3.5.jar","/home/jbergqvist/.m2/repository/org/slf4j/slf4j-api/1.7.15/slf4j-api-1.7.15.jar","/home/jbergqvist/.m2/repository/com/google/code/findbugs/jsr305/1.3.9/jsr305-1.3.9.jar","/home/jbergqvist/.m2/repository/org/apache/flink/flink-shaded-force-shading/14.0/flink-shaded-force-shading-14.0.jar","/home/jbergqvist/.m2/repository/org/junit/jupiter/junit-jupiter-engine/5.13.4/junit-jupiter-engine-5.13.4.jar","/home/jbergqvist/.m2/repository/org/junit/platform/junit-platform-engine/1.13.4/junit-platform-engine-1.13.4.jar","/home/jbergqvist/.m2/repository/org/opentest4j/opentest4j/1.3.0/opentest4j-1.3.0.jar","/home/jbergqvist/.m2/repository/org/junit/platform/junit-platform-commons/1.13.4/junit-platform-commons-1.13.4.jar","/home/jbergqvist/.m2/repository/org/junit/jupiter/junit-jupiter-api/5.13.4/junit-jupiter-api-5.13.4.jar","/home/jbergqvist/.m2/repository/org/apiguardian/apiguardian-api/1.1.2/apiguardian-api-1.1.2.jar","/home/jbergqvist/.m2/repository/org/mockito/mockito-core/5.20.0/mockito-core-5.20.0.jar","/home/jbergqvist/.m2/repository/net/bytebuddy/byte-buddy/1.17.7/byte-buddy-1.17.7.jar","/home/jbergqvist/.m2/repository/net/bytebuddy/byte-buddy-agent/1.17.7/byte-buddy-agent-1.17.7.jar","/home/jbergqvist/.m2/repository/org/objenesis/objenesis/3.3/objenesis-3.3.jar","/home/jbergqvist/.m2/repository/org/mockito/mockito-junit-jupiter/5.20.0/mockito-junit-jupiter-5.20.0.jar","/home/jbergqvist/.m2/repository/org/apache/flink/flink-clients_2.12/1.14.4/flink-clients_2.12-1.14.4.jar","/home/jbergqvist/.m2/repository/org/apache/flink/flink-optimizer/1.14.4/flink-optimizer-1.14.4.jar","/home/jbergqvist/.m2/repository/commons-cli/commons-cli/1.3.1/commons-cli-1.3.1.jar","/home/jbergqvist/.m2/repository/org/apache/flink/flink-connector-kafka_2.11/1.14.4/flink-connector-kafka_2.11-1.14.4.jar","/home/jbergqvist/.m2/repository/org/apache/flink/flink-connector-base/1.14.4/flink-connector-base-1.14.4.jar","/home/jbergqvist/.m2/repository/org/apache/kafka/kafka-clients/2.4.1/kafka-clients-2.4.1.jar","/home/jbergqvist/.m2/repository/com/github/luben/zstd-jni/1.4.3-1/zstd-jni-1.4.3-1.jar","/home/jbergqvist/.m2/repository/com/google/guava/guava/31.1-jre/guava-31.1-jre.jar","/home/jbergqvist/.m2/repository/com/google/guava/failureaccess/1.0.1/failureaccess-1.0.1.jar","/home/jbergqvist/.m2/repository/com/google/guava/listenablefuture/9999.0-empty-to-avoid-conflict-with-guava/listenablefuture-9999.0-empty-to-avoid-conflict-with-guava.jar","/home/jbergqvist/.m2/repository/org/checkerframework/checker-qual/3.12.0/checker-qual-3.12.0.jar","/home/jbergqvist/.m2/repository/com/google/errorprone/error_prone_annotations/2.11.0/error_prone_annotations-2.11.0.jar","/home/jbergqvist/.m2/repository/com/google/j2objc/j2objc-annotations/1.3/j2objc-annotations-1.3.jar","/home/jbergqvist/.m2/repository/org/questdb/questdb/6.4.3/questdb-6.4.3.jar","/home/jbergqvist/.m2/repository/com/diffblue/cover/cover-annotations/1.8.0/cover-annotations-1.8.0.jar"],"complianceLevel":"11","productionSources":["/home/jbergqvist/diffblue/terrierteam-FinFlink/src/main/java"],"testSources":["/home/jbergqvist/diffblue/terrierteam-FinFlink/src/test/java"],"productionClasses":"/home/jbergqvist/diffblue/terrierteam-FinFlink/target/classes","testClasses":"/home/jbergqvist/diffblue/terrierteam-FinFlink/target/test-classes","sourceToBuildPathMap":null,"testSourceToBuildPathMap":null,"buildDirectory":"/home/jbergqvist/diffblue/terrierteam-FinFlink/target","plugins":[{"__type":"DefaultPlugin","groupId":"org.apache.maven.plugins","artefactId":"maven-compiler-plugin","version":"3.8.1","pluginClassName":null},{"__type":"DefaultPlugin","groupId":"org.apache.maven.plugins","artefactId":"maven-shade-plugin","version":"3.1.1","pluginClassName":null},{"__type":"DefaultPlugin","groupId":"org.apache.maven.plugins","artefactId":"maven-clean-plugin","version":"3.2.0","pluginClassName":null},{"__type":"DefaultPlugin","groupId":"org.apache.maven.plugins","artefactId":"maven-resources-plugin","version":"3.3.1","pluginClassName":null},{"__type":"DefaultPlugin","groupId":"org.apache.maven.plugins","artefactId":"maven-jar-plugin","version":"3.4.1","pluginClassName":null},{"__type":"DefaultPlugin","groupId":"org.apache.maven.plugins","artefactId":"maven-surefire-plugin","version":"3.2.5","pluginClassName":null},{"__type":"DefaultPlugin","groupId":"org.apache.maven.plugins","artefactId":"maven-install-plugin","version":"3.1.2","pluginClassName":null},{"__type":"DefaultPlugin","groupId":"org.apache.maven.plugins","artefactId":"maven-deploy-plugin","version":"3.1.2","pluginClassName":null},{"__type":"DefaultPlugin","groupId":"org.apache.maven.plugins","artefactId":"maven-site-plugin","version":"3.12.1","pluginClassName":null}],"version":"3.9.12","encoding":null,"name":"maven","subModules":[],"simpleModuleName":null,"parentModuleName":null,"location":"/home/jbergqvist/diffblue/terrierteam-FinFlink","fullModuleName":"Infinitech-FinFlink:Infinitech-FinFlink"}}
13:27:33.886 [INFO]   [Checking]    out: [INFO] ------------------------------------------------------------------------
13:27:33.886 [INFO]   [Checking]    out: [INFO] BUILD SUCCESS
13:27:33.886 [INFO]   [Checking]    out: [INFO] ------------------------------------------------------------------------
13:27:33.886 [INFO]   [Checking]    out: [INFO] Total time:  1.740 s
13:27:33.886 [INFO]   [Checking]    out: [INFO] Finished at: 2026-01-12T13:27:33Z
13:27:33.886 [INFO]   [Checking]    out: [INFO] ------------------------------------------------------------------------
13:27:33.886 [INFO]   [Checking]    deserializing line [DIFFBLUE]{"__type":"com.diffblue.cover.buildsystem.model.ProjectInfoMessage","projectName":"Infinitech-FinFlink:Infinitech-FinFlink","productionSources":["/home/jbergqvist/diffblue/terrierteam-FinFlink/src/main/java","/home/jbergqvist/diffblue/terrierteam-FinFlink/target/generated-sources/annotations"],"testSources":["/home/jbergqvist/diffblue/terrierteam-FinFlink/src/test/java","/home/jbergqvist/diffblue/terrierteam-FinFlink/target/generated-test-sources/test-annotations"],"location":"/home/jbergqvist/diffblue/terrierteam-FinFlink"}
13:27:33.910 [INFO]   [Checking]    maven:err process not stopped, joining thread
13:27:33.910 [INFO]   [Checking]    maven:out process not stopped, joining thread
13:27:33.925 [INFO]   [Checking]    Selected test framework: JUnit Jupiter API
13:27:33.943 [INFO]   [Checking]    Detected Mockito JUnit Jupiter version 5.20.0
13:27:34.050 [INFO]   [Checking]    Using default build rules as no custom rules found in any of [/home/jbergqvist/diffblue/terrierteam-FinFlink]
13:27:34.050 [INFO]   [Checking]    Attempting to invoke mvnw in working directory: /home/jbergqvist/diffblue/terrierteam-FinFlink
13:27:34.051 [INFO]   [Checking]    Attempting to invoke /home/jbergqvist/.sdkman/candidates/maven/current/bin/mvn in working directory: /home/jbergqvist/diffblue/terrierteam-FinFlink
13:27:34.051 [INFO]   [Checking]    Started "/home/jbergqvist/.sdkman/candidates/maven/current/bin/mvn -Dmaven.ext.class.path=/opt/cover/cover-buildsystem-maven-spy-jar-with-dependencies.jar -Dcom.diffblue.cover.skipTests=true -DskipTestOptimizer --batch-mode --projects=Infinitech-FinFlink:Infinitech-FinFlink --global-settings=/home/jbergqvist/.sdkman/candidates/maven/current/conf/settings.xml test -DfailIfNoTests=false -Dsurefire.failIfNoSpecifiedTests=false -Dmaven.test.failure.ignore=True -Dtest=DummyJUnitJupiterLauncherDiffblueTest13024715164199467081"
13:27:34.830 [INFO]   [Checking]    out: [INFO] Scanning for projects...
13:27:34.871 [INFO]   [Checking]    out: [INFO] 
13:27:34.871 [INFO]   [Checking]    out: [INFO] --------------< Infinitech-FinFlink:Infinitech-FinFlink >---------------
13:27:34.871 [INFO]   [Checking]    out: [INFO] Building Infinitech-FinFlink 0.6
13:27:34.871 [INFO]   [Checking]    out: [INFO]   from pom.xml
13:27:34.871 [INFO]   [Checking]    out: [INFO] --------------------------------[ jar ]---------------------------------
13:27:35.241 [INFO]   [Checking]    deserializing line [DIFFBLUE]{"__type":"com.diffblue.cover.buildsystem.model.DefaultEventMessage","project":"Infinitech-FinFlink:Infinitech-FinFlink","goal":"resources","cause":null,"state":"STARTED"}
13:27:35.242 [INFO]   [Checking]    out: [INFO] 
13:27:35.243 [INFO]   [Checking]    out: [INFO] --- resources:3.3.1:resources (default-resources) @ Infinitech-FinFlink ---
13:27:35.316 [INFO]   [Checking]    out: [WARNING] Using platform encoding (UTF-8 actually) to copy filtered resources, i.e. build is platform dependent!
13:27:35.316 [INFO]   [Checking]    out: [INFO] skip non existing resourceDirectory /home/jbergqvist/diffblue/terrierteam-FinFlink/resources
13:27:35.317 [INFO]   [Checking]    deserializing line [DIFFBLUE]{"__type":"com.diffblue.cover.buildsystem.model.DefaultEventMessage","project":"Infinitech-FinFlink:Infinitech-FinFlink","goal":"resources","cause":null,"state":"SUCCESS"}
13:27:35.319 [INFO]   [Checking]    deserializing line [DIFFBLUE]{"__type":"com.diffblue.cover.buildsystem.model.DefaultEventMessage","project":"Infinitech-FinFlink:Infinitech-FinFlink","goal":"compile","cause":null,"state":"STARTED"}
13:27:35.320 [INFO]   [Checking]    out: [INFO] 
13:27:35.321 [INFO]   [Checking]    out: [INFO] --- compiler:3.8.1:compile (default-compile) @ Infinitech-FinFlink ---
13:27:35.477 [INFO]   [Checking]    out: [INFO] Nothing to compile - all classes are up to date
13:27:35.479 [INFO]   [Checking]    deserializing line [DIFFBLUE]{"__type":"com.diffblue.cover.buildsystem.model.DefaultEventMessage","project":"Infinitech-FinFlink:Infinitech-FinFlink","goal":"compile","cause":null,"state":"SUCCESS"}
13:27:35.481 [INFO]   [Checking]    deserializing line [DIFFBLUE]{"__type":"com.diffblue.cover.buildsystem.model.DefaultEventMessage","project":"Infinitech-FinFlink:Infinitech-FinFlink","goal":"testResources","cause":null,"state":"STARTED"}
13:27:35.482 [INFO]   [Checking]    out: [INFO] 
13:27:35.483 [INFO]   [Checking]    out: [INFO] --- resources:3.3.1:testResources (default-testResources) @ Infinitech-FinFlink ---
13:27:35.483 [INFO]   [Checking]    out: [WARNING] Using platform encoding (UTF-8 actually) to copy filtered resources, i.e. build is platform dependent!
13:27:35.483 [INFO]   [Checking]    out: [INFO] skip non existing resourceDirectory /home/jbergqvist/diffblue/terrierteam-FinFlink/src/test/resources
13:27:35.485 [INFO]   [Checking]    deserializing line [DIFFBLUE]{"__type":"com.diffblue.cover.buildsystem.model.DefaultEventMessage","project":"Infinitech-FinFlink:Infinitech-FinFlink","goal":"testResources","cause":null,"state":"SUCCESS"}
13:27:35.487 [INFO]   [Checking]    deserializing line [DIFFBLUE]{"__type":"com.diffblue.cover.buildsystem.model.DefaultEventMessage","project":"Infinitech-FinFlink:Infinitech-FinFlink","goal":"testCompile","cause":null,"state":"STARTED"}
13:27:35.489 [INFO]   [Checking]    out: [INFO] 
13:27:35.489 [INFO]   [Checking]    out: [INFO] --- compiler:3.8.1:testCompile (default-testCompile) @ Infinitech-FinFlink ---
13:27:35.491 [INFO]   [Checking]    out: [INFO] Changes detected - recompiling the module!
13:27:35.492 [INFO]   [Checking]    out: [WARNING] File encoding has not been set, using platform encoding UTF-8, i.e. build is platform dependent!
13:27:35.493 [INFO]   [Checking]    out: [INFO] Compiling 1 source file to /home/jbergqvist/diffblue/terrierteam-FinFlink/target/test-classes
13:27:35.946 [INFO]   [Checking]    deserializing line [DIFFBLUE]{"__type":"com.diffblue.cover.buildsystem.model.DefaultEventMessage","project":"Infinitech-FinFlink:Infinitech-FinFlink","goal":"testCompile","cause":null,"state":"SUCCESS"}
13:27:35.948 [INFO]   [Checking]    deserializing line [DIFFBLUE]{"__type":"com.diffblue.cover.buildsystem.model.DefaultEventMessage","project":"Infinitech-FinFlink:Infinitech-FinFlink","goal":"test","cause":null,"state":"STARTED"}
13:27:35.950 [INFO]   [Checking]    out: [INFO] 
13:27:35.950 [INFO]   [Checking]    out: [INFO] --- surefire:3.2.5:test (default-test) @ Infinitech-FinFlink ---
13:27:36.068 [INFO]   [Checking]    out: [INFO] Using auto detected provider org.apache.maven.surefire.junitplatform.JUnitPlatformProvider
13:27:36.096 [INFO]   [Checking]    out: [INFO] 
13:27:36.096 [INFO]   [Checking]    out: [INFO] -------------------------------------------------------
13:27:36.096 [INFO]   [Checking]    out: [INFO]  T E S T S
13:27:36.096 [INFO]   [Checking]    out: [INFO] -------------------------------------------------------
13:27:36.493 [INFO]   [Checking]    out: [INFO] Running DummyJUnitJupiterLauncherDiffblueTest13024715164199467081
13:27:36.529 [INFO]   [Checking]    out: [INFO] Tests run: 1, Failures: 0, Errors: 0, Skipped: 0, Time elapsed: 0.025 s -- in DummyJUnitJupiterLauncherDiffblueTest13024715164199467081
13:27:36.538 [INFO]   [Checking]    out: [INFO] 
13:27:36.539 [INFO]   [Checking]    out: [INFO] Results:
13:27:36.539 [INFO]   [Checking]    out: [INFO] 
13:27:36.539 [INFO]   [Checking]    out: [INFO] Tests run: 1, Failures: 0, Errors: 0, Skipped: 0
13:27:36.539 [INFO]   [Checking]    out: [INFO] 
13:27:36.542 [INFO]   [Checking]    deserializing line [DIFFBLUE]{"__type":"com.diffblue.cover.buildsystem.model.DefaultEventMessage","project":"Infinitech-FinFlink:Infinitech-FinFlink","goal":"test","cause":null,"state":"SUCCESS"}
13:27:36.563 [INFO]   [Checking]    deserializing line [DIFFBLUE]{"__type":"com.diffblue.cover.buildsystem.model.DefaultProjectModuleMessage","project":{"__type":"DefaultProjectModule","junitReport":["/home/jbergqvist/diffblue/terrierteam-FinFlink/target/surefire-reports"],"jacocoReport":["/home/jbergqvist/diffblue/terrierteam-FinFlink/target/site/jacoco/jacoco.xml"],"jacocoDestFile":["/home/jbergqvist/diffblue/terrierteam-FinFlink/target/jacoco.exec"],"jacocoFormats":["xml"],"jacocoSkipped":false,"classpath":["/home/jbergqvist/diffblue/terrierteam-FinFlink/target/classes","/home/jbergqvist/.m2/repository/org/apache/flink/flink-streaming-java_2.12/1.14.4/flink-streaming-java_2.12-1.14.4.jar","/home/jbergqvist/.m2/repository/org/apache/flink/flink-core/1.14.4/flink-core-1.14.4.jar","/home/jbergqvist/.m2/repository/org/apache/flink/flink-annotations/1.14.4/flink-annotations-1.14.4.jar","/home/jbergqvist/.m2/repository/org/apache/flink/flink-metrics-core/1.14.4/flink-metrics-core-1.14.4.jar","/home/jbergqvist/.m2/repository/org/apache/flink/flink-shaded-asm-7/7.1-14.0/flink-shaded-asm-7-7.1-14.0.jar","/home/jbergqvist/.m2/repository/org/apache/commons/commons-lang3/3.3.2/commons-lang3-3.3.2.jar","/home/jbergqvist/.m2/repository/com/esotericsoftware/kryo/kryo/2.24.0/kryo-2.24.0.jar","/home/jbergqvist/.m2/repository/com/esotericsoftware/minlog/minlog/1.2/minlog-1.2.jar","/home/jbergqvist/.m2/repository/commons-collections/commons-collections/3.2.2/commons-collections-3.2.2.jar","/home/jbergqvist/.m2/repository/org/apache/commons/commons-compress/1.21/commons-compress-1.21.jar","/home/jbergqvist/.m2/repository/org/apache/flink/flink-file-sink-common/1.14.4/flink-file-sink-common-1.14.4.jar","/home/jbergqvist/.m2/repository/org/apache/flink/flink-runtime/1.14.4/flink-runtime-1.14.4.jar","/home/jbergqvist/.m2/repository/org/apache/flink/flink-rpc-core/1.14.4/flink-rpc-core-1.14.4.jar","/home/jbergqvist/.m2/repository/org/apache/flink/flink-rpc-akka-loader/1.14.4/flink-rpc-akka-loader-1.14.4.jar","/home/jbergqvist/.m2/repository/org/apache/flink/flink-queryable-state-client-java/1.14.4/flink-queryable-state-client-java-1.14.4.jar","/home/jbergqvist/.m2/repository/org/apache/flink/flink-hadoop-fs/1.14.4/flink-hadoop-fs-1.14.4.jar","/home/jbergqvist/.m2/repository/commons-io/commons-io/2.8.0/commons-io-2.8.0.jar","/home/jbergqvist/.m2/repository/org/apache/flink/flink-shaded-netty/4.1.65.Final-14.0/flink-shaded-netty-4.1.65.Final-14.0.jar","/home/jbergqvist/.m2/repository/org/apache/flink/flink-shaded-jackson/2.12.4-14.0/flink-shaded-jackson-2.12.4-14.0.jar","/home/jbergqvist/.m2/repository/org/apache/flink/flink-shaded-zookeeper-3/3.4.14-14.0/flink-shaded-zookeeper-3-3.4.14-14.0.jar","/home/jbergqvist/.m2/repository/org/javassist/javassist/3.24.0-GA/javassist-3.24.0-GA.jar","/home/jbergqvist/.m2/repository/org/xerial/snappy/snappy-java/1.1.8.3/snappy-java-1.1.8.3.jar","/home/jbergqvist/.m2/repository/org/lz4/lz4-java/1.8.0/lz4-java-1.8.0.jar","/home/jbergqvist/.m2/repository/org/apache/flink/flink-scala_2.12/1.14.4/flink-scala_2.12-1.14.4.jar","/home/jbergqvist/.m2/repository/org/scala-lang/scala-reflect/2.12.7/scala-reflect-2.12.7.jar","/home/jbergqvist/.m2/repository/org/scala-lang/scala-library/2.12.7/scala-library-2.12.7.jar","/home/jbergqvist/.m2/repository/org/scala-lang/scala-compiler/2.12.7/scala-compiler-2.12.7.jar","/home/jbergqvist/.m2/repository/org/scala-lang/modules/scala-xml_2.12/1.0.6/scala-xml_2.12-1.0.6.jar","/home/jbergqvist/.m2/repository/com/twitter/chill_2.12/0.7.6/chill_2.12-0.7.6.jar","/home/jbergqvist/.m2/repository/com/twitter/chill-java/0.7.6/chill-java-0.7.6.jar","/home/jbergqvist/.m2/repository/org/apache/flink/flink-java/1.14.4/flink-java-1.14.4.jar","/home/jbergqvist/.m2/repository/org/apache/flink/flink-shaded-guava/30.1.1-jre-14.0/flink-shaded-guava-30.1.1-jre-14.0.jar","/home/jbergqvist/.m2/repository/org/apache/commons/commons-math3/3.5/commons-math3-3.5.jar","/home/jbergqvist/.m2/repository/org/slf4j/slf4j-api/1.7.15/slf4j-api-1.7.15.jar","/home/jbergqvist/.m2/repository/com/google/code/findbugs/jsr305/1.3.9/jsr305-1.3.9.jar","/home/jbergqvist/.m2/repository/org/apache/flink/flink-shaded-force-shading/14.0/flink-shaded-force-shading-14.0.jar","/home/jbergqvist/.m2/repository/org/junit/jupiter/junit-jupiter-engine/5.13.4/junit-jupiter-engine-5.13.4.jar","/home/jbergqvist/.m2/repository/org/junit/platform/junit-platform-engine/1.13.4/junit-platform-engine-1.13.4.jar","/home/jbergqvist/.m2/repository/org/opentest4j/opentest4j/1.3.0/opentest4j-1.3.0.jar","/home/jbergqvist/.m2/repository/org/junit/platform/junit-platform-commons/1.13.4/junit-platform-commons-1.13.4.jar","/home/jbergqvist/.m2/repository/org/junit/jupiter/junit-jupiter-api/5.13.4/junit-jupiter-api-5.13.4.jar","/home/jbergqvist/.m2/repository/org/apiguardian/apiguardian-api/1.1.2/apiguardian-api-1.1.2.jar","/home/jbergqvist/.m2/repository/org/mockito/mockito-core/5.20.0/mockito-core-5.20.0.jar","/home/jbergqvist/.m2/repository/net/bytebuddy/byte-buddy/1.17.7/byte-buddy-1.17.7.jar","/home/jbergqvist/.m2/repository/net/bytebuddy/byte-buddy-agent/1.17.7/byte-buddy-agent-1.17.7.jar","/home/jbergqvist/.m2/repository/org/objenesis/objenesis/3.3/objenesis-3.3.jar","/home/jbergqvist/.m2/repository/org/mockito/mockito-junit-jupiter/5.20.0/mockito-junit-jupiter-5.20.0.jar","/home/jbergqvist/.m2/repository/org/apache/flink/flink-clients_2.12/1.14.4/flink-clients_2.12-1.14.4.jar","/home/jbergqvist/.m2/repository/org/apache/flink/flink-optimizer/1.14.4/flink-optimizer-1.14.4.jar","/home/jbergqvist/.m2/repository/commons-cli/commons-cli/1.3.1/commons-cli-1.3.1.jar","/home/jbergqvist/.m2/repository/org/apache/flink/flink-connector-kafka_2.11/1.14.4/flink-connector-kafka_2.11-1.14.4.jar","/home/jbergqvist/.m2/repository/org/apache/flink/flink-connector-base/1.14.4/flink-connector-base-1.14.4.jar","/home/jbergqvist/.m2/repository/org/apache/kafka/kafka-clients/2.4.1/kafka-clients-2.4.1.jar","/home/jbergqvist/.m2/repository/com/github/luben/zstd-jni/1.4.3-1/zstd-jni-1.4.3-1.jar","/home/jbergqvist/.m2/repository/com/google/guava/guava/31.1-jre/guava-31.1-jre.jar","/home/jbergqvist/.m2/repository/com/google/guava/failureaccess/1.0.1/failureaccess-1.0.1.jar","/home/jbergqvist/.m2/repository/com/google/guava/listenablefuture/9999.0-empty-to-avoid-conflict-with-guava/listenablefuture-9999.0-empty-to-avoid-conflict-with-guava.jar","/home/jbergqvist/.m2/repository/org/checkerframework/checker-qual/3.12.0/checker-qual-3.12.0.jar","/home/jbergqvist/.m2/repository/com/google/errorprone/error_prone_annotations/2.11.0/error_prone_annotations-2.11.0.jar","/home/jbergqvist/.m2/repository/com/google/j2objc/j2objc-annotations/1.3/j2objc-annotations-1.3.jar","/home/jbergqvist/.m2/repository/org/questdb/questdb/6.4.3/questdb-6.4.3.jar","/home/jbergqvist/.m2/repository/com/diffblue/cover/cover-annotations/1.8.0/cover-annotations-1.8.0.jar"],"complianceLevel":"11","productionSources":["/home/jbergqvist/diffblue/terrierteam-FinFlink/src/main/java"],"testSources":["/home/jbergqvist/diffblue/terrierteam-FinFlink/src/test/java"],"productionClasses":"/home/jbergqvist/diffblue/terrierteam-FinFlink/target/classes","testClasses":"/home/jbergqvist/diffblue/terrierteam-FinFlink/target/test-classes","sourceToBuildPathMap":null,"testSourceToBuildPathMap":null,"buildDirectory":"/home/jbergqvist/diffblue/terrierteam-FinFlink/target","plugins":[{"__type":"DefaultPlugin","groupId":"org.apache.maven.plugins","artefactId":"maven-compiler-plugin","version":"3.8.1","pluginClassName":null},{"__type":"DefaultPlugin","groupId":"org.apache.maven.plugins","artefactId":"maven-shade-plugin","version":"3.1.1","pluginClassName":null},{"__type":"DefaultPlugin","groupId":"org.apache.maven.plugins","artefactId":"maven-clean-plugin","version":"3.2.0","pluginClassName":null},{"__type":"DefaultPlugin","groupId":"org.apache.maven.plugins","artefactId":"maven-resources-plugin","version":"3.3.1","pluginClassName":null},{"__type":"DefaultPlugin","groupId":"org.apache.maven.plugins","artefactId":"maven-jar-plugin","version":"3.4.1","pluginClassName":null},{"__type":"DefaultPlugin","groupId":"org.apache.maven.plugins","artefactId":"maven-surefire-plugin","version":"3.2.5","pluginClassName":null},{"__type":"DefaultPlugin","groupId":"org.apache.maven.plugins","artefactId":"maven-install-plugin","version":"3.1.2","pluginClassName":null},{"__type":"DefaultPlugin","groupId":"org.apache.maven.plugins","artefactId":"maven-deploy-plugin","version":"3.1.2","pluginClassName":null},{"__type":"DefaultPlugin","groupId":"org.apache.maven.plugins","artefactId":"maven-site-plugin","version":"3.12.1","pluginClassName":null}],"version":"3.9.12","encoding":null,"name":"maven","subModules":[],"simpleModuleName":null,"parentModuleName":null,"location":"/home/jbergqvist/diffblue/terrierteam-FinFlink","fullModuleName":"Infinitech-FinFlink:Infinitech-FinFlink"}}
13:27:36.568 [INFO]   [Checking]    out: [INFO] ------------------------------------------------------------------------
13:27:36.568 [INFO]   [Checking]    out: [INFO] BUILD SUCCESS
13:27:36.568 [INFO]   [Checking]    out: [INFO] ------------------------------------------------------------------------
13:27:36.568 [INFO]   [Checking]    out: [INFO] Total time:  1.748 s
13:27:36.568 [INFO]   [Checking]    out: [INFO] Finished at: 2026-01-12T13:27:36Z
13:27:36.568 [INFO]   [Checking]    out: [INFO] ------------------------------------------------------------------------
13:27:36.568 [INFO]   [Checking]    deserializing line [DIFFBLUE]{"__type":"com.diffblue.cover.buildsystem.model.ProjectInfoMessage","projectName":"Infinitech-FinFlink:Infinitech-FinFlink","productionSources":["/home/jbergqvist/diffblue/terrierteam-FinFlink/src/main/java","/home/jbergqvist/diffblue/terrierteam-FinFlink/target/generated-sources/annotations"],"testSources":["/home/jbergqvist/diffblue/terrierteam-FinFlink/src/test/java","/home/jbergqvist/diffblue/terrierteam-FinFlink/target/generated-test-sources/test-annotations"],"location":"/home/jbergqvist/diffblue/terrierteam-FinFlink"}
13:27:36.593 [INFO]   [Checking]    maven:err process not stopped, joining thread
13:27:36.593 [INFO]   [Checking]    maven:out process not stopped, joining thread
13:27:36.812 [INFO]   [Checking]    Detected JVM architecture: 64-Bit
13:27:36.882 [INFO]   [Checking]    Detected Cover Annotations version 1.8.0
13:27:36.980 [INFO]   [Checking]    Selected Java language compliance level: 11
13:27:36.981 [INFO]   [Checking]    Selected test validation: enabled
13:27:37.352 [INFO]   [Checking]    Prefixes for filtering classes/methods:
13:27:37.365 [INFO]   [Checking]    - eu.infinitech.finflink.apps
13:27:37.366 [INFO]   [Checking]    - eu.infinitech.finflink.keys
13:27:37.367 [INFO]   [Checking]    - eu.infinitech.finflink.sinks
13:27:37.367 [INFO]   [Checking]    - eu.infinitech.finflink.structures
13:27:37.368 [INFO]   [Checking]    - eu.infinitech.finflink.time
13:27:37.369 [INFO]   [Checking]    - eu.infinitech.finflink.transformations.data
13:27:37.370 [INFO]   [Checking]    - eu.infinitech.finflink.transformations.technicalIndicators
13:27:37.371 [INFO]   [Checking]    - eu.infinitech.finflink.util
13:27:37.372 [INFO]   [Checking]    Gathering methods to test...
13:27:39.546 [WARN]   [Checking]    E199: Libraries with limited support found
Libraries are on the classpath that have only limited support by
Diffblue Cover:
- Apache Flink 1.14.4
For code that uses these libraries fewer or lower quality tests may be written.
13:27:39.581 [INFO]   [Reporting]   
13:27:39.582 [INFO]   [Reporting]   Environment summary for module: Infinitech-FinFlink:Infinitech-FinFlink
13:27:39.582 [INFO]   [Reporting]   -----------------------------------------------------------------------
13:27:39.582 [INFO]   [Reporting]   Java version                   11.0.29                       SUCCESS        
13:27:39.582 [INFO]   [Reporting]   Build system                   Maven                         SUCCESS        
13:27:39.582 [INFO]   [Reporting]   Mocking Framework              Mockito Core 5.20.0           SUCCESS        
13:27:39.582 [INFO]   [Reporting]   Surefire version               3.2.5                         SUCCESS        
13:27:39.582 [INFO]   [Reporting]   Testing framework              JUnit Jupiter                 SUCCESS        
13:27:39.582 [INFO]   [Reporting]   Mockito JUnit Jupiter version  5.20.0                        SUCCESS        
13:27:39.582 [INFO]   [Reporting]   JavaEE version                 Skipped                       -----          
13:27:39.582 [INFO]   [Reporting]   OSGi Annotations               Not Detected                  -----          
13:27:39.582 [INFO]   [Reporting]   Javax WS RS API                Not Detected                  -----          
13:27:39.582 [INFO]   [Reporting]   Jakarta RESTful WS API         Not Detected                  -----          
13:27:39.582 [INFO]   [Reporting]   Jersey Server                  Not Detected                  -----          
13:27:39.582 [INFO]   [Reporting]   Jersey Test Framework          Not Detected                  -----          
13:27:39.582 [INFO]   [Reporting]   Jersey Test Provider InMemory  Not Detected                  -----          
13:27:39.582 [INFO]   [Reporting]   Guice Framework                Not Detected                  -----          
13:27:39.582 [INFO]   [Reporting]   JaCoCo plugin version          0.8.11                        SUCCESS        
13:27:39.582 [INFO]   [Reporting]   Launcher                       JUnit Jupiter                 SUCCESS        
13:27:39.582 [INFO]   [Reporting]   Quarkus                        Not Detected                  -----          
13:27:39.582 [INFO]   [Reporting]   Test validation                Enabled                       SUCCESS        
13:27:39.582 [INFO]   [Reporting]   Hamcrest                       Not Detected                  -----          
13:27:39.582 [INFO]   [Reporting]   Spring Core                    Not Detected                  -----          
13:27:39.582 [INFO]   [Reporting]   Spring Boot                    Skipped                       -----          
13:27:39.582 [INFO]   [Reporting]   Spring Boot Starter Webflux    Skipped                       -----          
13:27:39.582 [INFO]   [Reporting]   Spring Boot Test Autoconfigure Skipped                       -----          
13:27:39.582 [INFO]   [Reporting]   Spring Boot Test               Skipped                       -----          
13:27:39.582 [INFO]   [Reporting]   Spring Web                     Skipped                       -----          
13:27:39.582 [INFO]   [Reporting]   Spring Security Web            Skipped                       -----          
13:27:39.582 [INFO]   [Reporting]   Spring Test                    Skipped                       -----          
13:27:39.582 [INFO]   [Reporting]   Libraries with limited support Found                         WARNING        
13:27:39.583 [INFO]   [Reporting]   
13:27:39.583 [INFO]   [Reporting]   Environment check status: WARNING
13:27:39.737 [INFO]   [Creating]    Found 224 callable methods in 47 classes
13:27:39.739 [INFO]   [Creating]    
13:27:39.739 [INFO]   [Creating]    Creating tests:
13:27:39.739 [INFO]   [Creating]    ---------------
13:27:39.744 [INFO]   [Creating]    
================================================================================
= Starting analysis for class 'eu.infinitech.finflink.apps.FinFlinkExample'
================================================================================
13:27:39.744 [INFO]   [Creating]    Filtering out non-testable methods...
13:27:40.232 [INFO]   [Creating]          [1/224] eu.infinitech.finflink.apps.FinFlinkExample.main
13:27:40.232 [INFO]   [Creating]          [1/224]   T006: Main method
13:27:40.232 [INFO]   [Creating]          [1/224]     It is difficult to assert on side effects of main methods in a unit test.
13:27:40.232 [INFO]   [Creating]          [1/224]     Refactor the main method. E.g. factor out its body into a separate,
13:27:40.232 [INFO]   [Creating]          [1/224]     accessible method that returns the results that should be asserted on.
13:27:40.232 [INFO]   [Creating]          [1/224]     See https://diff.blue/T006 for information on testing main methods.
13:27:40.426 [INFO]   [Creating]    Filtering of methods complete. Creating analysis request
13:27:40.427 [INFO]   [Creating]    Attempting to get service client, retry 1.
13:27:40.430 [INFO]   [Creating]    Starting monitoring server.
13:27:40.569 [INFO]   [Creating]    Monitoring server listening on localhost/127.0.0.1:35369
13:27:40.629 [INFO]   [Creating]    Starting analyzer server process...
13:27:40.629 [INFO]   [Creating]    Server command-line: /home/jbergqvist/.sdkman/candidates/java/11.0.29-amzn/bin/java -XX:+IgnoreUnrecognizedVMOptions -Djdk.attach.allowAttachSelf=true -Djdk.jar.maxSignatureFileSize=100000000 -ea -javaagent:/opt/cover/launcher-shared-jar.jar -Dlogback.configurationFile=/tmp/diffblue/config/logback-remote-service.xml -Dcom.diffblue.springIsolationJar=/opt/cover/cover-isolation-layer.jar -Dcover.jar.path=/opt/cover/cover-service-analyzer.jar -Dcom.diffblue.assertionSuggestionJar=/opt/cover/cover-service-analyzer.jar -Dcover.main.class=com.diffblue.cover.service.analyzer.Main -jar /opt/cover/launcher-shared-jar.jar --service-lifespan 120 --monitoring-service-port 35369 --index-service-port 35369 --debug-log
13:27:40.630 [INFO]   [Creating]    Server started. Waiting up to 300 seconds for a connection to be established...
13:27:41.513 [INFO]   [Creating]    Starting new remote monitor client
13:27:42.215 [INFO]   [Creating]    Attempting to start remote server.
13:27:42.360 [INFO]   [Creating]    Server started, listening on localhost/127.0.0.1:36897
13:27:42.364 [INFO]   [Creating]    Expect analyzer service to be listening on port 36897.
13:27:43.042 [INFO]   [Creating]    Started analyzer service and client retrieved.
13:27:47.691 [INFO]   [Creating]          [2/224] eu.infinitech.finflink.apps.FinFlinkExample.<init>
13:27:47.691 [INFO]   [Creating]          [2/224]   T005: Trivial constructor
13:27:47.691 [INFO]   [Creating]          [2/224]     See https://diff.blue/T005
13:27:47.700 [INFO]   [Creating]     [1/47] eu.infinitech.finflink.apps.FinFlinkExample
13:27:47.700 [INFO]   [Creating]     [1/47]   Tests created: 0
13:27:47.701 [INFO]   [Creating]    
================================================================================
= Starting analysis for class 'eu.infinitech.finflink.apps.FinFlinkExample$Example'
================================================================================
13:27:47.701 [INFO]   [Creating]    Filtering out non-testable methods...
13:27:47.707 [INFO]   [Creating]          [3/224] eu.infinitech.finflink.apps.FinFlinkExample$Example.valueOf
13:27:47.707 [INFO]   [Creating]          [3/224]   T012: Synthetic method
13:27:47.707 [INFO]   [Creating]          [3/224]     Indicates that the method is synthetic. Currently, this includes methods:
13:27:47.707 [INFO]   [Creating]          [3/224]     - that are marked as synthetic by the compiler
13:27:47.707 [INFO]   [Creating]          [3/224]     - that are not directly callable
13:27:47.707 [INFO]   [Creating]          [3/224]     - that exist on the JDK class but do not appear in the source code
13:27:47.707 [INFO]   [Creating]          [3/224]     Diffblue Cover considers these methods as not directly callable.
13:27:47.709 [INFO]   [Creating]          [4/224] eu.infinitech.finflink.apps.FinFlinkExample$Example.values
13:27:47.709 [INFO]   [Creating]          [4/224]   T012: Synthetic method
13:27:47.709 [INFO]   [Creating]          [4/224]     Indicates that the method is synthetic. Currently, this includes methods:
13:27:47.709 [INFO]   [Creating]          [4/224]     - that are marked as synthetic by the compiler
13:27:47.709 [INFO]   [Creating]          [4/224]     - that are not directly callable
13:27:47.709 [INFO]   [Creating]          [4/224]     - that exist on the JDK class but do not appear in the source code
13:27:47.709 [INFO]   [Creating]          [4/224]     Diffblue Cover considers these methods as not directly callable.
13:27:47.710 [INFO]   [Creating]     [2/47] eu.infinitech.finflink.apps.FinFlinkExample$Example
13:27:47.710 [INFO]   [Creating]     [2/47]   Tests created: 0
13:27:47.710 [INFO]   [Creating]    No testable methods
13:27:47.710 [INFO]   [Creating]    
================================================================================
= Starting analysis for class 'eu.infinitech.finflink.keys.KeyByAssetID'
================================================================================
13:27:47.710 [INFO]   [Creating]    Filtering out non-testable methods...
13:27:47.717 [INFO]   [Creating]    Filtering of methods complete. Creating analysis request
13:27:47.717 [INFO]   [Creating]    Attempting to get service client, retry 1.
13:28:03.098 [INFO]   [Creating]          [5/224] eu.infinitech.finflink.keys.KeyByAssetID.<init>
13:28:03.098 [INFO]   [Creating]          [6/224] eu.infinitech.finflink.keys.KeyByAssetID.isInitialized
13:28:03.098 [INFO]   [Creating]          [6/224]   Tests created: 1
13:28:03.356 [INFO]   [Creating]          [7/224] eu.infinitech.finflink.keys.KeyByAssetID.getKey
13:28:03.356 [INFO]   [Creating]          [7/224]   Tests created: 1
13:28:03.358 [INFO]   [Creating]     [3/47] eu.infinitech.finflink.keys.KeyByAssetID
13:28:03.358 [INFO]   [Creating]     [3/47]   Tests created: 2
13:28:03.359 [INFO]   [Creating]    
================================================================================
= Starting analysis for class 'eu.infinitech.finflink.sinks.PrintSink'
================================================================================
13:28:03.359 [INFO]   [Creating]    Filtering out non-testable methods...
13:28:03.364 [INFO]   [Creating]    Filtering of methods complete. Creating analysis request
13:28:03.364 [INFO]   [Creating]    Attempting to get service client, retry 1.
13:28:09.930 [INFO]   [Creating]          [8/224] eu.infinitech.finflink.sinks.PrintSink.<init>
13:28:09.930 [INFO]   [Creating]          [9/224] eu.infinitech.finflink.sinks.PrintSink.isInitialized
13:28:09.930 [INFO]   [Creating]          [9/224]   Tests created: 1
13:28:09.943 [INFO]   [Creating]         [10/224] eu.infinitech.finflink.sinks.PrintSink.invoke
13:28:09.944 [INFO]   [Creating]         [10/224]   Diffblue AI was unable to find a test
13:28:09.948 [INFO]   [Creating]     [4/47] eu.infinitech.finflink.sinks.PrintSink
13:28:09.949 [INFO]   [Creating]     [4/47]   Tests created: 1
13:28:09.950 [INFO]   [Creating]    
================================================================================
= Starting analysis for class 'eu.infinitech.finflink.sinks.QuestDBSink'
================================================================================
13:28:09.950 [INFO]   [Creating]    Filtering out non-testable methods...
13:28:09.961 [INFO]   [Creating]    Filtering of methods complete. Creating analysis request
13:28:09.961 [INFO]   [Creating]    Attempting to get service client, retry 1.
13:28:11.280 [INFO]   [Creating]         [11/224] eu.infinitech.finflink.sinks.QuestDBSink.getColumNames
13:28:11.280 [INFO]   [Creating]         [12/224] eu.infinitech.finflink.sinks.QuestDBSink.getDbUrl
13:28:11.280 [INFO]   [Creating]         [12/224]   Tests created: 1
13:28:13.357 [INFO]   [Creating]         [13/224] eu.infinitech.finflink.sinks.QuestDBSink.<init>
13:28:13.358 [INFO]   [Creating]         [13/224]   Tests created: 3
13:28:13.361 [INFO]   [Creating]         [14/224] eu.infinitech.finflink.sinks.QuestDBSink.invoke
13:28:13.361 [INFO]   [Creating]         [14/224]   R011: Sandboxing policy violation
13:28:13.361 [INFO]   [Creating]         [14/224]     Diffblue Cover ran code in your project that tried
13:28:13.361 [INFO]   [Creating]         [14/224]     to access 'sun.misc' from calling class 'io.questdb.std.Unsafe'.
13:28:13.361 [INFO]   [Creating]         [14/224]     Diffblue Cover's default sandboxing policy disallows this in order to prevent
13:28:13.361 [INFO]   [Creating]         [14/224]     your code from damaging your system environment.
13:28:13.361 [INFO]   [Creating]         [14/224]     See https://diff.blue/R011 to resolve this issue.
13:28:13.366 [INFO]   [Creating]     [5/47] eu.infinitech.finflink.sinks.QuestDBSink
13:28:13.366 [INFO]   [Creating]     [5/47]   Tests created: 4
13:28:13.368 [INFO]   [Creating]    
================================================================================
= Starting analysis for class 'eu.infinitech.finflink.structures.IndicatorRequirements'
================================================================================
13:28:13.368 [INFO]   [Creating]    Filtering out non-testable methods...
13:28:13.378 [INFO]   [Creating]    Filtering of methods complete. Creating analysis request
13:28:13.378 [INFO]   [Creating]    Attempting to get service client, retry 1.
13:28:13.676 [INFO]   [Creating]         [15/224] eu.infinitech.finflink.structures.IndicatorRequirements.<init>
13:28:13.676 [INFO]   [Creating]         [16/224] eu.infinitech.finflink.structures.IndicatorRequirements.needsClose
13:28:13.676 [INFO]   [Creating]         [17/224] eu.infinitech.finflink.structures.IndicatorRequirements.needsHigh
13:28:13.676 [INFO]   [Creating]         [18/224] eu.infinitech.finflink.structures.IndicatorRequirements.needsLow
13:28:13.676 [INFO]   [Creating]         [19/224] eu.infinitech.finflink.structures.IndicatorRequirements.needsOpen
13:28:13.676 [INFO]   [Creating]         [20/224] eu.infinitech.finflink.structures.IndicatorRequirements.needsVolume
13:28:13.676 [INFO]   [Creating]         [20/224]   Tests created: 1
13:28:13.823 [INFO]   [Creating]         [21/224] eu.infinitech.finflink.structures.IndicatorRequirements.checkClose
13:28:13.823 [INFO]   [Creating]         [21/224]   Tests created: 1
13:28:14.011 [INFO]   [Creating]         [22/224] eu.infinitech.finflink.structures.IndicatorRequirements.checkHigh
13:28:14.011 [INFO]   [Creating]         [22/224]   Tests created: 1
13:28:14.200 [INFO]   [Creating]         [23/224] eu.infinitech.finflink.structures.IndicatorRequirements.checkLow
13:28:14.200 [INFO]   [Creating]         [23/224]   Tests created: 1
13:28:14.343 [INFO]   [Creating]         [24/224] eu.infinitech.finflink.structures.IndicatorRequirements.checkOpen
13:28:14.343 [INFO]   [Creating]         [24/224]   Tests created: 1
13:28:14.436 [INFO]   [Creating]         [25/224] eu.infinitech.finflink.structures.IndicatorRequirements.checkVolume
13:28:14.436 [INFO]   [Creating]         [25/224]   Tests created: 1
13:28:14.438 [INFO]   [Creating]     [6/47] eu.infinitech.finflink.structures.IndicatorRequirements
13:28:14.438 [INFO]   [Creating]     [6/47]   Tests created: 6
13:28:14.439 [INFO]   [Creating]    
================================================================================
= Starting analysis for class 'eu.infinitech.finflink.structures.InputStreamType'
================================================================================
13:28:14.439 [INFO]   [Creating]    Filtering out non-testable methods...
13:28:14.444 [INFO]   [Creating]    Filtering of methods complete. Creating analysis request
13:28:14.444 [INFO]   [Creating]    Attempting to get service client, retry 1.
13:28:14.980 [INFO]   [Creating]         [26/224] eu.infinitech.finflink.structures.InputStreamType.<init>
13:28:14.981 [INFO]   [Creating]         [27/224] eu.infinitech.finflink.structures.InputStreamType.<init>
13:28:14.981 [INFO]   [Creating]         [28/224] eu.infinitech.finflink.structures.InputStreamType.getAsset
13:28:14.981 [INFO]   [Creating]         [29/224] eu.infinitech.finflink.structures.InputStreamType.getType
13:28:14.981 [INFO]   [Creating]         [29/224]   Tests created: 2
13:28:15.128 [INFO]   [Creating]         [30/224] eu.infinitech.finflink.structures.InputStreamType.pricePoint
13:28:15.128 [INFO]   [Creating]         [30/224]   Tests created: 1
13:28:15.223 [INFO]   [Creating]         [31/224] eu.infinitech.finflink.structures.InputStreamType.trade
13:28:15.223 [INFO]   [Creating]         [31/224]   Tests created: 1
13:28:15.225 [INFO]   [Creating]     [7/47] eu.infinitech.finflink.structures.InputStreamType
13:28:15.225 [INFO]   [Creating]     [7/47]   Tests created: 4
13:28:15.226 [INFO]   [Creating]    
================================================================================
= Starting analysis for class 'eu.infinitech.finflink.structures.InputStreamType$Type'
================================================================================
13:28:15.226 [INFO]   [Creating]    Filtering out non-testable methods...
13:28:15.229 [INFO]   [Creating]         [32/224] eu.infinitech.finflink.structures.InputStreamType$Type.valueOf
13:28:15.229 [INFO]   [Creating]         [32/224]   T012: Synthetic method
13:28:15.229 [INFO]   [Creating]         [32/224]     Indicates that the method is synthetic. Currently, this includes methods:
13:28:15.229 [INFO]   [Creating]         [32/224]     - that are marked as synthetic by the compiler
13:28:15.229 [INFO]   [Creating]         [32/224]     - that are not directly callable
13:28:15.229 [INFO]   [Creating]         [32/224]     - that exist on the JDK class but do not appear in the source code
13:28:15.229 [INFO]   [Creating]         [32/224]     Diffblue Cover considers these methods as not directly callable.
13:28:15.230 [INFO]   [Creating]         [33/224] eu.infinitech.finflink.structures.InputStreamType$Type.values
13:28:15.230 [INFO]   [Creating]         [33/224]   T012: Synthetic method
13:28:15.230 [INFO]   [Creating]         [33/224]     Indicates that the method is synthetic. Currently, this includes methods:
13:28:15.230 [INFO]   [Creating]         [33/224]     - that are marked as synthetic by the compiler
13:28:15.230 [INFO]   [Creating]         [33/224]     - that are not directly callable
13:28:15.230 [INFO]   [Creating]         [33/224]     - that exist on the JDK class but do not appear in the source code
13:28:15.230 [INFO]   [Creating]         [33/224]     Diffblue Cover considers these methods as not directly callable.
13:28:15.231 [INFO]   [Creating]     [8/47] eu.infinitech.finflink.structures.InputStreamType$Type
13:28:15.231 [INFO]   [Creating]     [8/47]   Tests created: 0
13:28:15.231 [INFO]   [Creating]    No testable methods
13:28:15.231 [INFO]   [Creating]    
================================================================================
= Starting analysis for class 'eu.infinitech.finflink.structures.PricePoint'
================================================================================
13:28:15.231 [INFO]   [Creating]    Filtering out non-testable methods...
13:28:15.243 [INFO]   [Creating]    Filtering of methods complete. Creating analysis request
13:28:15.243 [INFO]   [Creating]    Attempting to get service client, retry 1.
13:28:15.946 [INFO]   [Creating]         [34/224] eu.infinitech.finflink.structures.PricePoint.<init>
13:28:15.946 [INFO]   [Creating]         [35/224] eu.infinitech.finflink.structures.PricePoint.getAssetSymbol
13:28:15.946 [INFO]   [Creating]         [36/224] eu.infinitech.finflink.structures.PricePoint.getClosePrice
13:28:15.946 [INFO]   [Creating]         [37/224] eu.infinitech.finflink.structures.PricePoint.getHighPrice
13:28:15.946 [INFO]   [Creating]         [38/224] eu.infinitech.finflink.structures.PricePoint.getLowPrice
13:28:15.946 [INFO]   [Creating]         [39/224] eu.infinitech.finflink.structures.PricePoint.getOpenInt
13:28:15.946 [INFO]   [Creating]         [40/224] eu.infinitech.finflink.structures.PricePoint.getOpenPrice
13:28:15.946 [INFO]   [Creating]         [41/224] eu.infinitech.finflink.structures.PricePoint.getUnixDate
13:28:15.946 [INFO]   [Creating]         [42/224] eu.infinitech.finflink.structures.PricePoint.getVolume
13:28:15.946 [INFO]   [Creating]         [43/224] eu.infinitech.finflink.structures.PricePoint.isIgnore
13:28:15.946 [INFO]   [Creating]         [44/224] eu.infinitech.finflink.structures.PricePoint.setAssetSymbol
13:28:15.946 [INFO]   [Creating]         [45/224] eu.infinitech.finflink.structures.PricePoint.setClosePrice
13:28:15.946 [INFO]   [Creating]         [46/224] eu.infinitech.finflink.structures.PricePoint.setHighPrice
13:28:15.946 [INFO]   [Creating]         [47/224] eu.infinitech.finflink.structures.PricePoint.setIgnore
13:28:15.946 [INFO]   [Creating]         [48/224] eu.infinitech.finflink.structures.PricePoint.setLowPrice
13:28:15.946 [INFO]   [Creating]         [49/224] eu.infinitech.finflink.structures.PricePoint.setOpenInt
13:28:15.946 [INFO]   [Creating]         [50/224] eu.infinitech.finflink.structures.PricePoint.setOpenPrice
13:28:15.946 [INFO]   [Creating]         [51/224] eu.infinitech.finflink.structures.PricePoint.setUnixDate
13:28:15.946 [INFO]   [Creating]         [52/224] eu.infinitech.finflink.structures.PricePoint.setVolume
13:28:15.946 [INFO]   [Creating]         [52/224]   Tests created: 1
13:28:16.362 [INFO]   [Creating]         [53/224] eu.infinitech.finflink.structures.PricePoint.<init>
13:28:16.362 [INFO]   [Creating]         [53/224]   Tests created: 1
13:28:17.635 [INFO]   [Creating]         [54/224] eu.infinitech.finflink.structures.PricePoint.<init>
13:28:17.635 [INFO]   [Creating]         [54/224]   Tests created: 1
13:28:17.902 [INFO]   [Creating]         [55/224] eu.infinitech.finflink.structures.PricePoint.compareTo
13:28:17.903 [INFO]   [Creating]         [55/224]   Tests created: 3
13:28:17.905 [INFO]   [Creating]     [9/47] eu.infinitech.finflink.structures.PricePoint
13:28:17.905 [INFO]   [Creating]     [9/47]   Tests created: 6
13:28:17.906 [INFO]   [Creating]    
================================================================================
= Starting analysis for class 'eu.infinitech.finflink.structures.StreamCharacteristics'
================================================================================
13:28:17.906 [INFO]   [Creating]    Filtering out non-testable methods...
13:28:17.910 [INFO]   [Creating]    Filtering of methods complete. Creating analysis request
13:28:17.910 [INFO]   [Creating]    Attempting to get service client, retry 1.
13:28:18.212 [INFO]   [Creating]         [56/224] eu.infinitech.finflink.structures.StreamCharacteristics.<init>
13:28:18.212 [INFO]   [Creating]         [57/224] eu.infinitech.finflink.structures.StreamCharacteristics.hasClose
13:28:18.212 [INFO]   [Creating]         [58/224] eu.infinitech.finflink.structures.StreamCharacteristics.hasHigh
13:28:18.212 [INFO]   [Creating]         [59/224] eu.infinitech.finflink.structures.StreamCharacteristics.hasLow
13:28:18.212 [INFO]   [Creating]         [60/224] eu.infinitech.finflink.structures.StreamCharacteristics.hasOpen
13:28:18.212 [INFO]   [Creating]         [61/224] eu.infinitech.finflink.structures.StreamCharacteristics.hasVolume
13:28:18.212 [INFO]   [Creating]         [61/224]   Tests created: 1
13:28:19.867 [INFO]   [Creating]         [62/224] eu.infinitech.finflink.structures.StreamCharacteristics.meetsRequirements
13:28:19.867 [INFO]   [Creating]         [62/224]   Tests created: 1
13:28:20.241 [INFO]   [Creating]         [63/224] eu.infinitech.finflink.structures.StreamCharacteristics.meetsRequirements
13:28:20.241 [INFO]   [Creating]         [63/224]   Tests created: 4
13:28:20.243 [INFO]   [Creating]    [10/47] eu.infinitech.finflink.structures.StreamCharacteristics
13:28:20.243 [INFO]   [Creating]    [10/47]   Tests created: 6
13:28:20.244 [INFO]   [Creating]    
================================================================================
= Starting analysis for class 'eu.infinitech.finflink.structures.TechnicalIndicator'
================================================================================
13:28:20.244 [INFO]   [Creating]    Filtering out non-testable methods...
13:28:20.246 [INFO]   [Creating]    Filtering of methods complete. Creating analysis request
13:28:20.246 [INFO]   [Creating]    Attempting to get service client, retry 1.
13:28:20.959 [INFO]   [Creating]         [64/224] eu.infinitech.finflink.structures.TechnicalIndicator.<init>
13:28:20.960 [INFO]   [Creating]         [65/224] eu.infinitech.finflink.structures.TechnicalIndicator.getName
13:28:20.960 [INFO]   [Creating]         [66/224] eu.infinitech.finflink.structures.TechnicalIndicator.getProperties
13:28:20.960 [INFO]   [Creating]         [67/224] eu.infinitech.finflink.structures.TechnicalIndicator.getValue
13:28:20.960 [INFO]   [Creating]         [68/224] eu.infinitech.finflink.structures.TechnicalIndicator.setName
13:28:20.960 [INFO]   [Creating]         [69/224] eu.infinitech.finflink.structures.TechnicalIndicator.setProperties
13:28:20.960 [INFO]   [Creating]         [70/224] eu.infinitech.finflink.structures.TechnicalIndicator.setValue
13:28:20.960 [INFO]   [Creating]         [70/224]   Tests created: 1
13:28:21.049 [INFO]   [Creating]         [71/224] eu.infinitech.finflink.structures.TechnicalIndicator.<init>
13:28:21.049 [INFO]   [Creating]         [71/224]   Tests created: 1
13:28:21.050 [INFO]   [Creating]    [11/47] eu.infinitech.finflink.structures.TechnicalIndicator
13:28:21.051 [INFO]   [Creating]    [11/47]   Tests created: 2
13:28:21.052 [INFO]   [Creating]    
================================================================================
= Starting analysis for class 'eu.infinitech.finflink.structures.TechnicalIndicators'
================================================================================
13:28:21.052 [INFO]   [Creating]    Filtering out non-testable methods...
13:28:21.054 [INFO]   [Creating]    Filtering of methods complete. Creating analysis request
13:28:21.054 [INFO]   [Creating]    Attempting to get service client, retry 1.
13:28:22.552 [INFO]   [Creating]         [72/224] eu.infinitech.finflink.structures.TechnicalIndicators.<init>
13:28:22.552 [INFO]   [Creating]         [73/224] eu.infinitech.finflink.structures.TechnicalIndicators.<init>
13:28:22.552 [INFO]   [Creating]         [74/224] eu.infinitech.finflink.structures.TechnicalIndicators.getIndicators
13:28:22.552 [INFO]   [Creating]         [75/224] eu.infinitech.finflink.structures.TechnicalIndicators.setIndicators
13:28:22.552 [INFO]   [Creating]         [75/224]   Tests created: 2
13:28:22.794 [INFO]   [Creating]         [76/224] eu.infinitech.finflink.structures.TechnicalIndicators.toString
13:28:22.794 [INFO]   [Creating]         [76/224]   Tests created: 3
13:28:22.795 [INFO]   [Creating]    [12/47] eu.infinitech.finflink.structures.TechnicalIndicators
13:28:22.796 [INFO]   [Creating]    [12/47]   Tests created: 5
13:28:22.796 [INFO]   [Creating]    
================================================================================
= Starting analysis for class 'eu.infinitech.finflink.structures.Trade'
================================================================================
13:28:22.797 [INFO]   [Creating]    Filtering out non-testable methods...
13:28:22.800 [INFO]   [Creating]    Filtering of methods complete. Creating analysis request
13:28:22.800 [INFO]   [Creating]    Attempting to get service client, retry 1.
13:28:23.195 [INFO]   [Creating]         [77/224] eu.infinitech.finflink.structures.Trade.<init>
13:28:23.195 [INFO]   [Creating]         [78/224] eu.infinitech.finflink.structures.Trade.getAssetSymbol
13:28:23.195 [INFO]   [Creating]         [79/224] eu.infinitech.finflink.structures.Trade.getPrice
13:28:23.195 [INFO]   [Creating]         [80/224] eu.infinitech.finflink.structures.Trade.getUnixDate
13:28:23.195 [INFO]   [Creating]         [81/224] eu.infinitech.finflink.structures.Trade.getVolume
13:28:23.195 [INFO]   [Creating]         [82/224] eu.infinitech.finflink.structures.Trade.setAssetSymbol
13:28:23.195 [INFO]   [Creating]         [83/224] eu.infinitech.finflink.structures.Trade.setPrice
13:28:23.195 [INFO]   [Creating]         [84/224] eu.infinitech.finflink.structures.Trade.setUnixDate
13:28:23.195 [INFO]   [Creating]         [85/224] eu.infinitech.finflink.structures.Trade.setVolume
13:28:23.195 [INFO]   [Creating]         [85/224]   Tests created: 1
13:28:24.398 [INFO]   [Creating]         [86/224] eu.infinitech.finflink.structures.Trade.<init>
13:28:24.398 [INFO]   [Creating]         [86/224]   Tests created: 1
13:28:24.545 [INFO]   [Creating]         [87/224] eu.infinitech.finflink.structures.Trade.compareTo
13:28:24.545 [INFO]   [Creating]         [87/224]   Tests created: 2
13:28:24.546 [INFO]   [Creating]    [13/47] eu.infinitech.finflink.structures.Trade
13:28:24.546 [INFO]   [Creating]    [13/47]   Tests created: 4
13:28:24.547 [INFO]   [Creating]    
================================================================================
= Starting analysis for class 'eu.infinitech.finflink.structures.TradePeriod'
================================================================================
13:28:24.547 [INFO]   [Creating]    Filtering out non-testable methods...
13:28:24.558 [INFO]   [Creating]    Filtering of methods complete. Creating analysis request
13:28:24.558 [INFO]   [Creating]    Attempting to get service client, retry 1.
13:28:28.914 [INFO]   [Creating]         [88/224] eu.infinitech.finflink.structures.TradePeriod.<init>
13:28:28.914 [INFO]   [Creating]         [89/224] eu.infinitech.finflink.structures.TradePeriod.getClosePrice
13:28:28.914 [INFO]   [Creating]         [90/224] eu.infinitech.finflink.structures.TradePeriod.getHighPrice
13:28:28.914 [INFO]   [Creating]         [91/224] eu.infinitech.finflink.structures.TradePeriod.getLowPrice
13:28:28.914 [INFO]   [Creating]         [92/224] eu.infinitech.finflink.structures.TradePeriod.getOpenPrice
13:28:28.914 [INFO]   [Creating]         [93/224] eu.infinitech.finflink.structures.TradePeriod.getStartTime
13:28:28.914 [INFO]   [Creating]         [94/224] eu.infinitech.finflink.structures.TradePeriod.getStopTime
13:28:28.914 [INFO]   [Creating]         [95/224] eu.infinitech.finflink.structures.TradePeriod.getTradingData
13:28:28.914 [INFO]   [Creating]         [96/224] eu.infinitech.finflink.structures.TradePeriod.getVolume
13:28:28.914 [INFO]   [Creating]         [97/224] eu.infinitech.finflink.structures.TradePeriod.setClosePrice
13:28:28.914 [INFO]   [Creating]         [98/224] eu.infinitech.finflink.structures.TradePeriod.setHighPrice
13:28:28.914 [INFO]   [Creating]         [99/224] eu.infinitech.finflink.structures.TradePeriod.setLowPrice
13:28:28.914 [INFO]   [Creating]        [100/224] eu.infinitech.finflink.structures.TradePeriod.setOpenPrice
13:28:28.914 [INFO]   [Creating]        [101/224] eu.infinitech.finflink.structures.TradePeriod.setStartTime
13:28:28.914 [INFO]   [Creating]        [102/224] eu.infinitech.finflink.structures.TradePeriod.setStopTime
13:28:28.914 [INFO]   [Creating]        [103/224] eu.infinitech.finflink.structures.TradePeriod.setTradingData
13:28:28.914 [INFO]   [Creating]        [104/224] eu.infinitech.finflink.structures.TradePeriod.setVolume
13:28:28.914 [INFO]   [Creating]        [104/224]   Tests created: 1
13:28:34.939 [INFO]   [Creating]        [105/224] eu.infinitech.finflink.structures.TradePeriod.<init>
13:28:34.939 [INFO]   [Creating]        [105/224]   Tests created: 5
13:28:40.086 [INFO]   [Creating]        [106/224] eu.infinitech.finflink.structures.TradePeriod.<init>
13:28:40.086 [INFO]   [Creating]        [106/224]   Tests created: 4
13:28:41.382 [INFO]   [Creating]        [107/224] eu.infinitech.finflink.structures.TradePeriod.initializeTradePeriod
13:28:41.383 [INFO]   [Creating]        [107/224]   R013: No inputs found that don't throw a trivial exception
13:28:41.383 [INFO]   [Creating]        [107/224]     Diffblue Cover tried to run the arrange/act section, but the test threw
13:28:41.383 [INFO]   [Creating]        [107/224]     java.lang.NullPointerException
13:28:41.383 [INFO]   [Creating]        [107/224]         at eu.infinitech.finflink.structures.TradePeriod.initializeTradePeriod(TradePeriod.java:89)
13:28:41.383 [INFO]   [Creating]        [107/224]     In order to prevent initializeTradePeriod(List)
13:28:41.383 [INFO]   [Creating]        [107/224]     from throwing NullPointerException, add constructors or factory
13:28:41.383 [INFO]   [Creating]        [107/224]     methods that make it easier to construct fully initialized objects used in
13:28:41.383 [INFO]   [Creating]        [107/224]     initializeTradePeriod(List).
13:28:41.383 [INFO]   [Creating]        [107/224]     See https://diff.blue/R013 to resolve this issue.
13:28:43.790 [INFO]   [Creating]        [108/224] eu.infinitech.finflink.structures.TradePeriod.usingPricePoints
13:28:43.790 [INFO]   [Creating]        [108/224]   Tests created: 3
13:28:44.127 [INFO]   [Creating]        [109/224] eu.infinitech.finflink.structures.TradePeriod.usingTrades
13:28:44.127 [INFO]   [Creating]        [109/224]   Tests created: 3
13:28:44.129 [INFO]   [Creating]    [14/47] eu.infinitech.finflink.structures.TradePeriod
13:28:44.129 [INFO]   [Creating]    [14/47]   Tests created: 16
13:28:44.130 [INFO]   [Creating]    
================================================================================
= Starting analysis for class 'eu.infinitech.finflink.structures.TradingDataAccumulator'
================================================================================
13:28:44.130 [INFO]   [Creating]    Filtering out non-testable methods...
13:28:44.132 [INFO]   [Creating]    Filtering of methods complete. Creating analysis request
13:28:44.132 [INFO]   [Creating]    Attempting to get service client, retry 1.
13:28:44.381 [INFO]   [Creating]        [110/224] eu.infinitech.finflink.structures.TradingDataAccumulator.<init>
13:28:44.381 [INFO]   [Creating]        [111/224] eu.infinitech.finflink.structures.TradingDataAccumulator.<init>
13:28:44.381 [INFO]   [Creating]        [112/224] eu.infinitech.finflink.structures.TradingDataAccumulator.getTradingData
13:28:44.381 [INFO]   [Creating]        [113/224] eu.infinitech.finflink.structures.TradingDataAccumulator.setTradingData
13:28:44.381 [INFO]   [Creating]        [113/224]   Tests created: 2
13:28:44.382 [INFO]   [Creating]    [15/47] eu.infinitech.finflink.structures.TradingDataAccumulator
13:28:44.382 [INFO]   [Creating]    [15/47]   Tests created: 2
13:28:44.383 [INFO]   [Creating]    
================================================================================
= Starting analysis for class 'eu.infinitech.finflink.time.TradingDataTimeAssigner'
================================================================================
13:28:44.383 [INFO]   [Creating]    Filtering out non-testable methods...
13:28:44.386 [INFO]   [Creating]    Filtering of methods complete. Creating analysis request
13:28:44.386 [INFO]   [Creating]    Attempting to get service client, retry 1.
13:28:46.463 [INFO]   [Creating]        [114/224] eu.infinitech.finflink.time.TradingDataTimeAssigner.<init>
13:28:46.463 [INFO]   [Creating]        [115/224] eu.infinitech.finflink.time.TradingDataTimeAssigner.isInitialized
13:28:46.463 [INFO]   [Creating]        [115/224]   Tests created: 1
13:28:48.092 [INFO]   [Creating]        [116/224] eu.infinitech.finflink.time.TradingDataTimeAssigner.createTimestampAssigner
13:28:48.092 [INFO]   [Creating]        [116/224]   Tests created: 1
13:28:48.175 [INFO]   [Creating]        [117/224] eu.infinitech.finflink.time.TradingDataTimeAssigner.extractTimestamp
13:28:48.175 [INFO]   [Creating]        [117/224]   Tests created: 1
13:28:48.176 [INFO]   [Creating]    [16/47] eu.infinitech.finflink.time.TradingDataTimeAssigner
13:28:48.176 [INFO]   [Creating]    [16/47]   Tests created: 3
13:28:48.177 [INFO]   [Creating]    
================================================================================
= Starting analysis for class 'eu.infinitech.finflink.transformations.data.InputParser'
================================================================================
13:28:48.177 [INFO]   [Creating]    Filtering out non-testable methods...
13:28:48.180 [INFO]   [Creating]    Filtering of methods complete. Creating analysis request
13:28:48.180 [INFO]   [Creating]    Attempting to get service client, retry 1.
13:28:48.215 [INFO]   [Creating]        [118/224] eu.infinitech.finflink.transformations.data.InputParser.<init>
13:28:48.215 [INFO]   [Creating]        [118/224]   T005: Trivial constructor
13:28:48.215 [INFO]   [Creating]        [118/224]     See https://diff.blue/T005
13:28:48.580 [INFO]   [Creating]        [119/224] eu.infinitech.finflink.transformations.data.InputParser.selectMapper
13:28:48.580 [INFO]   [Creating]        [119/224]   Tests created: 2
13:28:48.581 [INFO]   [Creating]    [17/47] eu.infinitech.finflink.transformations.data.InputParser
13:28:48.581 [INFO]   [Creating]    [17/47]   Tests created: 2
13:28:48.582 [INFO]   [Creating]    
================================================================================
= Starting analysis for class 'eu.infinitech.finflink.transformations.data.ToPricePoint'
================================================================================
13:28:48.582 [INFO]   [Creating]    Filtering out non-testable methods...
13:28:48.590 [INFO]   [Creating]    Filtering of methods complete. Creating analysis request
13:28:48.590 [INFO]   [Creating]    Attempting to get service client, retry 1.
13:28:50.031 [INFO]   [Creating]        [120/224] eu.infinitech.finflink.transformations.data.ToPricePoint.<init>
13:28:50.032 [INFO]   [Creating]        [121/224] eu.infinitech.finflink.transformations.data.ToPricePoint.<init>
13:28:50.032 [INFO]   [Creating]        [121/224]   Tests created: 2
13:28:50.206 [INFO]   [Creating]        [122/224] eu.infinitech.finflink.transformations.data.ToPricePoint.map
13:28:50.206 [INFO]   [Creating]        [122/224]   Tests created: 2
13:28:50.207 [INFO]   [Creating]    [18/47] eu.infinitech.finflink.transformations.data.ToPricePoint
13:28:50.207 [INFO]   [Creating]    [18/47]   Tests created: 4
13:28:50.208 [INFO]   [Creating]    
================================================================================
= Starting analysis for class 'eu.infinitech.finflink.transformations.data.ToTrade'
================================================================================
13:28:50.208 [INFO]   [Creating]    Filtering out non-testable methods...
13:28:50.210 [INFO]   [Creating]    Filtering of methods complete. Creating analysis request
13:28:50.211 [INFO]   [Creating]    Attempting to get service client, retry 1.
13:28:50.971 [INFO]   [Creating]        [123/224] eu.infinitech.finflink.transformations.data.ToTrade.<init>
13:28:50.972 [INFO]   [Creating]        [124/224] eu.infinitech.finflink.transformations.data.ToTrade.isInitialized
13:28:50.972 [INFO]   [Creating]        [124/224]   Tests created: 1
13:28:50.974 [INFO]   [Creating]        [125/224] eu.infinitech.finflink.transformations.data.ToTrade.map
13:28:50.974 [INFO]   [Creating]        [125/224]   R013: No inputs found that don't throw a trivial exception
13:28:50.974 [INFO]   [Creating]        [125/224]     Diffblue Cover tried to run the arrange/act section, but the test threw
13:28:50.974 [INFO]   [Creating]        [125/224]     java.lang.ArrayIndexOutOfBoundsException: Index 2 out of bounds for length 2
13:28:50.974 [INFO]   [Creating]        [125/224]         at eu.infinitech.finflink.transformations.data.ToTrade.map(ToTrade.java:30)
13:28:50.974 [INFO]   [Creating]        [125/224]     In order to prevent map(String)
13:28:50.974 [INFO]   [Creating]        [125/224]     from throwing ArrayIndexOutOfBoundsException, add constructors or factory
13:28:50.974 [INFO]   [Creating]        [125/224]     methods that make it easier to construct fully initialized objects used in
13:28:50.974 [INFO]   [Creating]        [125/224]     map(String).
13:28:50.974 [INFO]   [Creating]        [125/224]     See https://diff.blue/R013 to resolve this issue.
13:28:50.975 [INFO]   [Creating]    [19/47] eu.infinitech.finflink.transformations.data.ToTrade
13:28:50.976 [INFO]   [Creating]    [19/47]   Tests created: 1
13:28:50.976 [INFO]   [Creating]    
================================================================================
= Starting analysis for class 'eu.infinitech.finflink.transformations.technicalIndicators.AccumulationDistributionIndex'
================================================================================
13:28:50.976 [INFO]   [Creating]    Filtering out non-testable methods...
13:28:50.980 [INFO]   [Creating]    Filtering of methods complete. Creating analysis request
13:28:50.980 [INFO]   [Creating]    Attempting to get service client, retry 1.
13:28:51.526 [INFO]   [Creating]        [126/224] eu.infinitech.finflink.transformations.technicalIndicators.AccumulationDistributionIndex.<init>
13:28:51.526 [INFO]   [Creating]        [126/224]   Tests created: 1
13:28:53.847 [INFO]   [Creating]        [127/224] eu.infinitech.finflink.transformations.technicalIndicators.AccumulationDistributionIndex.<init>
13:28:53.847 [INFO]   [Creating]        [127/224]   Tests created: 1
13:28:54.140 [INFO]   [Creating]        [128/224] eu.infinitech.finflink.transformations.technicalIndicators.AccumulationDistributionIndex.calculate
13:28:54.140 [INFO]   [Creating]        [128/224]   Tests created: 3
13:28:54.141 [INFO]   [Creating]    [20/47] eu.infinitech.finflink.transformations.technicalIndicators.AccumulationDistributionIndex
13:28:54.141 [INFO]   [Creating]    [20/47]   Tests created: 5
13:28:54.141 [INFO]   [Creating]    
================================================================================
= Starting analysis for class 'eu.infinitech.finflink.transformations.technicalIndicators.AverageDirectionalIndex'
================================================================================
13:28:54.141 [INFO]   [Creating]    Filtering out non-testable methods...
13:28:54.144 [INFO]   [Creating]    Filtering of methods complete. Creating analysis request
13:28:54.144 [INFO]   [Creating]    Attempting to get service client, retry 1.
13:28:54.462 [INFO]   [Creating]        [129/224] eu.infinitech.finflink.transformations.technicalIndicators.AverageDirectionalIndex.<init>
13:28:54.462 [INFO]   [Creating]        [129/224]   Tests created: 1
13:28:56.717 [INFO]   [Creating]        [130/224] eu.infinitech.finflink.transformations.technicalIndicators.AverageDirectionalIndex.<init>
13:28:56.717 [INFO]   [Creating]        [130/224]   Tests created: 1
13:28:56.947 [INFO]   [Creating]        [131/224] eu.infinitech.finflink.transformations.technicalIndicators.AverageDirectionalIndex.calculate
13:28:56.947 [INFO]   [Creating]        [131/224]   Tests created: 3
13:28:56.948 [INFO]   [Creating]    [21/47] eu.infinitech.finflink.transformations.technicalIndicators.AverageDirectionalIndex
13:28:56.948 [INFO]   [Creating]    [21/47]   Tests created: 5
13:28:56.949 [INFO]   [Creating]    
================================================================================
= Starting analysis for class 'eu.infinitech.finflink.transformations.technicalIndicators.AverageTrueRange'
================================================================================
13:28:56.949 [INFO]   [Creating]    Filtering out non-testable methods...
13:28:56.951 [INFO]   [Creating]    Filtering of methods complete. Creating analysis request
13:28:56.951 [INFO]   [Creating]    Attempting to get service client, retry 1.
13:28:57.253 [INFO]   [Creating]        [132/224] eu.infinitech.finflink.transformations.technicalIndicators.AverageTrueRange.<init>
13:28:57.253 [INFO]   [Creating]        [132/224]   Tests created: 1
13:28:58.436 [INFO]   [Creating]        [133/224] eu.infinitech.finflink.transformations.technicalIndicators.AverageTrueRange.<init>
13:28:58.436 [INFO]   [Creating]        [133/224]   Tests created: 1
13:28:58.580 [INFO]   [Creating]        [134/224] eu.infinitech.finflink.transformations.technicalIndicators.AverageTrueRange.calculate
13:28:58.580 [INFO]   [Creating]        [134/224]   Tests created: 2
13:28:58.581 [INFO]   [Creating]    [22/47] eu.infinitech.finflink.transformations.technicalIndicators.AverageTrueRange
13:28:58.581 [INFO]   [Creating]    [22/47]   Tests created: 4
13:28:58.581 [INFO]   [Creating]    
================================================================================
= Starting analysis for class 'eu.infinitech.finflink.transformations.technicalIndicators.CommodityChannelIndex'
================================================================================
13:28:58.582 [INFO]   [Creating]    Filtering out non-testable methods...
13:28:58.583 [INFO]   [Creating]    Filtering of methods complete. Creating analysis request
13:28:58.583 [INFO]   [Creating]    Attempting to get service client, retry 1.
13:29:00.490 [INFO]   [Creating]        [135/224] eu.infinitech.finflink.transformations.technicalIndicators.CommodityChannelIndex.<init>
13:29:00.490 [INFO]   [Creating]        [135/224]   Tests created: 1
13:29:00.826 [INFO]   [Creating]        [136/224] eu.infinitech.finflink.transformations.technicalIndicators.CommodityChannelIndex.calculate
13:29:00.826 [INFO]   [Creating]        [136/224]   Tests created: 4
13:29:00.827 [INFO]   [Creating]    [23/47] eu.infinitech.finflink.transformations.technicalIndicators.CommodityChannelIndex
13:29:00.827 [INFO]   [Creating]    [23/47]   Tests created: 5
13:29:00.828 [INFO]   [Creating]    
================================================================================
= Starting analysis for class 'eu.infinitech.finflink.transformations.technicalIndicators.DetrendedCloseOscillator'
================================================================================
13:29:00.828 [INFO]   [Creating]    Filtering out non-testable methods...
13:29:00.830 [INFO]   [Creating]    Filtering of methods complete. Creating analysis request
13:29:00.830 [INFO]   [Creating]    Attempting to get service client, retry 1.
13:29:02.647 [INFO]   [Creating]        [137/224] eu.infinitech.finflink.transformations.technicalIndicators.DetrendedCloseOscillator.<init>
13:29:02.647 [INFO]   [Creating]        [137/224]   Tests created: 1
13:29:02.983 [INFO]   [Creating]        [138/224] eu.infinitech.finflink.transformations.technicalIndicators.DetrendedCloseOscillator.calculate
13:29:02.983 [INFO]   [Creating]        [138/224]   Tests created: 4
13:29:02.984 [INFO]   [Creating]    [24/47] eu.infinitech.finflink.transformations.technicalIndicators.DetrendedCloseOscillator
13:29:02.984 [INFO]   [Creating]    [24/47]   Tests created: 5
13:29:02.985 [INFO]   [Creating]    
================================================================================
= Starting analysis for class 'eu.infinitech.finflink.transformations.technicalIndicators.DirectionalIndex'
================================================================================
13:29:02.985 [INFO]   [Creating]    Filtering out non-testable methods...
13:29:02.987 [INFO]   [Creating]    Filtering of methods complete. Creating analysis request
13:29:02.987 [INFO]   [Creating]    Attempting to get service client, retry 1.
13:29:03.307 [INFO]   [Creating]        [139/224] eu.infinitech.finflink.transformations.technicalIndicators.DirectionalIndex.<init>
13:29:03.307 [INFO]   [Creating]        [139/224]   Tests created: 1
13:29:05.249 [INFO]   [Creating]        [140/224] eu.infinitech.finflink.transformations.technicalIndicators.DirectionalIndex.<init>
13:29:05.250 [INFO]   [Creating]        [140/224]   Tests created: 1
13:29:05.836 [INFO]   [Creating]        [141/224] eu.infinitech.finflink.transformations.technicalIndicators.DirectionalIndex.calculate
13:29:05.836 [INFO]   [Creating]        [141/224]   Tests created: 7
13:29:05.837 [INFO]   [Creating]    [25/47] eu.infinitech.finflink.transformations.technicalIndicators.DirectionalIndex
13:29:05.837 [INFO]   [Creating]    [25/47]   Tests created: 9
13:29:05.838 [INFO]   [Creating]    
================================================================================
= Starting analysis for class 'eu.infinitech.finflink.transformations.technicalIndicators.ForceIndex'
================================================================================
13:29:05.838 [INFO]   [Creating]    Filtering out non-testable methods...
13:29:05.839 [INFO]   [Creating]    Filtering of methods complete. Creating analysis request
13:29:05.839 [INFO]   [Creating]    Attempting to get service client, retry 1.
13:29:08.098 [INFO]   [Creating]        [142/224] eu.infinitech.finflink.transformations.technicalIndicators.ForceIndex.<init>
13:29:08.098 [INFO]   [Creating]        [142/224]   Tests created: 1
13:29:08.363 [INFO]   [Creating]        [143/224] eu.infinitech.finflink.transformations.technicalIndicators.ForceIndex.calculate
13:29:08.363 [INFO]   [Creating]        [143/224]   Tests created: 3
13:29:08.364 [INFO]   [Creating]    [26/47] eu.infinitech.finflink.transformations.technicalIndicators.ForceIndex
13:29:08.364 [INFO]   [Creating]    [26/47]   Tests created: 4
13:29:08.364 [INFO]   [Creating]    
================================================================================
= Starting analysis for class 'eu.infinitech.finflink.transformations.technicalIndicators.HighPriceDirectionalIndex'
================================================================================
13:29:08.364 [INFO]   [Creating]    Filtering out non-testable methods...
13:29:08.366 [INFO]   [Creating]    Filtering of methods complete. Creating analysis request
13:29:08.366 [INFO]   [Creating]    Attempting to get service client, retry 1.
13:29:08.678 [INFO]   [Creating]        [144/224] eu.infinitech.finflink.transformations.technicalIndicators.HighPriceDirectionalIndex.<init>
13:29:08.678 [INFO]   [Creating]        [144/224]   Tests created: 1
13:29:10.146 [INFO]   [Creating]        [145/224] eu.infinitech.finflink.transformations.technicalIndicators.HighPriceDirectionalIndex.<init>
13:29:10.146 [INFO]   [Creating]        [145/224]   Tests created: 1
13:29:10.300 [INFO]   [Creating]        [146/224] eu.infinitech.finflink.transformations.technicalIndicators.HighPriceDirectionalIndex.calculate
13:29:10.300 [INFO]   [Creating]        [146/224]   Tests created: 2
13:29:10.300 [INFO]   [Creating]    [27/47] eu.infinitech.finflink.transformations.technicalIndicators.HighPriceDirectionalIndex
13:29:10.301 [INFO]   [Creating]    [27/47]   Tests created: 4
13:29:10.302 [INFO]   [Creating]    
================================================================================
= Starting analysis for class 'eu.infinitech.finflink.transformations.technicalIndicators.HighPriceDirectionalMomentum'
================================================================================
13:29:10.302 [INFO]   [Creating]    Filtering out non-testable methods...
13:29:10.303 [INFO]   [Creating]    Filtering of methods complete. Creating analysis request
13:29:10.303 [INFO]   [Creating]    Attempting to get service client, retry 1.
13:29:10.593 [INFO]   [Creating]        [147/224] eu.infinitech.finflink.transformations.technicalIndicators.HighPriceDirectionalMomentum.<init>
13:29:10.593 [INFO]   [Creating]        [147/224]   Tests created: 1
13:29:11.662 [INFO]   [Creating]        [148/224] eu.infinitech.finflink.transformations.technicalIndicators.HighPriceDirectionalMomentum.<init>
13:29:11.662 [INFO]   [Creating]        [148/224]   Tests created: 1
13:29:11.808 [INFO]   [Creating]        [149/224] eu.infinitech.finflink.transformations.technicalIndicators.HighPriceDirectionalMomentum.calculate
13:29:11.808 [INFO]   [Creating]        [149/224]   Tests created: 2
13:29:11.809 [INFO]   [Creating]    [28/47] eu.infinitech.finflink.transformations.technicalIndicators.HighPriceDirectionalMomentum
13:29:11.809 [INFO]   [Creating]    [28/47]   Tests created: 4
13:29:11.810 [INFO]   [Creating]    
================================================================================
= Starting analysis for class 'eu.infinitech.finflink.transformations.technicalIndicators.LogReturns'
================================================================================
13:29:11.810 [INFO]   [Creating]    Filtering out non-testable methods...
13:29:11.811 [INFO]   [Creating]    Filtering of methods complete. Creating analysis request
13:29:11.811 [INFO]   [Creating]    Attempting to get service client, retry 1.
13:29:14.597 [INFO]   [Creating]        [150/224] eu.infinitech.finflink.transformations.technicalIndicators.LogReturns.<init>
13:29:14.597 [INFO]   [Creating]        [150/224]   Tests created: 1
13:29:14.991 [INFO]   [Creating]        [151/224] eu.infinitech.finflink.transformations.technicalIndicators.LogReturns.calculate
13:29:14.991 [INFO]   [Creating]        [151/224]   Tests created: 5
13:29:14.992 [INFO]   [Creating]    [29/47] eu.infinitech.finflink.transformations.technicalIndicators.LogReturns
13:29:14.992 [INFO]   [Creating]    [29/47]   Tests created: 6
13:29:14.993 [INFO]   [Creating]    
================================================================================
= Starting analysis for class 'eu.infinitech.finflink.transformations.technicalIndicators.LowPriceDirectionalIndex'
================================================================================
13:29:14.993 [INFO]   [Creating]    Filtering out non-testable methods...
13:29:14.994 [INFO]   [Creating]    Filtering of methods complete. Creating analysis request
13:29:14.994 [INFO]   [Creating]    Attempting to get service client, retry 1.
13:29:15.286 [INFO]   [Creating]        [152/224] eu.infinitech.finflink.transformations.technicalIndicators.LowPriceDirectionalIndex.<init>
13:29:15.286 [INFO]   [Creating]        [152/224]   Tests created: 1
13:29:16.727 [INFO]   [Creating]        [153/224] eu.infinitech.finflink.transformations.technicalIndicators.LowPriceDirectionalIndex.<init>
13:29:16.727 [INFO]   [Creating]        [153/224]   Tests created: 1
13:29:16.868 [INFO]   [Creating]        [154/224] eu.infinitech.finflink.transformations.technicalIndicators.LowPriceDirectionalIndex.calculate
13:29:16.868 [INFO]   [Creating]        [154/224]   Tests created: 2
13:29:16.869 [INFO]   [Creating]    [30/47] eu.infinitech.finflink.transformations.technicalIndicators.LowPriceDirectionalIndex
13:29:16.869 [INFO]   [Creating]    [30/47]   Tests created: 4
13:29:16.870 [INFO]   [Creating]    
================================================================================
= Starting analysis for class 'eu.infinitech.finflink.transformations.technicalIndicators.LowPriceDirectionalMomentum'
================================================================================
13:29:16.870 [INFO]   [Creating]    Filtering out non-testable methods...
13:29:16.871 [INFO]   [Creating]    Filtering of methods complete. Creating analysis request
13:29:16.871 [INFO]   [Creating]    Attempting to get service client, retry 1.
13:29:17.177 [INFO]   [Creating]        [155/224] eu.infinitech.finflink.transformations.technicalIndicators.LowPriceDirectionalMomentum.<init>
13:29:17.177 [INFO]   [Creating]        [155/224]   Tests created: 1
13:29:18.246 [INFO]   [Creating]        [156/224] eu.infinitech.finflink.transformations.technicalIndicators.LowPriceDirectionalMomentum.<init>
13:29:18.246 [INFO]   [Creating]        [156/224]   Tests created: 1
13:29:18.388 [INFO]   [Creating]        [157/224] eu.infinitech.finflink.transformations.technicalIndicators.LowPriceDirectionalMomentum.calculate
13:29:18.389 [INFO]   [Creating]        [157/224]   Tests created: 2
13:29:18.389 [INFO]   [Creating]    [31/47] eu.infinitech.finflink.transformations.technicalIndicators.LowPriceDirectionalMomentum
13:29:18.389 [INFO]   [Creating]    [31/47]   Tests created: 4
13:29:18.390 [INFO]   [Creating]    
================================================================================
= Starting analysis for class 'eu.infinitech.finflink.transformations.technicalIndicators.Momentum'
================================================================================
13:29:18.390 [INFO]   [Creating]    Filtering out non-testable methods...
13:29:18.392 [INFO]   [Creating]    Filtering of methods complete. Creating analysis request
13:29:18.392 [INFO]   [Creating]    Attempting to get service client, retry 1.
13:29:18.737 [INFO]   [Creating]        [158/224] eu.infinitech.finflink.transformations.technicalIndicators.Momentum.<init>
13:29:18.737 [INFO]   [Creating]        [158/224]   Tests created: 1
13:29:21.173 [INFO]   [Creating]        [159/224] eu.infinitech.finflink.transformations.technicalIndicators.Momentum.<init>
13:29:21.173 [INFO]   [Creating]        [159/224]   Tests created: 1
13:29:21.504 [INFO]   [Creating]        [160/224] eu.infinitech.finflink.transformations.technicalIndicators.Momentum.calculate
13:29:21.505 [INFO]   [Creating]        [160/224]   Tests created: 4
13:29:21.506 [INFO]   [Creating]    [32/47] eu.infinitech.finflink.transformations.technicalIndicators.Momentum
13:29:21.506 [INFO]   [Creating]    [32/47]   Tests created: 6
13:29:21.506 [INFO]   [Creating]    
================================================================================
= Starting analysis for class 'eu.infinitech.finflink.transformations.technicalIndicators.MoneyFlowIndex'
================================================================================
13:29:21.506 [INFO]   [Creating]    Filtering out non-testable methods...
13:29:21.511 [INFO]   [Creating]    Filtering of methods complete. Creating analysis request
13:29:21.511 [INFO]   [Creating]    Attempting to get service client, retry 1.
13:29:23.263 [INFO]   [Creating]        [161/224] eu.infinitech.finflink.transformations.technicalIndicators.MoneyFlowIndex.<init>
13:29:23.263 [INFO]   [Creating]        [161/224]   Tests created: 1
13:29:23.692 [INFO]   [Creating]        [162/224] eu.infinitech.finflink.transformations.technicalIndicators.MoneyFlowIndex.calculate
13:29:23.692 [INFO]   [Creating]        [162/224]   Tests created: 5
13:29:23.693 [INFO]   [Creating]    [33/47] eu.infinitech.finflink.transformations.technicalIndicators.MoneyFlowIndex
13:29:23.693 [INFO]   [Creating]    [33/47]   Tests created: 6
13:29:23.694 [INFO]   [Creating]    
================================================================================
= Starting analysis for class 'eu.infinitech.finflink.transformations.technicalIndicators.MovingAverageConvergenceDivergence'
================================================================================
13:29:23.694 [INFO]   [Creating]    Filtering out non-testable methods...
13:29:23.696 [INFO]   [Creating]    Filtering of methods complete. Creating analysis request
13:29:23.696 [INFO]   [Creating]    Attempting to get service client, retry 1.
13:29:24.193 [INFO]   [Creating]        [163/224] eu.infinitech.finflink.transformations.technicalIndicators.MovingAverageConvergenceDivergence.<init>
13:29:24.193 [INFO]   [Creating]        [163/224]   Tests created: 1
13:29:26.183 [INFO]   [Creating]        [164/224] eu.infinitech.finflink.transformations.technicalIndicators.MovingAverageConvergenceDivergence.<init>
13:29:26.183 [INFO]   [Creating]        [164/224]   Tests created: 1
13:29:26.417 [INFO]   [Creating]        [165/224] eu.infinitech.finflink.transformations.technicalIndicators.MovingAverageConvergenceDivergence.calculate
13:29:26.417 [INFO]   [Creating]        [165/224]   Tests created: 3
13:29:26.418 [INFO]   [Creating]    [34/47] eu.infinitech.finflink.transformations.technicalIndicators.MovingAverageConvergenceDivergence
13:29:26.418 [INFO]   [Creating]    [34/47]   Tests created: 5
13:29:26.419 [INFO]   [Creating]    
================================================================================
= Starting analysis for class 'eu.infinitech.finflink.transformations.technicalIndicators.OnBalanceVolumeIndicator'
================================================================================
13:29:26.419 [INFO]   [Creating]    Filtering out non-testable methods...
13:29:26.420 [INFO]   [Creating]    Filtering of methods complete. Creating analysis request
13:29:26.420 [INFO]   [Creating]    Attempting to get service client, retry 1.
13:29:28.177 [INFO]   [Creating]        [166/224] eu.infinitech.finflink.transformations.technicalIndicators.OnBalanceVolumeIndicator.<init>
13:29:28.177 [INFO]   [Creating]        [166/224]   Tests created: 1
13:29:28.569 [INFO]   [Creating]        [167/224] eu.infinitech.finflink.transformations.technicalIndicators.OnBalanceVolumeIndicator.calculate
13:29:28.569 [INFO]   [Creating]        [167/224]   Tests created: 5
13:29:28.570 [INFO]   [Creating]    [35/47] eu.infinitech.finflink.transformations.technicalIndicators.OnBalanceVolumeIndicator
13:29:28.570 [INFO]   [Creating]    [35/47]   Tests created: 6
13:29:28.572 [INFO]   [Creating]    
================================================================================
= Starting analysis for class 'eu.infinitech.finflink.transformations.technicalIndicators.PeriodEnd'
================================================================================
13:29:28.572 [INFO]   [Creating]    Filtering out non-testable methods...
13:29:28.574 [INFO]   [Creating]    Filtering of methods complete. Creating analysis request
13:29:28.574 [INFO]   [Creating]    Attempting to get service client, retry 1.
13:29:30.711 [INFO]   [Creating]        [168/224] eu.infinitech.finflink.transformations.technicalIndicators.PeriodEnd.<init>
13:29:30.711 [INFO]   [Creating]        [168/224]   Tests created: 1
13:29:30.865 [INFO]   [Creating]        [169/224] eu.infinitech.finflink.transformations.technicalIndicators.PeriodEnd.calculate
13:29:30.865 [INFO]   [Creating]        [169/224]   Tests created: 2
13:29:30.866 [INFO]   [Creating]    [36/47] eu.infinitech.finflink.transformations.technicalIndicators.PeriodEnd
13:29:30.866 [INFO]   [Creating]    [36/47]   Tests created: 3
13:29:30.867 [INFO]   [Creating]    
================================================================================
= Starting analysis for class 'eu.infinitech.finflink.transformations.technicalIndicators.RelativeStrengthIndex'
================================================================================
13:29:30.867 [INFO]   [Creating]    Filtering out non-testable methods...
13:29:30.869 [INFO]   [Creating]    Filtering of methods complete. Creating analysis request
13:29:30.869 [INFO]   [Creating]    Attempting to get service client, retry 1.
13:29:32.763 [INFO]   [Creating]        [170/224] eu.infinitech.finflink.transformations.technicalIndicators.RelativeStrengthIndex.<init>
13:29:32.763 [INFO]   [Creating]        [170/224]   Tests created: 1
13:29:33.074 [INFO]   [Creating]        [171/224] eu.infinitech.finflink.transformations.technicalIndicators.RelativeStrengthIndex.calculate
13:29:33.074 [INFO]   [Creating]        [171/224]   Tests created: 4
13:29:33.075 [INFO]   [Creating]    [37/47] eu.infinitech.finflink.transformations.technicalIndicators.RelativeStrengthIndex
13:29:33.075 [INFO]   [Creating]    [37/47]   Tests created: 5
13:29:33.076 [INFO]   [Creating]    
================================================================================
= Starting analysis for class 'eu.infinitech.finflink.transformations.technicalIndicators.Returns'
================================================================================
13:29:33.076 [INFO]   [Creating]    Filtering out non-testable methods...
13:29:33.077 [INFO]   [Creating]    Filtering of methods complete. Creating analysis request
13:29:33.077 [INFO]   [Creating]    Attempting to get service client, retry 1.
13:29:35.437 [INFO]   [Creating]        [172/224] eu.infinitech.finflink.transformations.technicalIndicators.Returns.<init>
13:29:35.437 [INFO]   [Creating]        [172/224]   Tests created: 1
13:29:35.775 [INFO]   [Creating]        [173/224] eu.infinitech.finflink.transformations.technicalIndicators.Returns.calculate
13:29:35.775 [INFO]   [Creating]        [173/224]   Tests created: 4
13:29:35.776 [INFO]   [Creating]    [38/47] eu.infinitech.finflink.transformations.technicalIndicators.Returns
13:29:35.776 [INFO]   [Creating]    [38/47]   Tests created: 5
13:29:35.777 [INFO]   [Creating]    
================================================================================
= Starting analysis for class 'eu.infinitech.finflink.transformations.technicalIndicators.TechnicalIndicator'
================================================================================
13:29:35.777 [INFO]   [Creating]    Filtering out non-testable methods...
13:29:35.780 [INFO]   [Creating]    Filtering of methods complete. Creating analysis request
13:29:35.780 [INFO]   [Creating]    Attempting to get service client, retry 1.
13:29:37.125 [INFO]   [Creating]        [174/224] eu.infinitech.finflink.transformations.technicalIndicators.TechnicalIndicator.<init>
13:29:37.125 [INFO]   [Creating]        [175/224] eu.infinitech.finflink.transformations.technicalIndicators.TechnicalIndicator.<init>
13:29:37.125 [INFO]   [Creating]        [176/224] eu.infinitech.finflink.transformations.technicalIndicators.TechnicalIndicator.getSupplier
13:29:37.125 [INFO]   [Creating]        [176/224]   Tests created: 2
13:29:37.433 [INFO]   [Creating]        [177/224] eu.infinitech.finflink.transformations.technicalIndicators.TechnicalIndicator.add
13:29:37.433 [INFO]   [Creating]        [177/224]   Tests created: 1
13:29:37.813 [INFO]   [Creating]        [178/224] eu.infinitech.finflink.transformations.technicalIndicators.TechnicalIndicator.createAccumulator
13:29:37.813 [INFO]   [Creating]        [178/224]   Tests created: 1
13:29:38.240 [INFO]   [Creating]        [179/224] eu.infinitech.finflink.transformations.technicalIndicators.TechnicalIndicator.getResult
13:29:38.240 [INFO]   [Creating]        [179/224]   Tests created: 1
13:29:38.310 [INFO]   [Creating]        [180/224] eu.infinitech.finflink.transformations.technicalIndicators.TechnicalIndicator.merge
13:29:38.310 [INFO]   [Creating]        [180/224]   Tests created: 1
13:29:38.311 [INFO]   [Creating]    [39/47] eu.infinitech.finflink.transformations.technicalIndicators.TechnicalIndicator
13:29:38.311 [INFO]   [Creating]    [39/47]   Tests created: 6
13:29:38.313 [INFO]   [Creating]    
================================================================================
= Starting analysis for class 'eu.infinitech.finflink.transformations.technicalIndicators.TechnicalIndicatorGenerator'
================================================================================
13:29:38.313 [INFO]   [Creating]    Filtering out non-testable methods...
13:29:40.072 [INFO]   [Creating]    Filtering of methods complete. Creating analysis request
13:29:40.072 [INFO]   [Creating]    Attempting to get service client, retry 1.
13:29:40.413 [INFO]   [Creating]        [181/224] eu.infinitech.finflink.transformations.technicalIndicators.TechnicalIndicatorGenerator.getIndicatorRequirements
13:29:40.413 [INFO]   [Creating]        [181/224]   Tests created: 1
13:29:40.558 [INFO]   [Creating]        [182/224] eu.infinitech.finflink.transformations.technicalIndicators.TechnicalIndicatorGenerator.getName
13:29:40.558 [INFO]   [Creating]        [182/224]   Tests created: 1
13:29:40.753 [INFO]   [Creating]        [183/224] eu.infinitech.finflink.transformations.technicalIndicators.TechnicalIndicatorGenerator.getProperties
13:29:40.753 [INFO]   [Creating]        [183/224]   Tests created: 1
13:29:40.898 [INFO]   [Creating]        [184/224] eu.infinitech.finflink.transformations.technicalIndicators.TechnicalIndicatorGenerator.getTimePeriod
13:29:40.898 [INFO]   [Creating]        [184/224]   Tests created: 1
13:29:41.097 [INFO]   [Creating]        [185/224] eu.infinitech.finflink.transformations.technicalIndicators.TechnicalIndicatorGenerator.setIndicatorRequirements
13:29:41.097 [INFO]   [Creating]        [185/224]   Tests created: 1
13:29:41.995 [INFO]   [Creating]        [186/224] eu.infinitech.finflink.transformations.technicalIndicators.TechnicalIndicatorGenerator.setTimePeriod
13:29:41.995 [INFO]   [Creating]        [186/224]   Tests created: 1
13:29:42.576 [INFO]   [Creating]        [187/224] eu.infinitech.finflink.transformations.technicalIndicators.TechnicalIndicatorGenerator.setTimePeriod
13:29:42.576 [INFO]   [Creating]        [187/224]   Diffblue AI was unable to find a test
13:29:42.578 [INFO]   [Creating]        [188/224] eu.infinitech.finflink.transformations.technicalIndicators.TechnicalIndicatorGenerator.setTimePeriodLength
13:29:42.578 [INFO]   [Creating]        [188/224]   Diffblue AI was unable to find a test
13:29:42.579 [INFO]   [Creating]    [40/47] eu.infinitech.finflink.transformations.technicalIndicators.TechnicalIndicatorGenerator
13:29:42.579 [INFO]   [Creating]    [40/47]   Tests created: 6
13:29:42.580 [INFO]   [Creating]    
================================================================================
= Starting analysis for class 'eu.infinitech.finflink.transformations.technicalIndicators.TechnicalIndicatorPipeline'
================================================================================
13:29:42.580 [INFO]   [Creating]    Filtering out non-testable methods...
13:29:42.589 [INFO]   [Creating]    Filtering of methods complete. Creating analysis request
13:29:42.589 [INFO]   [Creating]    Attempting to get service client, retry 1.
13:29:43.651 [INFO]   [Creating]        [189/224] eu.infinitech.finflink.transformations.technicalIndicators.TechnicalIndicatorPipeline.<init>
13:29:43.651 [INFO]   [Creating]        [190/224] eu.infinitech.finflink.transformations.technicalIndicators.TechnicalIndicatorPipeline.<init>
13:29:43.651 [INFO]   [Creating]        [191/224] eu.infinitech.finflink.transformations.technicalIndicators.TechnicalIndicatorPipeline.getPipeline
13:29:43.651 [INFO]   [Creating]        [192/224] eu.infinitech.finflink.transformations.technicalIndicators.TechnicalIndicatorPipeline.getPipelineID
13:29:43.651 [INFO]   [Creating]        [193/224] eu.infinitech.finflink.transformations.technicalIndicators.TechnicalIndicatorPipeline.setPipeline
13:29:43.651 [INFO]   [Creating]        [194/224] eu.infinitech.finflink.transformations.technicalIndicators.TechnicalIndicatorPipeline.setPipelineID
13:29:43.651 [INFO]   [Creating]        [194/224]   Tests created: 2
13:29:43.901 [INFO]   [Creating]        [195/224] eu.infinitech.finflink.transformations.technicalIndicators.TechnicalIndicatorPipeline.add
13:29:43.901 [INFO]   [Creating]        [195/224]   Tests created: 1
13:29:49.765 [INFO]   [Creating]        [196/224] eu.infinitech.finflink.transformations.technicalIndicators.TechnicalIndicatorPipeline.createAccumulator
13:29:49.772 [INFO]   [Creating]        [196/224]   Tests created: 1
13:29:50.837 [INFO]   [Creating]        [197/224] eu.infinitech.finflink.transformations.technicalIndicators.TechnicalIndicatorPipeline.getResult
13:29:50.837 [INFO]   [Creating]        [197/224]   Tests created: 4
13:29:50.914 [INFO]   [Creating]        [198/224] eu.infinitech.finflink.transformations.technicalIndicators.TechnicalIndicatorPipeline.merge
13:29:50.914 [INFO]   [Creating]        [198/224]   Tests created: 1
13:29:50.915 [INFO]   [Creating]    [41/47] eu.infinitech.finflink.transformations.technicalIndicators.TechnicalIndicatorPipeline
13:29:50.915 [INFO]   [Creating]    [41/47]   Tests created: 9
13:29:50.916 [INFO]   [Creating]    
================================================================================
= Starting analysis for class 'eu.infinitech.finflink.transformations.technicalIndicators.TrueRange'
================================================================================
13:29:50.916 [INFO]   [Creating]    Filtering out non-testable methods...
13:29:50.919 [INFO]   [Creating]    Filtering of methods complete. Creating analysis request
13:29:50.919 [INFO]   [Creating]    Attempting to get service client, retry 1.
13:29:51.533 [INFO]   [Creating]        [199/224] eu.infinitech.finflink.transformations.technicalIndicators.TrueRange.<init>
13:29:51.533 [INFO]   [Creating]        [200/224] eu.infinitech.finflink.transformations.technicalIndicators.TrueRange.getTrades
13:29:51.533 [INFO]   [Creating]        [201/224] eu.infinitech.finflink.transformations.technicalIndicators.TrueRange.setTrades
13:29:51.533 [INFO]   [Creating]        [201/224]   Tests created: 1
13:29:51.785 [INFO]   [Creating]        [202/224] eu.infinitech.finflink.transformations.technicalIndicators.TrueRange.add
13:29:51.785 [INFO]   [Creating]        [202/224]   Tests created: 1
13:29:52.792 [INFO]   [Creating]        [203/224] eu.infinitech.finflink.transformations.technicalIndicators.TrueRange.get
13:29:52.792 [INFO]   [Creating]        [203/224]   Tests created: 1
13:29:55.256 [INFO]   [Creating]        [204/224] eu.infinitech.finflink.transformations.technicalIndicators.TrueRange.getResult
13:29:55.256 [INFO]   [Creating]        [204/224]   Tests created: 3
13:29:55.258 [INFO]   [Creating]        [205/224] eu.infinitech.finflink.transformations.technicalIndicators.TrueRange.merge
13:29:55.258 [INFO]   [Creating]        [205/224]   Diffblue AI was unable to find a test
13:29:55.259 [INFO]   [Creating]    [42/47] eu.infinitech.finflink.transformations.technicalIndicators.TrueRange
13:29:55.259 [INFO]   [Creating]    [42/47]   Tests created: 6
13:29:55.260 [INFO]   [Creating]    
================================================================================
= Starting analysis for class 'eu.infinitech.finflink.transformations.technicalIndicators.Utils'
================================================================================
13:29:55.260 [INFO]   [Creating]    Filtering out non-testable methods...
13:29:55.264 [INFO]   [Creating]    Filtering of methods complete. Creating analysis request
13:29:55.264 [INFO]   [Creating]    Attempting to get service client, retry 1.
13:29:55.307 [INFO]   [Creating]        [206/224] eu.infinitech.finflink.transformations.technicalIndicators.Utils.<init>
13:29:55.307 [INFO]   [Creating]        [206/224]   T005: Trivial constructor
13:29:55.307 [INFO]   [Creating]        [206/224]     See https://diff.blue/T005
13:29:56.315 [INFO]   [Creating]        [207/224] eu.infinitech.finflink.transformations.technicalIndicators.Utils.cumSum
13:29:56.315 [INFO]   [Creating]        [207/224]   Tests created: 3
13:29:57.130 [INFO]   [Creating]        [208/224] eu.infinitech.finflink.transformations.technicalIndicators.Utils.diff
13:29:57.130 [INFO]   [Creating]        [208/224]   Tests created: 3
13:29:57.979 [INFO]   [Creating]        [209/224] eu.infinitech.finflink.transformations.technicalIndicators.Utils.ewm
13:29:57.979 [INFO]   [Creating]        [209/224]   Tests created: 3
13:29:58.654 [INFO]   [Creating]        [210/224] eu.infinitech.finflink.transformations.technicalIndicators.Utils.expanding
13:29:58.654 [INFO]   [Creating]        [210/224]   Tests created: 3
13:29:59.577 [INFO]   [Creating]        [211/224] eu.infinitech.finflink.transformations.technicalIndicators.Utils.mean
13:29:59.577 [INFO]   [Creating]        [211/224]   Tests created: 3
13:30:00.233 [INFO]   [Creating]        [212/224] eu.infinitech.finflink.transformations.technicalIndicators.Utils.sliding
13:30:00.233 [INFO]   [Creating]        [212/224]   Tests created: 3
13:30:00.861 [INFO]   [Creating]        [213/224] eu.infinitech.finflink.transformations.technicalIndicators.Utils.std
13:30:00.861 [INFO]   [Creating]        [213/224]   Tests created: 3
13:30:01.397 [INFO]   [Creating]        [214/224] eu.infinitech.finflink.transformations.technicalIndicators.Utils.sum
13:30:01.397 [INFO]   [Creating]        [214/224]   Tests created: 3
13:30:03.065 [INFO]   [Creating]        [215/224] eu.infinitech.finflink.transformations.technicalIndicators.Utils.truePrice
13:30:03.065 [INFO]   [Creating]        [215/224]   Tests created: 1
13:30:03.324 [INFO]   [Creating]        [216/224] eu.infinitech.finflink.transformations.technicalIndicators.Utils.trueRange
13:30:03.324 [INFO]   [Creating]        [216/224]   Tests created: 3
13:30:03.325 [INFO]   [Creating]    [43/47] eu.infinitech.finflink.transformations.technicalIndicators.Utils
13:30:03.325 [INFO]   [Creating]    [43/47]   Tests created: 28
13:30:03.325 [INFO]   [Creating]    
================================================================================
= Starting analysis for class 'eu.infinitech.finflink.transformations.technicalIndicators.Volatility'
================================================================================
13:30:03.325 [INFO]   [Creating]    Filtering out non-testable methods...
13:30:03.327 [INFO]   [Creating]    Filtering of methods complete. Creating analysis request
13:30:03.327 [INFO]   [Creating]    Attempting to get service client, retry 1.
13:30:06.051 [INFO]   [Creating]        [217/224] eu.infinitech.finflink.transformations.technicalIndicators.Volatility.<init>
13:30:06.051 [INFO]   [Creating]        [217/224]   Tests created: 1
13:30:06.544 [INFO]   [Creating]        [218/224] eu.infinitech.finflink.transformations.technicalIndicators.Volatility.calculate
13:30:06.544 [INFO]   [Creating]        [218/224]   Tests created: 6
13:30:06.545 [INFO]   [Creating]    [44/47] eu.infinitech.finflink.transformations.technicalIndicators.Volatility
13:30:06.545 [INFO]   [Creating]    [44/47]   Tests created: 7
13:30:06.546 [INFO]   [Creating]    
================================================================================
= Starting analysis for class 'eu.infinitech.finflink.transformations.technicalIndicators.VortexMinus'
================================================================================
13:30:06.546 [INFO]   [Creating]    Filtering out non-testable methods...
13:30:06.547 [INFO]   [Creating]    Filtering of methods complete. Creating analysis request
13:30:06.547 [INFO]   [Creating]    Attempting to get service client, retry 1.
13:30:08.780 [INFO]   [Creating]        [219/224] eu.infinitech.finflink.transformations.technicalIndicators.VortexMinus.<init>
13:30:08.780 [INFO]   [Creating]        [219/224]   Tests created: 1
13:30:09.015 [INFO]   [Creating]        [220/224] eu.infinitech.finflink.transformations.technicalIndicators.VortexMinus.calculate
13:30:09.015 [INFO]   [Creating]        [220/224]   Tests created: 3
13:30:09.015 [INFO]   [Creating]    [45/47] eu.infinitech.finflink.transformations.technicalIndicators.VortexMinus
13:30:09.016 [INFO]   [Creating]    [45/47]   Tests created: 4
13:30:09.016 [INFO]   [Creating]    
================================================================================
= Starting analysis for class 'eu.infinitech.finflink.transformations.technicalIndicators.VortexPlus'
================================================================================
13:30:09.016 [INFO]   [Creating]    Filtering out non-testable methods...
13:30:09.018 [INFO]   [Creating]    Filtering of methods complete. Creating analysis request
13:30:09.018 [INFO]   [Creating]    Attempting to get service client, retry 1.
13:30:11.256 [INFO]   [Creating]        [221/224] eu.infinitech.finflink.transformations.technicalIndicators.VortexPlus.<init>
13:30:11.256 [INFO]   [Creating]        [221/224]   Tests created: 1
13:30:11.492 [INFO]   [Creating]        [222/224] eu.infinitech.finflink.transformations.technicalIndicators.VortexPlus.calculate
13:30:11.492 [INFO]   [Creating]        [222/224]   Tests created: 3
13:30:11.493 [INFO]   [Creating]    [46/47] eu.infinitech.finflink.transformations.technicalIndicators.VortexPlus
13:30:11.493 [INFO]   [Creating]    [46/47]   Tests created: 4
13:30:11.494 [INFO]   [Creating]    
================================================================================
= Starting analysis for class 'eu.infinitech.finflink.util.TradePeriodsGenerator'
================================================================================
13:30:11.494 [INFO]   [Creating]    Filtering out non-testable methods...
13:30:11.495 [INFO]   [Creating]    Filtering of methods complete. Creating analysis request
13:30:11.495 [INFO]   [Creating]    Attempting to get service client, retry 1.
13:30:11.522 [INFO]   [Creating]        [223/224] eu.infinitech.finflink.util.TradePeriodsGenerator.<init>
13:30:11.522 [INFO]   [Creating]        [223/224]   T005: Trivial constructor
13:30:11.522 [INFO]   [Creating]        [223/224]     See https://diff.blue/T005
13:30:13.761 [INFO]   [Creating]        [224/224] eu.infinitech.finflink.util.TradePeriodsGenerator.generateTradePeriods
13:30:13.761 [INFO]   [Creating]        [224/224]   Tests created: 3
13:30:13.762 [INFO]   [Creating]    [47/47] eu.infinitech.finflink.util.TradePeriodsGenerator
13:30:13.762 [INFO]   [Creating]    [47/47]   Tests created: 3
13:30:13.770 [INFO]   [Reporting]   
13:30:13.770 [INFO]   [Reporting]   Test creation summary for module: Infinitech-FinFlink:Infinitech-FinFlink
13:30:13.770 [INFO]   [Reporting]   -------------------------------------------------------------------------
13:30:13.770 [INFO]   [Reporting]   Total:                                             224 methods
13:30:13.770 [INFO]   [Reporting]   236 tests created for:                             208 methods
13:30:13.770 [INFO]   [Reporting]   
13:30:13.770 [INFO]   [Reporting]   Tested indirectly via other methods:                 4 methods
13:30:13.770 [INFO]   [Reporting]       4 T005: Trivial constructor
13:30:13.770 [INFO]   [Reporting]   Not unit-testable:                                   1 method
13:30:13.770 [INFO]   [Reporting]       1 T006: Main method
13:30:13.770 [INFO]   [Reporting]   No tests created for:                                7 methods
13:30:13.770 [INFO]   [Reporting]       2 R013: No inputs found that don't throw a trivial exception
13:30:13.770 [INFO]   [Reporting]       1 R011: Sandboxing policy violation
13:30:13.960 [INFO]   [Validating]  
13:30:13.960 [INFO]   [Validating]  Running validation command.
13:30:13.961 [INFO]   [Validating]  Using default build rules as no custom rules found in any of [/home/jbergqvist/diffblue/terrierteam-FinFlink]
13:30:13.961 [INFO]   [Validating]  Attempting to invoke mvnw in working directory: /home/jbergqvist/diffblue/terrierteam-FinFlink
13:30:13.962 [INFO]   [Validating]  Attempting to invoke /home/jbergqvist/.sdkman/candidates/maven/current/bin/mvn in working directory: /home/jbergqvist/diffblue/terrierteam-FinFlink
13:30:13.962 [INFO]   [Validating]  Started "/home/jbergqvist/.sdkman/candidates/maven/current/bin/mvn -Dmaven.ext.class.path=/opt/cover/cover-buildsystem-maven-spy-jar-with-dependencies.jar -Dcom.diffblue.cover.skipTests=true -DskipTestOptimizer --batch-mode --projects=Infinitech-FinFlink:Infinitech-FinFlink --global-settings=/home/jbergqvist/.sdkman/candidates/maven/current/conf/settings.xml validate --also-make"
13:30:14.725 [INFO]   [Validating]  out: [INFO] Scanning for projects...
13:30:14.765 [INFO]   [Validating]  out: [INFO] 
13:30:14.765 [INFO]   [Validating]  out: [INFO] --------------< Infinitech-FinFlink:Infinitech-FinFlink >---------------
13:30:14.765 [INFO]   [Validating]  out: [INFO] Building Infinitech-FinFlink 0.6
13:30:14.765 [INFO]   [Validating]  out: [INFO]   from pom.xml
13:30:14.765 [INFO]   [Validating]  out: [INFO] --------------------------------[ jar ]---------------------------------
13:30:14.890 [INFO]   [Validating]  deserializing line [DIFFBLUE]{"__type":"com.diffblue.cover.buildsystem.model.DefaultProjectModuleMessage","project":{"__type":"DefaultProjectModule","junitReport":["/home/jbergqvist/diffblue/terrierteam-FinFlink/target/surefire-reports"],"jacocoReport":["/home/jbergqvist/diffblue/terrierteam-FinFlink/target/site/jacoco/jacoco.xml"],"jacocoDestFile":["/home/jbergqvist/diffblue/terrierteam-FinFlink/target/jacoco.exec"],"jacocoFormats":["xml"],"jacocoSkipped":false,"classpath":["/home/jbergqvist/diffblue/terrierteam-FinFlink/target/classes"],"complianceLevel":"11","productionSources":["/home/jbergqvist/diffblue/terrierteam-FinFlink/src/main/java"],"testSources":["/home/jbergqvist/diffblue/terrierteam-FinFlink/src/test/java"],"productionClasses":"/home/jbergqvist/diffblue/terrierteam-FinFlink/target/classes","testClasses":"/home/jbergqvist/diffblue/terrierteam-FinFlink/target/test-classes","sourceToBuildPathMap":null,"testSourceToBuildPathMap":null,"buildDirectory":"/home/jbergqvist/diffblue/terrierteam-FinFlink/target","plugins":[{"__type":"DefaultPlugin","groupId":"org.apache.maven.plugins","artefactId":"maven-compiler-plugin","version":"3.8.1","pluginClassName":null},{"__type":"DefaultPlugin","groupId":"org.apache.maven.plugins","artefactId":"maven-shade-plugin","version":"3.1.1","pluginClassName":null},{"__type":"DefaultPlugin","groupId":"org.apache.maven.plugins","artefactId":"maven-clean-plugin","version":"3.2.0","pluginClassName":null},{"__type":"DefaultPlugin","groupId":"org.apache.maven.plugins","artefactId":"maven-resources-plugin","version":"3.3.1","pluginClassName":null},{"__type":"DefaultPlugin","groupId":"org.apache.maven.plugins","artefactId":"maven-jar-plugin","version":"3.4.1","pluginClassName":null},{"__type":"DefaultPlugin","groupId":"org.apache.maven.plugins","artefactId":"maven-surefire-plugin","version":"3.2.5","pluginClassName":null},{"__type":"DefaultPlugin","groupId":"org.apache.maven.plugins","artefactId":"maven-install-plugin","version":"3.1.2","pluginClassName":null},{"__type":"DefaultPlugin","groupId":"org.apache.maven.plugins","artefactId":"maven-deploy-plugin","version":"3.1.2","pluginClassName":null},{"__type":"DefaultPlugin","groupId":"org.apache.maven.plugins","artefactId":"maven-site-plugin","version":"3.12.1","pluginClassName":null}],"version":"3.9.12","encoding":null,"name":"maven","subModules":[],"simpleModuleName":null,"parentModuleName":null,"location":"/home/jbergqvist/diffblue/terrierteam-FinFlink","fullModuleName":"Infinitech-FinFlink:Infinitech-FinFlink"}}
13:30:14.897 [INFO]   [Validating]  out: [INFO] ------------------------------------------------------------------------
13:30:14.897 [INFO]   [Validating]  out: [INFO] BUILD SUCCESS
13:30:14.897 [INFO]   [Validating]  out: [INFO] ------------------------------------------------------------------------
13:30:14.897 [INFO]   [Validating]  out: [INFO] Total time:  0.181 s
13:30:14.897 [INFO]   [Validating]  out: [INFO] Finished at: 2026-01-12T13:30:14Z
13:30:14.897 [INFO]   [Validating]  out: [INFO] ------------------------------------------------------------------------
13:30:14.897 [INFO]   [Validating]  deserializing line [DIFFBLUE]{"__type":"com.diffblue.cover.buildsystem.model.ProjectInfoMessage","projectName":"Infinitech-FinFlink:Infinitech-FinFlink","productionSources":["/home/jbergqvist/diffblue/terrierteam-FinFlink/src/main/java"],"testSources":["/home/jbergqvist/diffblue/terrierteam-FinFlink/src/test/java"],"location":"/home/jbergqvist/diffblue/terrierteam-FinFlink"}
13:30:14.917 [INFO]   [Validating]  maven:err process not stopped, joining thread
13:30:14.917 [INFO]   [Validating]  maven:out process not stopped, joining thread
13:30:14.918 [INFO]   [Validating]  This can take a couple of minutes.
13:30:14.919 [INFO]   [Validating]  Using default build rules as no custom rules found in any of [/home/jbergqvist/diffblue/terrierteam-FinFlink]
13:30:14.919 [INFO]   [Validating]  Attempting to invoke mvnw in working directory: /home/jbergqvist/diffblue/terrierteam-FinFlink
13:30:14.919 [INFO]   [Validating]  Attempting to invoke /home/jbergqvist/.sdkman/candidates/maven/current/bin/mvn in working directory: /home/jbergqvist/diffblue/terrierteam-FinFlink
13:30:14.920 [INFO]   [Validating]  Started "/home/jbergqvist/.sdkman/candidates/maven/current/bin/mvn -Dmaven.ext.class.path=/opt/cover/cover-buildsystem-maven-spy-jar-with-dependencies.jar -Dcom.diffblue.cover.skipTests=true -DskipTestOptimizer --batch-mode --projects=Infinitech-FinFlink:Infinitech-FinFlink --global-settings=/home/jbergqvist/.sdkman/candidates/maven/current/conf/settings.xml clean test"
13:30:15.693 [INFO]   [Validating]  out: [INFO] Scanning for projects...
13:30:15.735 [INFO]   [Validating]  out: [INFO] 
13:30:15.735 [INFO]   [Validating]  out: [INFO] --------------< Infinitech-FinFlink:Infinitech-FinFlink >---------------
13:30:15.735 [INFO]   [Validating]  out: [INFO] Building Infinitech-FinFlink 0.6
13:30:15.735 [INFO]   [Validating]  out: [INFO]   from pom.xml
13:30:15.735 [INFO]   [Validating]  out: [INFO] --------------------------------[ jar ]---------------------------------
13:30:16.126 [INFO]   [Validating]  deserializing line [DIFFBLUE]{"__type":"com.diffblue.cover.buildsystem.model.DefaultEventMessage","project":"Infinitech-FinFlink:Infinitech-FinFlink","goal":"clean","cause":null,"state":"STARTED"}
13:30:16.128 [INFO]   [Validating]  out: [INFO] 
13:30:16.128 [INFO]   [Validating]  out: [INFO] --- clean:3.2.0:clean (default-clean) @ Infinitech-FinFlink ---
13:30:16.178 [INFO]   [Validating]  out: [INFO] Deleting /home/jbergqvist/diffblue/terrierteam-FinFlink/target
13:30:16.190 [INFO]   [Validating]  deserializing line [DIFFBLUE]{"__type":"com.diffblue.cover.buildsystem.model.DefaultEventMessage","project":"Infinitech-FinFlink:Infinitech-FinFlink","goal":"clean","cause":null,"state":"SUCCESS"}
13:30:16.193 [INFO]   [Validating]  deserializing line [DIFFBLUE]{"__type":"com.diffblue.cover.buildsystem.model.DefaultEventMessage","project":"Infinitech-FinFlink:Infinitech-FinFlink","goal":"resources","cause":null,"state":"STARTED"}
13:30:16.194 [INFO]   [Validating]  out: [INFO] 
13:30:16.194 [INFO]   [Validating]  out: [INFO] --- resources:3.3.1:resources (default-resources) @ Infinitech-FinFlink ---
13:30:16.247 [INFO]   [Validating]  out: [WARNING] Using platform encoding (UTF-8 actually) to copy filtered resources, i.e. build is platform dependent!
13:30:16.248 [INFO]   [Validating]  out: [INFO] skip non existing resourceDirectory /home/jbergqvist/diffblue/terrierteam-FinFlink/resources
13:30:16.250 [INFO]   [Validating]  deserializing line [DIFFBLUE]{"__type":"com.diffblue.cover.buildsystem.model.DefaultEventMessage","project":"Infinitech-FinFlink:Infinitech-FinFlink","goal":"resources","cause":null,"state":"SUCCESS"}
13:30:16.252 [INFO]   [Validating]  deserializing line [DIFFBLUE]{"__type":"com.diffblue.cover.buildsystem.model.DefaultEventMessage","project":"Infinitech-FinFlink:Infinitech-FinFlink","goal":"compile","cause":null,"state":"STARTED"}
13:30:16.253 [INFO]   [Validating]  out: [INFO] 
13:30:16.253 [INFO]   [Validating]  out: [INFO] --- compiler:3.8.1:compile (default-compile) @ Infinitech-FinFlink ---
13:30:16.418 [INFO]   [Validating]  out: [INFO] Changes detected - recompiling the module!
13:30:16.419 [INFO]   [Validating]  out: [WARNING] File encoding has not been set, using platform encoding UTF-8, i.e. build is platform dependent!
13:30:16.422 [INFO]   [Validating]  out: [INFO] Compiling 48 source files to /home/jbergqvist/diffblue/terrierteam-FinFlink/target/classes
13:30:17.332 [INFO]   [Validating]  deserializing line [DIFFBLUE]{"__type":"com.diffblue.cover.buildsystem.model.DefaultEventMessage","project":"Infinitech-FinFlink:Infinitech-FinFlink","goal":"compile","cause":null,"state":"SUCCESS"}
13:30:17.334 [INFO]   [Validating]  deserializing line [DIFFBLUE]{"__type":"com.diffblue.cover.buildsystem.model.DefaultEventMessage","project":"Infinitech-FinFlink:Infinitech-FinFlink","goal":"testResources","cause":null,"state":"STARTED"}
13:30:17.335 [INFO]   [Validating]  out: [INFO] 
13:30:17.335 [INFO]   [Validating]  out: [INFO] --- resources:3.3.1:testResources (default-testResources) @ Infinitech-FinFlink ---
13:30:17.335 [INFO]   [Validating]  out: [WARNING] Using platform encoding (UTF-8 actually) to copy filtered resources, i.e. build is platform dependent!
13:30:17.335 [INFO]   [Validating]  out: [INFO] skip non existing resourceDirectory /home/jbergqvist/diffblue/terrierteam-FinFlink/src/test/resources
13:30:17.336 [INFO]   [Validating]  deserializing line [DIFFBLUE]{"__type":"com.diffblue.cover.buildsystem.model.DefaultEventMessage","project":"Infinitech-FinFlink:Infinitech-FinFlink","goal":"testResources","cause":null,"state":"SUCCESS"}
13:30:17.338 [INFO]   [Validating]  deserializing line [DIFFBLUE]{"__type":"com.diffblue.cover.buildsystem.model.DefaultEventMessage","project":"Infinitech-FinFlink:Infinitech-FinFlink","goal":"testCompile","cause":null,"state":"STARTED"}
13:30:17.339 [INFO]   [Validating]  out: [INFO] 
13:30:17.339 [INFO]   [Validating]  out: [INFO] --- compiler:3.8.1:testCompile (default-testCompile) @ Infinitech-FinFlink ---
13:30:17.343 [INFO]   [Validating]  out: [INFO] Changes detected - recompiling the module!
13:30:17.343 [INFO]   [Validating]  out: [WARNING] File encoding has not been set, using platform encoding UTF-8, i.e. build is platform dependent!
13:30:17.343 [INFO]   [Validating]  out: [INFO] Compiling 44 source files to /home/jbergqvist/diffblue/terrierteam-FinFlink/target/test-classes
13:30:17.871 [INFO]   [Validating]  out: [INFO] /home/jbergqvist/diffblue/terrierteam-FinFlink/src/test/java/eu/infinitech/finflink/transformations/technicalIndicators/TechnicalIndicatorDiffblueTest.java: /home/jbergqvist/diffblue/terrierteam-FinFlink/src/test/java/eu/infinitech/finflink/transformations/technicalIndicators/TechnicalIndicatorDiffblueTest.java uses unchecked or unsafe operations.
13:30:17.871 [INFO]   [Validating]  out: [INFO] /home/jbergqvist/diffblue/terrierteam-FinFlink/src/test/java/eu/infinitech/finflink/transformations/technicalIndicators/TechnicalIndicatorDiffblueTest.java: Recompile with -Xlint:unchecked for details.
13:30:17.873 [INFO]   [Validating]  deserializing line [DIFFBLUE]{"__type":"com.diffblue.cover.buildsystem.model.DefaultEventMessage","project":"Infinitech-FinFlink:Infinitech-FinFlink","goal":"testCompile","cause":null,"state":"SUCCESS"}
13:30:17.875 [INFO]   [Validating]  deserializing line [DIFFBLUE]{"__type":"com.diffblue.cover.buildsystem.model.DefaultEventMessage","project":"Infinitech-FinFlink:Infinitech-FinFlink","goal":"test","cause":null,"state":"STARTED"}
13:30:17.877 [INFO]   [Validating]  out: [INFO] 
13:30:17.877 [INFO]   [Validating]  out: [INFO] --- surefire:3.2.5:test (default-test) @ Infinitech-FinFlink ---
13:30:18.043 [INFO]   [Validating]  out: [INFO] Using auto detected provider org.apache.maven.surefire.junitplatform.JUnitPlatformProvider
13:30:18.072 [INFO]   [Validating]  out: [INFO] 
13:30:18.073 [INFO]   [Validating]  out: [INFO] -------------------------------------------------------
13:30:18.073 [INFO]   [Validating]  out: [INFO]  T E S T S
13:30:18.073 [INFO]   [Validating]  out: [INFO] -------------------------------------------------------
13:30:18.673 [INFO]   [Validating]  out: [INFO] Running eu.infinitech.finflink.structures.TechnicalIndicatorsDiffblueTest
13:30:18.719 [INFO]   [Validating]  out: [INFO] Tests run: 5, Failures: 0, Errors: 0, Skipped: 0, Time elapsed: 0.033 s -- in eu.infinitech.finflink.structures.TechnicalIndicatorsDiffblueTest
13:30:18.719 [INFO]   [Validating]  out: [INFO] Running eu.infinitech.finflink.structures.TradePeriodDiffblueTest
13:30:18.726 [INFO]   [Validating]  out: [INFO] Tests run: 16, Failures: 0, Errors: 0, Skipped: 0, Time elapsed: 0.017 s -- in eu.infinitech.finflink.structures.TradePeriodDiffblueTest
13:30:18.726 [INFO]   [Validating]  out: [INFO] Running eu.infinitech.finflink.structures.TradeDiffblueTest
13:30:18.730 [INFO]   [Validating]  out: [INFO] Tests run: 4, Failures: 0, Errors: 0, Skipped: 0, Time elapsed: 0.004 s -- in eu.infinitech.finflink.structures.TradeDiffblueTest
13:30:18.730 [INFO]   [Validating]  out: [INFO] Running eu.infinitech.finflink.structures.PricePointDiffblueTest
13:30:18.736 [INFO]   [Validating]  out: [INFO] Tests run: 6, Failures: 0, Errors: 0, Skipped: 0, Time elapsed: 0.005 s -- in eu.infinitech.finflink.structures.PricePointDiffblueTest
13:30:18.736 [INFO]   [Validating]  out: [INFO] Running eu.infinitech.finflink.structures.IndicatorRequirementsDiffblueTest
13:30:18.740 [INFO]   [Validating]  out: [INFO] Tests run: 6, Failures: 0, Errors: 0, Skipped: 0, Time elapsed: 0.004 s -- in eu.infinitech.finflink.structures.IndicatorRequirementsDiffblueTest
13:30:18.741 [INFO]   [Validating]  out: [INFO] Running eu.infinitech.finflink.structures.TradingDataAccumulatorDiffblueTest
13:30:18.744 [INFO]   [Validating]  out: [INFO] Tests run: 2, Failures: 0, Errors: 0, Skipped: 0, Time elapsed: 0.002 s -- in eu.infinitech.finflink.structures.TradingDataAccumulatorDiffblueTest
13:30:18.744 [INFO]   [Validating]  out: [INFO] Running eu.infinitech.finflink.structures.StreamCharacteristicsDiffblueTest
13:30:18.752 [INFO]   [Validating]  out: [INFO] Tests run: 6, Failures: 0, Errors: 0, Skipped: 0, Time elapsed: 0.008 s -- in eu.infinitech.finflink.structures.StreamCharacteristicsDiffblueTest
13:30:18.752 [INFO]   [Validating]  out: [INFO] Running eu.infinitech.finflink.structures.InputStreamTypeDiffblueTest
13:30:18.755 [INFO]   [Validating]  out: [INFO] Tests run: 4, Failures: 0, Errors: 0, Skipped: 0, Time elapsed: 0.003 s -- in eu.infinitech.finflink.structures.InputStreamTypeDiffblueTest
13:30:18.756 [INFO]   [Validating]  out: [INFO] Running eu.infinitech.finflink.structures.TechnicalIndicatorDiffblueTest
13:30:18.758 [INFO]   [Validating]  out: [INFO] Tests run: 2, Failures: 0, Errors: 0, Skipped: 0, Time elapsed: 0.001 s -- in eu.infinitech.finflink.structures.TechnicalIndicatorDiffblueTest
13:30:18.759 [INFO]   [Validating]  out: [INFO] Running eu.infinitech.finflink.time.TradingDataTimeAssignerDiffblueTest
13:30:19.372 [INFO]   [Validating]  out: [INFO] Tests run: 3, Failures: 0, Errors: 0, Skipped: 0, Time elapsed: 0.609 s -- in eu.infinitech.finflink.time.TradingDataTimeAssignerDiffblueTest
13:30:19.372 [INFO]   [Validating]  out: [INFO] Running eu.infinitech.finflink.keys.KeyByAssetIDDiffblueTest
13:30:19.380 [INFO]   [Validating]  out: [INFO] Tests run: 2, Failures: 0, Errors: 0, Skipped: 0, Time elapsed: 0.006 s -- in eu.infinitech.finflink.keys.KeyByAssetIDDiffblueTest
13:30:19.380 [INFO]   [Validating]  out: [INFO] Running eu.infinitech.finflink.transformations.data.InputParserDiffblueTest
13:30:19.385 [INFO]   [Validating]  out: [INFO] Tests run: 2, Failures: 0, Errors: 0, Skipped: 0, Time elapsed: 0.005 s -- in eu.infinitech.finflink.transformations.data.InputParserDiffblueTest
13:30:19.385 [INFO]   [Validating]  out: [INFO] Running eu.infinitech.finflink.transformations.data.ToTradeDiffblueTest
13:30:19.387 [INFO]   [Validating]  out: [INFO] Tests run: 1, Failures: 0, Errors: 0, Skipped: 0, Time elapsed: 0.002 s -- in eu.infinitech.finflink.transformations.data.ToTradeDiffblueTest
13:30:19.387 [INFO]   [Validating]  out: [INFO] Running eu.infinitech.finflink.transformations.data.ToPricePointDiffblueTest
13:30:19.394 [INFO]   [Validating]  out: [INFO] Tests run: 4, Failures: 0, Errors: 0, Skipped: 0, Time elapsed: 0.006 s -- in eu.infinitech.finflink.transformations.data.ToPricePointDiffblueTest
13:30:19.395 [INFO]   [Validating]  out: [INFO] Running eu.infinitech.finflink.transformations.technicalIndicators.TrueRangeDiffblueTest
13:30:19.399 [INFO]   [Validating]  out: [INFO] Tests run: 6, Failures: 0, Errors: 0, Skipped: 0, Time elapsed: 0.005 s -- in eu.infinitech.finflink.transformations.technicalIndicators.TrueRangeDiffblueTest
13:30:19.399 [INFO]   [Validating]  out: [INFO] Running eu.infinitech.finflink.transformations.technicalIndicators.HighPriceDirectionalMomentumDiffblueTest
13:30:19.403 [INFO]   [Validating]  out: [INFO] Tests run: 4, Failures: 0, Errors: 0, Skipped: 0, Time elapsed: 0.003 s -- in eu.infinitech.finflink.transformations.technicalIndicators.HighPriceDirectionalMomentumDiffblueTest
13:30:19.403 [INFO]   [Validating]  out: [INFO] Running eu.infinitech.finflink.transformations.technicalIndicators.MoneyFlowIndexDiffblueTest
13:30:19.414 [INFO]   [Validating]  out: [INFO] Tests run: 6, Failures: 0, Errors: 0, Skipped: 0, Time elapsed: 0.012 s -- in eu.infinitech.finflink.transformations.technicalIndicators.MoneyFlowIndexDiffblueTest
13:30:19.415 [INFO]   [Validating]  out: [INFO] Running eu.infinitech.finflink.transformations.technicalIndicators.AverageTrueRangeDiffblueTest
13:30:19.419 [INFO]   [Validating]  out: [INFO] Tests run: 4, Failures: 0, Errors: 0, Skipped: 0, Time elapsed: 0.004 s -- in eu.infinitech.finflink.transformations.technicalIndicators.AverageTrueRangeDiffblueTest
13:30:19.419 [INFO]   [Validating]  out: [INFO] Running eu.infinitech.finflink.transformations.technicalIndicators.TechnicalIndicatorGeneratorDiffblueTest
13:30:19.424 [INFO]   [Validating]  out: [INFO] Tests run: 6, Failures: 0, Errors: 0, Skipped: 0, Time elapsed: 0.004 s -- in eu.infinitech.finflink.transformations.technicalIndicators.TechnicalIndicatorGeneratorDiffblueTest
13:30:19.424 [INFO]   [Validating]  out: [INFO] Running eu.infinitech.finflink.transformations.technicalIndicators.ReturnsDiffblueTest
13:30:19.430 [INFO]   [Validating]  out: [INFO] Tests run: 5, Failures: 0, Errors: 0, Skipped: 0, Time elapsed: 0.004 s -- in eu.infinitech.finflink.transformations.technicalIndicators.ReturnsDiffblueTest
13:30:19.430 [INFO]   [Validating]  out: [INFO] Running eu.infinitech.finflink.transformations.technicalIndicators.VolatilityDiffblueTest
13:30:19.440 [INFO]   [Validating]  out: [INFO] Tests run: 7, Failures: 0, Errors: 0, Skipped: 0, Time elapsed: 0.010 s -- in eu.infinitech.finflink.transformations.technicalIndicators.VolatilityDiffblueTest
13:30:19.440 [INFO]   [Validating]  out: [INFO] Running eu.infinitech.finflink.transformations.technicalIndicators.UtilsDiffblueTest
13:30:19.462 [INFO]   [Validating]  out: [INFO] Tests run: 28, Failures: 0, Errors: 0, Skipped: 0, Time elapsed: 0.021 s -- in eu.infinitech.finflink.transformations.technicalIndicators.UtilsDiffblueTest
13:30:19.462 [INFO]   [Validating]  out: [INFO] Running eu.infinitech.finflink.transformations.technicalIndicators.LowPriceDirectionalIndexDiffblueTest
13:30:19.465 [INFO]   [Validating]  out: [INFO] Tests run: 4, Failures: 0, Errors: 0, Skipped: 0, Time elapsed: 0.003 s -- in eu.infinitech.finflink.transformations.technicalIndicators.LowPriceDirectionalIndexDiffblueTest
13:30:19.465 [INFO]   [Validating]  out: [INFO] Running eu.infinitech.finflink.transformations.technicalIndicators.RelativeStrengthIndexDiffblueTest
13:30:19.467 [INFO]   [Validating]  out: [INFO] Tests run: 5, Failures: 0, Errors: 0, Skipped: 0, Time elapsed: 0.004 s -- in eu.infinitech.finflink.transformations.technicalIndicators.RelativeStrengthIndexDiffblueTest
13:30:19.468 [INFO]   [Validating]  out: [INFO] Running eu.infinitech.finflink.transformations.technicalIndicators.MomentumDiffblueTest
13:30:19.471 [INFO]   [Validating]  out: [INFO] Tests run: 6, Failures: 0, Errors: 0, Skipped: 0, Time elapsed: 0.003 s -- in eu.infinitech.finflink.transformations.technicalIndicators.MomentumDiffblueTest
13:30:19.471 [INFO]   [Validating]  out: [INFO] Running eu.infinitech.finflink.transformations.technicalIndicators.OnBalanceVolumeIndicatorDiffblueTest
13:30:19.477 [INFO]   [Validating]  out: [INFO] Tests run: 6, Failures: 0, Errors: 0, Skipped: 0, Time elapsed: 0.004 s -- in eu.infinitech.finflink.transformations.technicalIndicators.OnBalanceVolumeIndicatorDiffblueTest
13:30:19.477 [INFO]   [Validating]  out: [INFO] Running eu.infinitech.finflink.transformations.technicalIndicators.VortexMinusDiffblueTest
13:30:19.481 [INFO]   [Validating]  out: [INFO] Tests run: 4, Failures: 0, Errors: 0, Skipped: 0, Time elapsed: 0.004 s -- in eu.infinitech.finflink.transformations.technicalIndicators.VortexMinusDiffblueTest
13:30:19.481 [INFO]   [Validating]  out: [INFO] Running eu.infinitech.finflink.transformations.technicalIndicators.ForceIndexDiffblueTest
13:30:19.483 [INFO]   [Validating]  out: [INFO] Tests run: 4, Failures: 0, Errors: 0, Skipped: 0, Time elapsed: 0.002 s -- in eu.infinitech.finflink.transformations.technicalIndicators.ForceIndexDiffblueTest
13:30:19.484 [INFO]   [Validating]  out: [INFO] Running eu.infinitech.finflink.transformations.technicalIndicators.VortexPlusDiffblueTest
13:30:19.488 [INFO]   [Validating]  out: [INFO] Tests run: 4, Failures: 0, Errors: 0, Skipped: 0, Time elapsed: 0.004 s -- in eu.infinitech.finflink.transformations.technicalIndicators.VortexPlusDiffblueTest
13:30:19.488 [INFO]   [Validating]  out: [INFO] Running eu.infinitech.finflink.transformations.technicalIndicators.LogReturnsDiffblueTest
13:30:19.493 [INFO]   [Validating]  out: [INFO] Tests run: 6, Failures: 0, Errors: 0, Skipped: 0, Time elapsed: 0.004 s -- in eu.infinitech.finflink.transformations.technicalIndicators.LogReturnsDiffblueTest
13:30:19.493 [INFO]   [Validating]  out: [INFO] Running eu.infinitech.finflink.transformations.technicalIndicators.HighPriceDirectionalIndexDiffblueTest
13:30:19.496 [INFO]   [Validating]  out: [INFO] Tests run: 4, Failures: 0, Errors: 0, Skipped: 0, Time elapsed: 0.002 s -- in eu.infinitech.finflink.transformations.technicalIndicators.HighPriceDirectionalIndexDiffblueTest
13:30:19.496 [INFO]   [Validating]  out: [INFO] Running eu.infinitech.finflink.transformations.technicalIndicators.TechnicalIndicatorPipelineDiffblueTest
13:30:19.510 [INFO]   [Validating]  out: [INFO] Tests run: 9, Failures: 0, Errors: 0, Skipped: 0, Time elapsed: 0.014 s -- in eu.infinitech.finflink.transformations.technicalIndicators.TechnicalIndicatorPipelineDiffblueTest
13:30:19.510 [INFO]   [Validating]  out: [INFO] Running eu.infinitech.finflink.transformations.technicalIndicators.LowPriceDirectionalMomentumDiffblueTest
13:30:19.512 [INFO]   [Validating]  out: [INFO] Tests run: 4, Failures: 0, Errors: 0, Skipped: 0, Time elapsed: 0.002 s -- in eu.infinitech.finflink.transformations.technicalIndicators.LowPriceDirectionalMomentumDiffblueTest
13:30:19.512 [INFO]   [Validating]  out: [INFO] Running eu.infinitech.finflink.transformations.technicalIndicators.DirectionalIndexDiffblueTest
13:30:19.516 [INFO]   [Validating]  out: [INFO] Tests run: 9, Failures: 0, Errors: 0, Skipped: 0, Time elapsed: 0.004 s -- in eu.infinitech.finflink.transformations.technicalIndicators.DirectionalIndexDiffblueTest
13:30:19.516 [INFO]   [Validating]  out: [INFO] Running eu.infinitech.finflink.transformations.technicalIndicators.AccumulationDistributionIndexDiffblueTest
13:30:19.519 [INFO]   [Validating]  out: [INFO] Tests run: 5, Failures: 0, Errors: 0, Skipped: 0, Time elapsed: 0.003 s -- in eu.infinitech.finflink.transformations.technicalIndicators.AccumulationDistributionIndexDiffblueTest
13:30:19.520 [INFO]   [Validating]  out: [INFO] Running eu.infinitech.finflink.transformations.technicalIndicators.AverageDirectionalIndexDiffblueTest
13:30:19.523 [INFO]   [Validating]  out: [INFO] Tests run: 5, Failures: 0, Errors: 0, Skipped: 0, Time elapsed: 0.002 s -- in eu.infinitech.finflink.transformations.technicalIndicators.AverageDirectionalIndexDiffblueTest
13:30:19.523 [INFO]   [Validating]  out: [INFO] Running eu.infinitech.finflink.transformations.technicalIndicators.MovingAverageConvergenceDivergenceDiffblueTest
13:30:19.526 [INFO]   [Validating]  out: [INFO] Tests run: 5, Failures: 0, Errors: 0, Skipped: 0, Time elapsed: 0.002 s -- in eu.infinitech.finflink.transformations.technicalIndicators.MovingAverageConvergenceDivergenceDiffblueTest
13:30:19.526 [INFO]   [Validating]  out: [INFO] Running eu.infinitech.finflink.transformations.technicalIndicators.CommodityChannelIndexDiffblueTest
13:30:19.528 [INFO]   [Validating]  out: [INFO] Tests run: 5, Failures: 0, Errors: 0, Skipped: 0, Time elapsed: 0.004 s -- in eu.infinitech.finflink.transformations.technicalIndicators.CommodityChannelIndexDiffblueTest
13:30:19.528 [INFO]   [Validating]  out: [INFO] Running eu.infinitech.finflink.transformations.technicalIndicators.PeriodEndDiffblueTest
13:30:19.531 [INFO]   [Validating]  out: [INFO] Tests run: 3, Failures: 0, Errors: 0, Skipped: 0, Time elapsed: 0.002 s -- in eu.infinitech.finflink.transformations.technicalIndicators.PeriodEndDiffblueTest
13:30:19.531 [INFO]   [Validating]  out: [INFO] Running eu.infinitech.finflink.transformations.technicalIndicators.DetrendedCloseOscillatorDiffblueTest
13:30:19.534 [INFO]   [Validating]  out: [INFO] Tests run: 5, Failures: 0, Errors: 0, Skipped: 0, Time elapsed: 0.004 s -- in eu.infinitech.finflink.transformations.technicalIndicators.DetrendedCloseOscillatorDiffblueTest
13:30:19.534 [INFO]   [Validating]  out: [INFO] Running eu.infinitech.finflink.transformations.technicalIndicators.TechnicalIndicatorDiffblueTest
13:30:19.586 [INFO]   [Validating]  out: [INFO] Tests run: 6, Failures: 0, Errors: 0, Skipped: 0, Time elapsed: 0.052 s -- in eu.infinitech.finflink.transformations.technicalIndicators.TechnicalIndicatorDiffblueTest
13:30:19.586 [INFO]   [Validating]  out: [INFO] Running eu.infinitech.finflink.util.TradePeriodsGeneratorDiffblueTest
13:30:19.588 [INFO]   [Validating]  out: [INFO] Tests run: 3, Failures: 0, Errors: 0, Skipped: 0, Time elapsed: 0.002 s -- in eu.infinitech.finflink.util.TradePeriodsGeneratorDiffblueTest
13:30:19.589 [INFO]   [Validating]  out: [INFO] Running eu.infinitech.finflink.sinks.QuestDBSinkDiffblueTest
13:30:19.591 [INFO]   [Validating]  out: [INFO] Tests run: 4, Failures: 0, Errors: 0, Skipped: 0, Time elapsed: 0.003 s -- in eu.infinitech.finflink.sinks.QuestDBSinkDiffblueTest
13:30:19.591 [INFO]   [Validating]  out: [INFO] Running eu.infinitech.finflink.sinks.PrintSinkDiffblueTest
13:30:19.593 [INFO]   [Validating]  out: [INFO] Tests run: 1, Failures: 0, Errors: 0, Skipped: 0, Time elapsed: 0.001 s -- in eu.infinitech.finflink.sinks.PrintSinkDiffblueTest
13:30:19.620 [INFO]   [Validating]  out: [INFO] 
13:30:19.620 [INFO]   [Validating]  out: [INFO] Results:
13:30:19.620 [INFO]   [Validating]  out: [INFO] 
13:30:19.620 [INFO]   [Validating]  out: [INFO] Tests run: 236, Failures: 0, Errors: 0, Skipped: 0
13:30:19.620 [INFO]   [Validating]  out: [INFO] 
13:30:19.624 [INFO]   [Validating]  deserializing line [DIFFBLUE]{"__type":"com.diffblue.cover.buildsystem.model.DefaultEventMessage","project":"Infinitech-FinFlink:Infinitech-FinFlink","goal":"test","cause":null,"state":"SUCCESS"}
13:30:19.651 [INFO]   [Validating]  deserializing line [DIFFBLUE]{"__type":"com.diffblue.cover.buildsystem.model.DefaultProjectModuleMessage","project":{"__type":"DefaultProjectModule","junitReport":["/home/jbergqvist/diffblue/terrierteam-FinFlink/target/surefire-reports"],"jacocoReport":["/home/jbergqvist/diffblue/terrierteam-FinFlink/target/site/jacoco/jacoco.xml"],"jacocoDestFile":["/home/jbergqvist/diffblue/terrierteam-FinFlink/target/jacoco.exec"],"jacocoFormats":["xml"],"jacocoSkipped":false,"classpath":["/home/jbergqvist/diffblue/terrierteam-FinFlink/target/classes","/home/jbergqvist/.m2/repository/org/apache/flink/flink-streaming-java_2.12/1.14.4/flink-streaming-java_2.12-1.14.4.jar","/home/jbergqvist/.m2/repository/org/apache/flink/flink-core/1.14.4/flink-core-1.14.4.jar","/home/jbergqvist/.m2/repository/org/apache/flink/flink-annotations/1.14.4/flink-annotations-1.14.4.jar","/home/jbergqvist/.m2/repository/org/apache/flink/flink-metrics-core/1.14.4/flink-metrics-core-1.14.4.jar","/home/jbergqvist/.m2/repository/org/apache/flink/flink-shaded-asm-7/7.1-14.0/flink-shaded-asm-7-7.1-14.0.jar","/home/jbergqvist/.m2/repository/org/apache/commons/commons-lang3/3.3.2/commons-lang3-3.3.2.jar","/home/jbergqvist/.m2/repository/com/esotericsoftware/kryo/kryo/2.24.0/kryo-2.24.0.jar","/home/jbergqvist/.m2/repository/com/esotericsoftware/minlog/minlog/1.2/minlog-1.2.jar","/home/jbergqvist/.m2/repository/commons-collections/commons-collections/3.2.2/commons-collections-3.2.2.jar","/home/jbergqvist/.m2/repository/org/apache/commons/commons-compress/1.21/commons-compress-1.21.jar","/home/jbergqvist/.m2/repository/org/apache/flink/flink-file-sink-common/1.14.4/flink-file-sink-common-1.14.4.jar","/home/jbergqvist/.m2/repository/org/apache/flink/flink-runtime/1.14.4/flink-runtime-1.14.4.jar","/home/jbergqvist/.m2/repository/org/apache/flink/flink-rpc-core/1.14.4/flink-rpc-core-1.14.4.jar","/home/jbergqvist/.m2/repository/org/apache/flink/flink-rpc-akka-loader/1.14.4/flink-rpc-akka-loader-1.14.4.jar","/home/jbergqvist/.m2/repository/org/apache/flink/flink-queryable-state-client-java/1.14.4/flink-queryable-state-client-java-1.14.4.jar","/home/jbergqvist/.m2/repository/org/apache/flink/flink-hadoop-fs/1.14.4/flink-hadoop-fs-1.14.4.jar","/home/jbergqvist/.m2/repository/commons-io/commons-io/2.8.0/commons-io-2.8.0.jar","/home/jbergqvist/.m2/repository/org/apache/flink/flink-shaded-netty/4.1.65.Final-14.0/flink-shaded-netty-4.1.65.Final-14.0.jar","/home/jbergqvist/.m2/repository/org/apache/flink/flink-shaded-jackson/2.12.4-14.0/flink-shaded-jackson-2.12.4-14.0.jar","/home/jbergqvist/.m2/repository/org/apache/flink/flink-shaded-zookeeper-3/3.4.14-14.0/flink-shaded-zookeeper-3-3.4.14-14.0.jar","/home/jbergqvist/.m2/repository/org/javassist/javassist/3.24.0-GA/javassist-3.24.0-GA.jar","/home/jbergqvist/.m2/repository/org/xerial/snappy/snappy-java/1.1.8.3/snappy-java-1.1.8.3.jar","/home/jbergqvist/.m2/repository/org/lz4/lz4-java/1.8.0/lz4-java-1.8.0.jar","/home/jbergqvist/.m2/repository/org/apache/flink/flink-scala_2.12/1.14.4/flink-scala_2.12-1.14.4.jar","/home/jbergqvist/.m2/repository/org/scala-lang/scala-reflect/2.12.7/scala-reflect-2.12.7.jar","/home/jbergqvist/.m2/repository/org/scala-lang/scala-library/2.12.7/scala-library-2.12.7.jar","/home/jbergqvist/.m2/repository/org/scala-lang/scala-compiler/2.12.7/scala-compiler-2.12.7.jar","/home/jbergqvist/.m2/repository/org/scala-lang/modules/scala-xml_2.12/1.0.6/scala-xml_2.12-1.0.6.jar","/home/jbergqvist/.m2/repository/com/twitter/chill_2.12/0.7.6/chill_2.12-0.7.6.jar","/home/jbergqvist/.m2/repository/com/twitter/chill-java/0.7.6/chill-java-0.7.6.jar","/home/jbergqvist/.m2/repository/org/apache/flink/flink-java/1.14.4/flink-java-1.14.4.jar","/home/jbergqvist/.m2/repository/org/apache/flink/flink-shaded-guava/30.1.1-jre-14.0/flink-shaded-guava-30.1.1-jre-14.0.jar","/home/jbergqvist/.m2/repository/org/apache/commons/commons-math3/3.5/commons-math3-3.5.jar","/home/jbergqvist/.m2/repository/org/slf4j/slf4j-api/1.7.15/slf4j-api-1.7.15.jar","/home/jbergqvist/.m2/repository/com/google/code/findbugs/jsr305/1.3.9/jsr305-1.3.9.jar","/home/jbergqvist/.m2/repository/org/apache/flink/flink-shaded-force-shading/14.0/flink-shaded-force-shading-14.0.jar","/home/jbergqvist/.m2/repository/org/junit/jupiter/junit-jupiter-engine/5.13.4/junit-jupiter-engine-5.13.4.jar","/home/jbergqvist/.m2/repository/org/junit/platform/junit-platform-engine/1.13.4/junit-platform-engine-1.13.4.jar","/home/jbergqvist/.m2/repository/org/opentest4j/opentest4j/1.3.0/opentest4j-1.3.0.jar","/home/jbergqvist/.m2/repository/org/junit/platform/junit-platform-commons/1.13.4/junit-platform-commons-1.13.4.jar","/home/jbergqvist/.m2/repository/org/junit/jupiter/junit-jupiter-api/5.13.4/junit-jupiter-api-5.13.4.jar","/home/jbergqvist/.m2/repository/org/apiguardian/apiguardian-api/1.1.2/apiguardian-api-1.1.2.jar","/home/jbergqvist/.m2/repository/org/mockito/mockito-core/5.20.0/mockito-core-5.20.0.jar","/home/jbergqvist/.m2/repository/net/bytebuddy/byte-buddy/1.17.7/byte-buddy-1.17.7.jar","/home/jbergqvist/.m2/repository/net/bytebuddy/byte-buddy-agent/1.17.7/byte-buddy-agent-1.17.7.jar","/home/jbergqvist/.m2/repository/org/objenesis/objenesis/3.3/objenesis-3.3.jar","/home/jbergqvist/.m2/repository/org/mockito/mockito-junit-jupiter/5.20.0/mockito-junit-jupiter-5.20.0.jar","/home/jbergqvist/.m2/repository/org/apache/flink/flink-clients_2.12/1.14.4/flink-clients_2.12-1.14.4.jar","/home/jbergqvist/.m2/repository/org/apache/flink/flink-optimizer/1.14.4/flink-optimizer-1.14.4.jar","/home/jbergqvist/.m2/repository/commons-cli/commons-cli/1.3.1/commons-cli-1.3.1.jar","/home/jbergqvist/.m2/repository/org/apache/flink/flink-connector-kafka_2.11/1.14.4/flink-connector-kafka_2.11-1.14.4.jar","/home/jbergqvist/.m2/repository/org/apache/flink/flink-connector-base/1.14.4/flink-connector-base-1.14.4.jar","/home/jbergqvist/.m2/repository/org/apache/kafka/kafka-clients/2.4.1/kafka-clients-2.4.1.jar","/home/jbergqvist/.m2/repository/com/github/luben/zstd-jni/1.4.3-1/zstd-jni-1.4.3-1.jar","/home/jbergqvist/.m2/repository/com/google/guava/guava/31.1-jre/guava-31.1-jre.jar","/home/jbergqvist/.m2/repository/com/google/guava/failureaccess/1.0.1/failureaccess-1.0.1.jar","/home/jbergqvist/.m2/repository/com/google/guava/listenablefuture/9999.0-empty-to-avoid-conflict-with-guava/listenablefuture-9999.0-empty-to-avoid-conflict-with-guava.jar","/home/jbergqvist/.m2/repository/org/checkerframework/checker-qual/3.12.0/checker-qual-3.12.0.jar","/home/jbergqvist/.m2/repository/com/google/errorprone/error_prone_annotations/2.11.0/error_prone_annotations-2.11.0.jar","/home/jbergqvist/.m2/repository/com/google/j2objc/j2objc-annotations/1.3/j2objc-annotations-1.3.jar","/home/jbergqvist/.m2/repository/org/questdb/questdb/6.4.3/questdb-6.4.3.jar","/home/jbergqvist/.m2/repository/com/diffblue/cover/cover-annotations/1.8.0/cover-annotations-1.8.0.jar"],"complianceLevel":"11","productionSources":["/home/jbergqvist/diffblue/terrierteam-FinFlink/src/main/java"],"testSources":["/home/jbergqvist/diffblue/terrierteam-FinFlink/src/test/java"],"productionClasses":"/home/jbergqvist/diffblue/terrierteam-FinFlink/target/classes","testClasses":"/home/jbergqvist/diffblue/terrierteam-FinFlink/target/test-classes","sourceToBuildPathMap":null,"testSourceToBuildPathMap":null,"buildDirectory":"/home/jbergqvist/diffblue/terrierteam-FinFlink/target","plugins":[{"__type":"DefaultPlugin","groupId":"org.apache.maven.plugins","artefactId":"maven-compiler-plugin","version":"3.8.1","pluginClassName":null},{"__type":"DefaultPlugin","groupId":"org.apache.maven.plugins","artefactId":"maven-shade-plugin","version":"3.1.1","pluginClassName":null},{"__type":"DefaultPlugin","groupId":"org.apache.maven.plugins","artefactId":"maven-clean-plugin","version":"3.2.0","pluginClassName":null},{"__type":"DefaultPlugin","groupId":"org.apache.maven.plugins","artefactId":"maven-resources-plugin","version":"3.3.1","pluginClassName":null},{"__type":"DefaultPlugin","groupId":"org.apache.maven.plugins","artefactId":"maven-jar-plugin","version":"3.4.1","pluginClassName":null},{"__type":"DefaultPlugin","groupId":"org.apache.maven.plugins","artefactId":"maven-surefire-plugin","version":"3.2.5","pluginClassName":null},{"__type":"DefaultPlugin","groupId":"org.apache.maven.plugins","artefactId":"maven-install-plugin","version":"3.1.2","pluginClassName":null},{"__type":"DefaultPlugin","groupId":"org.apache.maven.plugins","artefactId":"maven-deploy-plugin","version":"3.1.2","pluginClassName":null},{"__type":"DefaultPlugin","groupId":"org.apache.maven.plugins","artefactId":"maven-site-plugin","version":"3.12.1","pluginClassName":null}],"version":"3.9.12","encoding":null,"name":"maven","subModules":[],"simpleModuleName":null,"parentModuleName":null,"location":"/home/jbergqvist/diffblue/terrierteam-FinFlink","fullModuleName":"Infinitech-FinFlink:Infinitech-FinFlink"}}
13:30:19.656 [INFO]   [Validating]  out: [INFO] ------------------------------------------------------------------------
13:30:19.656 [INFO]   [Validating]  out: [INFO] BUILD SUCCESS
13:30:19.656 [INFO]   [Validating]  out: [INFO] ------------------------------------------------------------------------
13:30:19.656 [INFO]   [Validating]  out: [INFO] Total time:  3.972 s
13:30:19.656 [INFO]   [Validating]  out: [INFO] Finished at: 2026-01-12T13:30:19Z
13:30:19.656 [INFO]   [Validating]  out: [INFO] ------------------------------------------------------------------------
13:30:19.656 [INFO]   [Validating]  deserializing line [DIFFBLUE]{"__type":"com.diffblue.cover.buildsystem.model.ProjectInfoMessage","projectName":"Infinitech-FinFlink:Infinitech-FinFlink","productionSources":["/home/jbergqvist/diffblue/terrierteam-FinFlink/src/main/java","/home/jbergqvist/diffblue/terrierteam-FinFlink/target/generated-sources/annotations"],"testSources":["/home/jbergqvist/diffblue/terrierteam-FinFlink/src/test/java","/home/jbergqvist/diffblue/terrierteam-FinFlink/target/generated-test-sources/test-annotations"],"location":"/home/jbergqvist/diffblue/terrierteam-FinFlink"}
13:30:19.701 [INFO]   [Validating]  maven:err process not stopped, joining thread
13:30:19.702 [INFO]   [Validating]  maven:out process not stopped, joining thread
13:30:19.899 [INFO]   [Validating]  All 236 created tests were successfully validated.
13:30:19.916 [INFO]   [Measuring]   Calculating coverage from Diffblue tests.
13:30:19.918 [INFO]   [Measuring]   Using default build rules as no custom rules found in any of [/home/jbergqvist/diffblue/terrierteam-FinFlink]
13:30:19.918 [INFO]   [Measuring]   Using default build rules as no custom rules found in any of [/home/jbergqvist/diffblue/terrierteam-FinFlink]
13:30:19.919 [INFO]   [Measuring]   Attempting to invoke mvnw in working directory: /home/jbergqvist/diffblue/terrierteam-FinFlink
13:30:19.919 [INFO]   [Measuring]   Attempting to invoke /home/jbergqvist/.sdkman/candidates/maven/current/bin/mvn in working directory: /home/jbergqvist/diffblue/terrierteam-FinFlink
13:30:19.920 [INFO]   [Measuring]   Started "/home/jbergqvist/.sdkman/candidates/maven/current/bin/mvn -Dmaven.ext.class.path=/opt/cover/cover-buildsystem-maven-spy-jar-with-dependencies.jar -Dcom.diffblue.cover.skipTests=true -DskipTestOptimizer --batch-mode --projects=Infinitech-FinFlink:Infinitech-FinFlink --global-settings=/home/jbergqvist/.sdkman/candidates/maven/current/conf/settings.xml org.jacoco:jacoco-maven-plugin:0.8.11:prepare-agent -Djacoco.skip=false test -DfailIfNoTests=false -Dsurefire.failIfNoSpecifiedTests=false -Dmaven.test.failure.ignore=True -Dtest=*DiffblueTest org.jacoco:jacoco-maven-plugin:0.8.11:report -Djacoco.skip=false"
13:30:20.718 [INFO]   [Measuring]   out: [INFO] Scanning for projects...
13:30:20.792 [INFO]   [Measuring]   out: [INFO] 
13:30:20.792 [INFO]   [Measuring]   out: [INFO] --------------< Infinitech-FinFlink:Infinitech-FinFlink >---------------
13:30:20.792 [INFO]   [Measuring]   out: [INFO] Building Infinitech-FinFlink 0.6
13:30:20.793 [INFO]   [Measuring]   out: [INFO]   from pom.xml
13:30:20.793 [INFO]   [Measuring]   out: [INFO] --------------------------------[ jar ]---------------------------------
13:30:21.109 [INFO]   [Measuring]   deserializing line [DIFFBLUE]{"__type":"com.diffblue.cover.buildsystem.model.DefaultEventMessage","project":"Infinitech-FinFlink:Infinitech-FinFlink","goal":"prepare-agent","cause":null,"state":"STARTED"}
13:30:21.110 [INFO]   [Measuring]   out: [INFO] 
13:30:21.111 [INFO]   [Measuring]   out: [INFO] --- jacoco:0.8.11:prepare-agent (default-cli) @ Infinitech-FinFlink ---
13:30:21.184 [INFO]   [Measuring]   out: [INFO] argLine set to -javaagent:/home/jbergqvist/.m2/repository/org/jacoco/org.jacoco.agent/0.8.11/org.jacoco.agent-0.8.11-runtime.jar=destfile=/home/jbergqvist/diffblue/terrierteam-FinFlink/target/jacoco.exec
13:30:21.186 [INFO]   [Measuring]   deserializing line [DIFFBLUE]{"__type":"com.diffblue.cover.buildsystem.model.DefaultEventMessage","project":"Infinitech-FinFlink:Infinitech-FinFlink","goal":"prepare-agent","cause":null,"state":"SUCCESS"}
13:30:21.187 [INFO]   [Measuring]   deserializing line [DIFFBLUE]{"__type":"com.diffblue.cover.buildsystem.model.DefaultEventMessage","project":"Infinitech-FinFlink:Infinitech-FinFlink","goal":"resources","cause":null,"state":"STARTED"}
13:30:21.188 [INFO]   [Measuring]   out: [INFO] 
13:30:21.188 [INFO]   [Measuring]   out: [INFO] --- resources:3.3.1:resources (default-resources) @ Infinitech-FinFlink ---
13:30:21.227 [INFO]   [Measuring]   out: [WARNING] Using platform encoding (UTF-8 actually) to copy filtered resources, i.e. build is platform dependent!
13:30:21.227 [INFO]   [Measuring]   out: [INFO] skip non existing resourceDirectory /home/jbergqvist/diffblue/terrierteam-FinFlink/resources
13:30:21.228 [INFO]   [Measuring]   deserializing line [DIFFBLUE]{"__type":"com.diffblue.cover.buildsystem.model.DefaultEventMessage","project":"Infinitech-FinFlink:Infinitech-FinFlink","goal":"resources","cause":null,"state":"SUCCESS"}
13:30:21.230 [INFO]   [Measuring]   deserializing line [DIFFBLUE]{"__type":"com.diffblue.cover.buildsystem.model.DefaultEventMessage","project":"Infinitech-FinFlink:Infinitech-FinFlink","goal":"compile","cause":null,"state":"STARTED"}
13:30:21.231 [INFO]   [Measuring]   out: [INFO] 
13:30:21.232 [INFO]   [Measuring]   out: [INFO] --- compiler:3.8.1:compile (default-compile) @ Infinitech-FinFlink ---
13:30:21.383 [INFO]   [Measuring]   out: [INFO] Nothing to compile - all classes are up to date
13:30:21.384 [INFO]   [Measuring]   deserializing line [DIFFBLUE]{"__type":"com.diffblue.cover.buildsystem.model.DefaultEventMessage","project":"Infinitech-FinFlink:Infinitech-FinFlink","goal":"compile","cause":null,"state":"SUCCESS"}
13:30:21.387 [INFO]   [Measuring]   deserializing line [DIFFBLUE]{"__type":"com.diffblue.cover.buildsystem.model.DefaultEventMessage","project":"Infinitech-FinFlink:Infinitech-FinFlink","goal":"testResources","cause":null,"state":"STARTED"}
13:30:21.388 [INFO]   [Measuring]   out: [INFO] 
13:30:21.388 [INFO]   [Measuring]   out: [INFO] --- resources:3.3.1:testResources (default-testResources) @ Infinitech-FinFlink ---
13:30:21.389 [INFO]   [Measuring]   out: [WARNING] Using platform encoding (UTF-8 actually) to copy filtered resources, i.e. build is platform dependent!
13:30:21.389 [INFO]   [Measuring]   out: [INFO] skip non existing resourceDirectory /home/jbergqvist/diffblue/terrierteam-FinFlink/src/test/resources
13:30:21.389 [INFO]   [Measuring]   deserializing line [DIFFBLUE]{"__type":"com.diffblue.cover.buildsystem.model.DefaultEventMessage","project":"Infinitech-FinFlink:Infinitech-FinFlink","goal":"testResources","cause":null,"state":"SUCCESS"}
13:30:21.391 [INFO]   [Measuring]   deserializing line [DIFFBLUE]{"__type":"com.diffblue.cover.buildsystem.model.DefaultEventMessage","project":"Infinitech-FinFlink:Infinitech-FinFlink","goal":"testCompile","cause":null,"state":"STARTED"}
13:30:21.392 [INFO]   [Measuring]   out: [INFO] 
13:30:21.392 [INFO]   [Measuring]   out: [INFO] --- compiler:3.8.1:testCompile (default-testCompile) @ Infinitech-FinFlink ---
13:30:21.400 [INFO]   [Measuring]   out: [INFO] Nothing to compile - all classes are up to date
13:30:21.401 [INFO]   [Measuring]   deserializing line [DIFFBLUE]{"__type":"com.diffblue.cover.buildsystem.model.DefaultEventMessage","project":"Infinitech-FinFlink:Infinitech-FinFlink","goal":"testCompile","cause":null,"state":"SUCCESS"}
13:30:21.403 [INFO]   [Measuring]   deserializing line [DIFFBLUE]{"__type":"com.diffblue.cover.buildsystem.model.DefaultEventMessage","project":"Infinitech-FinFlink:Infinitech-FinFlink","goal":"test","cause":null,"state":"STARTED"}
13:30:21.404 [INFO]   [Measuring]   out: [INFO] 
13:30:21.404 [INFO]   [Measuring]   out: [INFO] --- surefire:3.2.5:test (default-test) @ Infinitech-FinFlink ---
13:30:21.523 [INFO]   [Measuring]   out: [INFO] Using auto detected provider org.apache.maven.surefire.junitplatform.JUnitPlatformProvider
13:30:21.554 [INFO]   [Measuring]   out: [INFO] 
13:30:21.554 [INFO]   [Measuring]   out: [INFO] -------------------------------------------------------
13:30:21.555 [INFO]   [Measuring]   out: [INFO]  T E S T S
13:30:21.555 [INFO]   [Measuring]   out: [INFO] -------------------------------------------------------
13:30:22.418 [INFO]   [Measuring]   out: [INFO] Running eu.infinitech.finflink.structures.TechnicalIndicatorsDiffblueTest
13:30:22.512 [INFO]   [Measuring]   out: [INFO] Tests run: 5, Failures: 0, Errors: 0, Skipped: 0, Time elapsed: 0.059 s -- in eu.infinitech.finflink.structures.TechnicalIndicatorsDiffblueTest
13:30:22.512 [INFO]   [Measuring]   out: [INFO] Running eu.infinitech.finflink.structures.TradePeriodDiffblueTest
13:30:22.518 [INFO]   [Measuring]   out: [INFO] Tests run: 16, Failures: 0, Errors: 0, Skipped: 0, Time elapsed: 0.027 s -- in eu.infinitech.finflink.structures.TradePeriodDiffblueTest
13:30:22.519 [INFO]   [Measuring]   out: [INFO] Running eu.infinitech.finflink.structures.TradeDiffblueTest
13:30:22.522 [INFO]   [Measuring]   out: [INFO] Tests run: 4, Failures: 0, Errors: 0, Skipped: 0, Time elapsed: 0.006 s -- in eu.infinitech.finflink.structures.TradeDiffblueTest
13:30:22.523 [INFO]   [Measuring]   out: [INFO] Running eu.infinitech.finflink.structures.PricePointDiffblueTest
13:30:22.526 [INFO]   [Measuring]   out: [INFO] Tests run: 6, Failures: 0, Errors: 0, Skipped: 0, Time elapsed: 0.009 s -- in eu.infinitech.finflink.structures.PricePointDiffblueTest
13:30:22.526 [INFO]   [Measuring]   out: [INFO] Running eu.infinitech.finflink.structures.IndicatorRequirementsDiffblueTest
13:30:22.532 [INFO]   [Measuring]   out: [INFO] Tests run: 6, Failures: 0, Errors: 0, Skipped: 0, Time elapsed: 0.006 s -- in eu.infinitech.finflink.structures.IndicatorRequirementsDiffblueTest
13:30:22.532 [INFO]   [Measuring]   out: [INFO] Running eu.infinitech.finflink.structures.TradingDataAccumulatorDiffblueTest
13:30:22.535 [INFO]   [Measuring]   out: [INFO] Tests run: 2, Failures: 0, Errors: 0, Skipped: 0, Time elapsed: 0.003 s -- in eu.infinitech.finflink.structures.TradingDataAccumulatorDiffblueTest
13:30:22.535 [INFO]   [Measuring]   out: [INFO] Running eu.infinitech.finflink.structures.StreamCharacteristicsDiffblueTest
13:30:22.543 [INFO]   [Measuring]   out: [INFO] Tests run: 6, Failures: 0, Errors: 0, Skipped: 0, Time elapsed: 0.008 s -- in eu.infinitech.finflink.structures.StreamCharacteristicsDiffblueTest
13:30:22.543 [INFO]   [Measuring]   out: [INFO] Running eu.infinitech.finflink.structures.InputStreamTypeDiffblueTest
13:30:22.547 [INFO]   [Measuring]   out: [INFO] Tests run: 4, Failures: 0, Errors: 0, Skipped: 0, Time elapsed: 0.004 s -- in eu.infinitech.finflink.structures.InputStreamTypeDiffblueTest
13:30:22.547 [INFO]   [Measuring]   out: [INFO] Running eu.infinitech.finflink.structures.TechnicalIndicatorDiffblueTest
13:30:22.549 [INFO]   [Measuring]   out: [INFO] Tests run: 2, Failures: 0, Errors: 0, Skipped: 0, Time elapsed: 0.002 s -- in eu.infinitech.finflink.structures.TechnicalIndicatorDiffblueTest
13:30:22.549 [INFO]   [Measuring]   out: [INFO] Running eu.infinitech.finflink.time.TradingDataTimeAssignerDiffblueTest
13:30:23.468 [INFO]   [Measuring]   out: [INFO] Tests run: 3, Failures: 0, Errors: 0, Skipped: 0, Time elapsed: 0.916 s -- in eu.infinitech.finflink.time.TradingDataTimeAssignerDiffblueTest
13:30:23.468 [INFO]   [Measuring]   out: [INFO] Running eu.infinitech.finflink.keys.KeyByAssetIDDiffblueTest
13:30:23.477 [INFO]   [Measuring]   out: [INFO] Tests run: 2, Failures: 0, Errors: 0, Skipped: 0, Time elapsed: 0.007 s -- in eu.infinitech.finflink.keys.KeyByAssetIDDiffblueTest
13:30:23.477 [INFO]   [Measuring]   out: [INFO] Running eu.infinitech.finflink.transformations.data.InputParserDiffblueTest
13:30:23.485 [INFO]   [Measuring]   out: [INFO] Tests run: 2, Failures: 0, Errors: 0, Skipped: 0, Time elapsed: 0.007 s -- in eu.infinitech.finflink.transformations.data.InputParserDiffblueTest
13:30:23.485 [INFO]   [Measuring]   out: [INFO] Running eu.infinitech.finflink.transformations.data.ToTradeDiffblueTest
13:30:23.488 [INFO]   [Measuring]   out: [INFO] Tests run: 1, Failures: 0, Errors: 0, Skipped: 0, Time elapsed: 0.002 s -- in eu.infinitech.finflink.transformations.data.ToTradeDiffblueTest
13:30:23.488 [INFO]   [Measuring]   out: [INFO] Running eu.infinitech.finflink.transformations.data.ToPricePointDiffblueTest
13:30:23.495 [INFO]   [Measuring]   out: [INFO] Tests run: 4, Failures: 0, Errors: 0, Skipped: 0, Time elapsed: 0.007 s -- in eu.infinitech.finflink.transformations.data.ToPricePointDiffblueTest
13:30:23.495 [INFO]   [Measuring]   out: [INFO] Running eu.infinitech.finflink.transformations.technicalIndicators.TrueRangeDiffblueTest
13:30:23.505 [INFO]   [Measuring]   out: [INFO] Tests run: 6, Failures: 0, Errors: 0, Skipped: 0, Time elapsed: 0.008 s -- in eu.infinitech.finflink.transformations.technicalIndicators.TrueRangeDiffblueTest
13:30:23.505 [INFO]   [Measuring]   out: [INFO] Running eu.infinitech.finflink.transformations.technicalIndicators.HighPriceDirectionalMomentumDiffblueTest
13:30:23.511 [INFO]   [Measuring]   out: [INFO] Tests run: 4, Failures: 0, Errors: 0, Skipped: 0, Time elapsed: 0.005 s -- in eu.infinitech.finflink.transformations.technicalIndicators.HighPriceDirectionalMomentumDiffblueTest
13:30:23.511 [INFO]   [Measuring]   out: [INFO] Running eu.infinitech.finflink.transformations.technicalIndicators.MoneyFlowIndexDiffblueTest
13:30:23.536 [INFO]   [Measuring]   out: [INFO] Tests run: 6, Failures: 0, Errors: 0, Skipped: 0, Time elapsed: 0.024 s -- in eu.infinitech.finflink.transformations.technicalIndicators.MoneyFlowIndexDiffblueTest
13:30:23.536 [INFO]   [Measuring]   out: [INFO] Running eu.infinitech.finflink.transformations.technicalIndicators.AverageTrueRangeDiffblueTest
13:30:23.542 [INFO]   [Measuring]   out: [INFO] Tests run: 4, Failures: 0, Errors: 0, Skipped: 0, Time elapsed: 0.006 s -- in eu.infinitech.finflink.transformations.technicalIndicators.AverageTrueRangeDiffblueTest
13:30:23.543 [INFO]   [Measuring]   out: [INFO] Running eu.infinitech.finflink.transformations.technicalIndicators.TechnicalIndicatorGeneratorDiffblueTest
13:30:23.549 [INFO]   [Measuring]   out: [INFO] Tests run: 6, Failures: 0, Errors: 0, Skipped: 0, Time elapsed: 0.006 s -- in eu.infinitech.finflink.transformations.technicalIndicators.TechnicalIndicatorGeneratorDiffblueTest
13:30:23.549 [INFO]   [Measuring]   out: [INFO] Running eu.infinitech.finflink.transformations.technicalIndicators.ReturnsDiffblueTest
13:30:23.556 [INFO]   [Measuring]   out: [INFO] Tests run: 5, Failures: 0, Errors: 0, Skipped: 0, Time elapsed: 0.006 s -- in eu.infinitech.finflink.transformations.technicalIndicators.ReturnsDiffblueTest
13:30:23.556 [INFO]   [Measuring]   out: [INFO] Running eu.infinitech.finflink.transformations.technicalIndicators.VolatilityDiffblueTest
13:30:23.577 [INFO]   [Measuring]   out: [INFO] Tests run: 7, Failures: 0, Errors: 0, Skipped: 0, Time elapsed: 0.020 s -- in eu.infinitech.finflink.transformations.technicalIndicators.VolatilityDiffblueTest
13:30:23.578 [INFO]   [Measuring]   out: [INFO] Running eu.infinitech.finflink.transformations.technicalIndicators.UtilsDiffblueTest
13:30:23.609 [INFO]   [Measuring]   out: [INFO] Tests run: 28, Failures: 0, Errors: 0, Skipped: 0, Time elapsed: 0.030 s -- in eu.infinitech.finflink.transformations.technicalIndicators.UtilsDiffblueTest
13:30:23.609 [INFO]   [Measuring]   out: [INFO] Running eu.infinitech.finflink.transformations.technicalIndicators.LowPriceDirectionalIndexDiffblueTest
13:30:23.612 [INFO]   [Measuring]   out: [INFO] Tests run: 4, Failures: 0, Errors: 0, Skipped: 0, Time elapsed: 0.004 s -- in eu.infinitech.finflink.transformations.technicalIndicators.LowPriceDirectionalIndexDiffblueTest
13:30:23.613 [INFO]   [Measuring]   out: [INFO] Running eu.infinitech.finflink.transformations.technicalIndicators.RelativeStrengthIndexDiffblueTest
13:30:23.618 [INFO]   [Measuring]   out: [INFO] Tests run: 5, Failures: 0, Errors: 0, Skipped: 0, Time elapsed: 0.005 s -- in eu.infinitech.finflink.transformations.technicalIndicators.RelativeStrengthIndexDiffblueTest
13:30:23.618 [INFO]   [Measuring]   out: [INFO] Running eu.infinitech.finflink.transformations.technicalIndicators.MomentumDiffblueTest
13:30:23.622 [INFO]   [Measuring]   out: [INFO] Tests run: 6, Failures: 0, Errors: 0, Skipped: 0, Time elapsed: 0.004 s -- in eu.infinitech.finflink.transformations.technicalIndicators.MomentumDiffblueTest
13:30:23.622 [INFO]   [Measuring]   out: [INFO] Running eu.infinitech.finflink.transformations.technicalIndicators.OnBalanceVolumeIndicatorDiffblueTest
13:30:23.628 [INFO]   [Measuring]   out: [INFO] Tests run: 6, Failures: 0, Errors: 0, Skipped: 0, Time elapsed: 0.006 s -- in eu.infinitech.finflink.transformations.technicalIndicators.OnBalanceVolumeIndicatorDiffblueTest
13:30:23.629 [INFO]   [Measuring]   out: [INFO] Running eu.infinitech.finflink.transformations.technicalIndicators.VortexMinusDiffblueTest
13:30:23.635 [INFO]   [Measuring]   out: [INFO] Tests run: 4, Failures: 0, Errors: 0, Skipped: 0, Time elapsed: 0.006 s -- in eu.infinitech.finflink.transformations.technicalIndicators.VortexMinusDiffblueTest
13:30:23.635 [INFO]   [Measuring]   out: [INFO] Running eu.infinitech.finflink.transformations.technicalIndicators.ForceIndexDiffblueTest
13:30:23.639 [INFO]   [Measuring]   out: [INFO] Tests run: 4, Failures: 0, Errors: 0, Skipped: 0, Time elapsed: 0.004 s -- in eu.infinitech.finflink.transformations.technicalIndicators.ForceIndexDiffblueTest
13:30:23.639 [INFO]   [Measuring]   out: [INFO] Running eu.infinitech.finflink.transformations.technicalIndicators.VortexPlusDiffblueTest
13:30:23.645 [INFO]   [Measuring]   out: [INFO] Tests run: 4, Failures: 0, Errors: 0, Skipped: 0, Time elapsed: 0.006 s -- in eu.infinitech.finflink.transformations.technicalIndicators.VortexPlusDiffblueTest
13:30:23.645 [INFO]   [Measuring]   out: [INFO] Running eu.infinitech.finflink.transformations.technicalIndicators.LogReturnsDiffblueTest
13:30:23.651 [INFO]   [Measuring]   out: [INFO] Tests run: 6, Failures: 0, Errors: 0, Skipped: 0, Time elapsed: 0.005 s -- in eu.infinitech.finflink.transformations.technicalIndicators.LogReturnsDiffblueTest
13:30:23.651 [INFO]   [Measuring]   out: [INFO] Running eu.infinitech.finflink.transformations.technicalIndicators.HighPriceDirectionalIndexDiffblueTest
13:30:23.655 [INFO]   [Measuring]   out: [INFO] Tests run: 4, Failures: 0, Errors: 0, Skipped: 0, Time elapsed: 0.003 s -- in eu.infinitech.finflink.transformations.technicalIndicators.HighPriceDirectionalIndexDiffblueTest
13:30:23.655 [INFO]   [Measuring]   out: [INFO] Running eu.infinitech.finflink.transformations.technicalIndicators.TechnicalIndicatorPipelineDiffblueTest
13:30:23.676 [INFO]   [Measuring]   out: [INFO] Tests run: 9, Failures: 0, Errors: 0, Skipped: 0, Time elapsed: 0.021 s -- in eu.infinitech.finflink.transformations.technicalIndicators.TechnicalIndicatorPipelineDiffblueTest
13:30:23.677 [INFO]   [Measuring]   out: [INFO] Running eu.infinitech.finflink.transformations.technicalIndicators.LowPriceDirectionalMomentumDiffblueTest
13:30:23.679 [INFO]   [Measuring]   out: [INFO] Tests run: 4, Failures: 0, Errors: 0, Skipped: 0, Time elapsed: 0.001 s -- in eu.infinitech.finflink.transformations.technicalIndicators.LowPriceDirectionalMomentumDiffblueTest
13:30:23.679 [INFO]   [Measuring]   out: [INFO] Running eu.infinitech.finflink.transformations.technicalIndicators.DirectionalIndexDiffblueTest
13:30:23.683 [INFO]   [Measuring]   out: [INFO] Tests run: 9, Failures: 0, Errors: 0, Skipped: 0, Time elapsed: 0.003 s -- in eu.infinitech.finflink.transformations.technicalIndicators.DirectionalIndexDiffblueTest
13:30:23.683 [INFO]   [Measuring]   out: [INFO] Running eu.infinitech.finflink.transformations.technicalIndicators.AccumulationDistributionIndexDiffblueTest
13:30:23.685 [INFO]   [Measuring]   out: [INFO] Tests run: 5, Failures: 0, Errors: 0, Skipped: 0, Time elapsed: 0.002 s -- in eu.infinitech.finflink.transformations.technicalIndicators.AccumulationDistributionIndexDiffblueTest
13:30:23.685 [INFO]   [Measuring]   out: [INFO] Running eu.infinitech.finflink.transformations.technicalIndicators.AverageDirectionalIndexDiffblueTest
13:30:23.687 [INFO]   [Measuring]   out: [INFO] Tests run: 5, Failures: 0, Errors: 0, Skipped: 0, Time elapsed: 0.001 s -- in eu.infinitech.finflink.transformations.technicalIndicators.AverageDirectionalIndexDiffblueTest
13:30:23.687 [INFO]   [Measuring]   out: [INFO] Running eu.infinitech.finflink.transformations.technicalIndicators.MovingAverageConvergenceDivergenceDiffblueTest
13:30:23.690 [INFO]   [Measuring]   out: [INFO] Tests run: 5, Failures: 0, Errors: 0, Skipped: 0, Time elapsed: 0.002 s -- in eu.infinitech.finflink.transformations.technicalIndicators.MovingAverageConvergenceDivergenceDiffblueTest
13:30:23.690 [INFO]   [Measuring]   out: [INFO] Running eu.infinitech.finflink.transformations.technicalIndicators.CommodityChannelIndexDiffblueTest
13:30:23.693 [INFO]   [Measuring]   out: [INFO] Tests run: 5, Failures: 0, Errors: 0, Skipped: 0, Time elapsed: 0.003 s -- in eu.infinitech.finflink.transformations.technicalIndicators.CommodityChannelIndexDiffblueTest
13:30:23.693 [INFO]   [Measuring]   out: [INFO] Running eu.infinitech.finflink.transformations.technicalIndicators.PeriodEndDiffblueTest
13:30:23.695 [INFO]   [Measuring]   out: [INFO] Tests run: 3, Failures: 0, Errors: 0, Skipped: 0, Time elapsed: 0.002 s -- in eu.infinitech.finflink.transformations.technicalIndicators.PeriodEndDiffblueTest
13:30:23.695 [INFO]   [Measuring]   out: [INFO] Running eu.infinitech.finflink.transformations.technicalIndicators.DetrendedCloseOscillatorDiffblueTest
13:30:23.698 [INFO]   [Measuring]   out: [INFO] Tests run: 5, Failures: 0, Errors: 0, Skipped: 0, Time elapsed: 0.002 s -- in eu.infinitech.finflink.transformations.technicalIndicators.DetrendedCloseOscillatorDiffblueTest
13:30:23.698 [INFO]   [Measuring]   out: [INFO] Running eu.infinitech.finflink.transformations.technicalIndicators.TechnicalIndicatorDiffblueTest
13:30:23.785 [INFO]   [Measuring]   out: [INFO] Tests run: 6, Failures: 0, Errors: 0, Skipped: 0, Time elapsed: 0.086 s -- in eu.infinitech.finflink.transformations.technicalIndicators.TechnicalIndicatorDiffblueTest
13:30:23.786 [INFO]   [Measuring]   out: [INFO] Running eu.infinitech.finflink.util.TradePeriodsGeneratorDiffblueTest
13:30:23.788 [INFO]   [Measuring]   out: [INFO] Tests run: 3, Failures: 0, Errors: 0, Skipped: 0, Time elapsed: 0.002 s -- in eu.infinitech.finflink.util.TradePeriodsGeneratorDiffblueTest
13:30:23.789 [INFO]   [Measuring]   out: [INFO] Running eu.infinitech.finflink.sinks.QuestDBSinkDiffblueTest
13:30:23.794 [INFO]   [Measuring]   out: [INFO] Tests run: 4, Failures: 0, Errors: 0, Skipped: 0, Time elapsed: 0.005 s -- in eu.infinitech.finflink.sinks.QuestDBSinkDiffblueTest
13:30:23.795 [INFO]   [Measuring]   out: [INFO] Running eu.infinitech.finflink.sinks.PrintSinkDiffblueTest
13:30:23.796 [INFO]   [Measuring]   out: [INFO] Tests run: 1, Failures: 0, Errors: 0, Skipped: 0, Time elapsed: 0.002 s -- in eu.infinitech.finflink.sinks.PrintSinkDiffblueTest
13:30:23.877 [INFO]   [Measuring]   out: [INFO] 
13:30:23.877 [INFO]   [Measuring]   out: [INFO] Results:
13:30:23.877 [INFO]   [Measuring]   out: [INFO] 
13:30:23.877 [INFO]   [Measuring]   out: [INFO] Tests run: 236, Failures: 0, Errors: 0, Skipped: 0
13:30:23.877 [INFO]   [Measuring]   out: [INFO] 
13:30:23.880 [INFO]   [Measuring]   deserializing line [DIFFBLUE]{"__type":"com.diffblue.cover.buildsystem.model.DefaultEventMessage","project":"Infinitech-FinFlink:Infinitech-FinFlink","goal":"test","cause":null,"state":"SUCCESS"}
13:30:23.881 [INFO]   [Measuring]   deserializing line [DIFFBLUE]{"__type":"com.diffblue.cover.buildsystem.model.DefaultEventMessage","project":"Infinitech-FinFlink:Infinitech-FinFlink","goal":"report","cause":null,"state":"STARTED"}
13:30:23.883 [INFO]   [Measuring]   out: [INFO] 
13:30:23.883 [INFO]   [Measuring]   out: [INFO] --- jacoco:0.8.11:report (default-cli) @ Infinitech-FinFlink ---
13:30:23.886 [INFO]   [Measuring]   out: [INFO] Loading execution data file /home/jbergqvist/diffblue/terrierteam-FinFlink/target/jacoco.exec
13:30:23.949 [INFO]   [Measuring]   out: [INFO] Analyzed bundle 'Infinitech-FinFlink' with 51 classes
13:30:24.020 [INFO]   [Measuring]   deserializing line [DIFFBLUE]{"__type":"com.diffblue.cover.buildsystem.model.DefaultEventMessage","project":"Infinitech-FinFlink:Infinitech-FinFlink","goal":"report","cause":null,"state":"SUCCESS"}
13:30:24.046 [INFO]   [Measuring]   deserializing line [DIFFBLUE]{"__type":"com.diffblue.cover.buildsystem.model.DefaultProjectModuleMessage","project":{"__type":"DefaultProjectModule","junitReport":["/home/jbergqvist/diffblue/terrierteam-FinFlink/target/surefire-reports"],"jacocoReport":["/home/jbergqvist/diffblue/terrierteam-FinFlink/target/site/jacoco/jacoco.xml"],"jacocoDestFile":["/home/jbergqvist/diffblue/terrierteam-FinFlink/target/jacoco.exec"],"jacocoFormats":["xml"],"jacocoSkipped":false,"classpath":["/home/jbergqvist/diffblue/terrierteam-FinFlink/target/classes","/home/jbergqvist/.m2/repository/org/apache/flink/flink-streaming-java_2.12/1.14.4/flink-streaming-java_2.12-1.14.4.jar","/home/jbergqvist/.m2/repository/org/apache/flink/flink-core/1.14.4/flink-core-1.14.4.jar","/home/jbergqvist/.m2/repository/org/apache/flink/flink-annotations/1.14.4/flink-annotations-1.14.4.jar","/home/jbergqvist/.m2/repository/org/apache/flink/flink-metrics-core/1.14.4/flink-metrics-core-1.14.4.jar","/home/jbergqvist/.m2/repository/org/apache/flink/flink-shaded-asm-7/7.1-14.0/flink-shaded-asm-7-7.1-14.0.jar","/home/jbergqvist/.m2/repository/org/apache/commons/commons-lang3/3.3.2/commons-lang3-3.3.2.jar","/home/jbergqvist/.m2/repository/com/esotericsoftware/kryo/kryo/2.24.0/kryo-2.24.0.jar","/home/jbergqvist/.m2/repository/com/esotericsoftware/minlog/minlog/1.2/minlog-1.2.jar","/home/jbergqvist/.m2/repository/commons-collections/commons-collections/3.2.2/commons-collections-3.2.2.jar","/home/jbergqvist/.m2/repository/org/apache/commons/commons-compress/1.21/commons-compress-1.21.jar","/home/jbergqvist/.m2/repository/org/apache/flink/flink-file-sink-common/1.14.4/flink-file-sink-common-1.14.4.jar","/home/jbergqvist/.m2/repository/org/apache/flink/flink-runtime/1.14.4/flink-runtime-1.14.4.jar","/home/jbergqvist/.m2/repository/org/apache/flink/flink-rpc-core/1.14.4/flink-rpc-core-1.14.4.jar","/home/jbergqvist/.m2/repository/org/apache/flink/flink-rpc-akka-loader/1.14.4/flink-rpc-akka-loader-1.14.4.jar","/home/jbergqvist/.m2/repository/org/apache/flink/flink-queryable-state-client-java/1.14.4/flink-queryable-state-client-java-1.14.4.jar","/home/jbergqvist/.m2/repository/org/apache/flink/flink-hadoop-fs/1.14.4/flink-hadoop-fs-1.14.4.jar","/home/jbergqvist/.m2/repository/commons-io/commons-io/2.8.0/commons-io-2.8.0.jar","/home/jbergqvist/.m2/repository/org/apache/flink/flink-shaded-netty/4.1.65.Final-14.0/flink-shaded-netty-4.1.65.Final-14.0.jar","/home/jbergqvist/.m2/repository/org/apache/flink/flink-shaded-jackson/2.12.4-14.0/flink-shaded-jackson-2.12.4-14.0.jar","/home/jbergqvist/.m2/repository/org/apache/flink/flink-shaded-zookeeper-3/3.4.14-14.0/flink-shaded-zookeeper-3-3.4.14-14.0.jar","/home/jbergqvist/.m2/repository/org/javassist/javassist/3.24.0-GA/javassist-3.24.0-GA.jar","/home/jbergqvist/.m2/repository/org/xerial/snappy/snappy-java/1.1.8.3/snappy-java-1.1.8.3.jar","/home/jbergqvist/.m2/repository/org/lz4/lz4-java/1.8.0/lz4-java-1.8.0.jar","/home/jbergqvist/.m2/repository/org/apache/flink/flink-scala_2.12/1.14.4/flink-scala_2.12-1.14.4.jar","/home/jbergqvist/.m2/repository/org/scala-lang/scala-reflect/2.12.7/scala-reflect-2.12.7.jar","/home/jbergqvist/.m2/repository/org/scala-lang/scala-library/2.12.7/scala-library-2.12.7.jar","/home/jbergqvist/.m2/repository/org/scala-lang/scala-compiler/2.12.7/scala-compiler-2.12.7.jar","/home/jbergqvist/.m2/repository/org/scala-lang/modules/scala-xml_2.12/1.0.6/scala-xml_2.12-1.0.6.jar","/home/jbergqvist/.m2/repository/com/twitter/chill_2.12/0.7.6/chill_2.12-0.7.6.jar","/home/jbergqvist/.m2/repository/com/twitter/chill-java/0.7.6/chill-java-0.7.6.jar","/home/jbergqvist/.m2/repository/org/apache/flink/flink-java/1.14.4/flink-java-1.14.4.jar","/home/jbergqvist/.m2/repository/org/apache/flink/flink-shaded-guava/30.1.1-jre-14.0/flink-shaded-guava-30.1.1-jre-14.0.jar","/home/jbergqvist/.m2/repository/org/apache/commons/commons-math3/3.5/commons-math3-3.5.jar","/home/jbergqvist/.m2/repository/org/slf4j/slf4j-api/1.7.15/slf4j-api-1.7.15.jar","/home/jbergqvist/.m2/repository/com/google/code/findbugs/jsr305/1.3.9/jsr305-1.3.9.jar","/home/jbergqvist/.m2/repository/org/apache/flink/flink-shaded-force-shading/14.0/flink-shaded-force-shading-14.0.jar","/home/jbergqvist/.m2/repository/org/junit/jupiter/junit-jupiter-engine/5.13.4/junit-jupiter-engine-5.13.4.jar","/home/jbergqvist/.m2/repository/org/junit/platform/junit-platform-engine/1.13.4/junit-platform-engine-1.13.4.jar","/home/jbergqvist/.m2/repository/org/opentest4j/opentest4j/1.3.0/opentest4j-1.3.0.jar","/home/jbergqvist/.m2/repository/org/junit/platform/junit-platform-commons/1.13.4/junit-platform-commons-1.13.4.jar","/home/jbergqvist/.m2/repository/org/junit/jupiter/junit-jupiter-api/5.13.4/junit-jupiter-api-5.13.4.jar","/home/jbergqvist/.m2/repository/org/apiguardian/apiguardian-api/1.1.2/apiguardian-api-1.1.2.jar","/home/jbergqvist/.m2/repository/org/mockito/mockito-core/5.20.0/mockito-core-5.20.0.jar","/home/jbergqvist/.m2/repository/net/bytebuddy/byte-buddy/1.17.7/byte-buddy-1.17.7.jar","/home/jbergqvist/.m2/repository/net/bytebuddy/byte-buddy-agent/1.17.7/byte-buddy-agent-1.17.7.jar","/home/jbergqvist/.m2/repository/org/objenesis/objenesis/3.3/objenesis-3.3.jar","/home/jbergqvist/.m2/repository/org/mockito/mockito-junit-jupiter/5.20.0/mockito-junit-jupiter-5.20.0.jar","/home/jbergqvist/.m2/repository/org/apache/flink/flink-clients_2.12/1.14.4/flink-clients_2.12-1.14.4.jar","/home/jbergqvist/.m2/repository/org/apache/flink/flink-optimizer/1.14.4/flink-optimizer-1.14.4.jar","/home/jbergqvist/.m2/repository/commons-cli/commons-cli/1.3.1/commons-cli-1.3.1.jar","/home/jbergqvist/.m2/repository/org/apache/flink/flink-connector-kafka_2.11/1.14.4/flink-connector-kafka_2.11-1.14.4.jar","/home/jbergqvist/.m2/repository/org/apache/flink/flink-connector-base/1.14.4/flink-connector-base-1.14.4.jar","/home/jbergqvist/.m2/repository/org/apache/kafka/kafka-clients/2.4.1/kafka-clients-2.4.1.jar","/home/jbergqvist/.m2/repository/com/github/luben/zstd-jni/1.4.3-1/zstd-jni-1.4.3-1.jar","/home/jbergqvist/.m2/repository/com/google/guava/guava/31.1-jre/guava-31.1-jre.jar","/home/jbergqvist/.m2/repository/com/google/guava/failureaccess/1.0.1/failureaccess-1.0.1.jar","/home/jbergqvist/.m2/repository/com/google/guava/listenablefuture/9999.0-empty-to-avoid-conflict-with-guava/listenablefuture-9999.0-empty-to-avoid-conflict-with-guava.jar","/home/jbergqvist/.m2/repository/org/checkerframework/checker-qual/3.12.0/checker-qual-3.12.0.jar","/home/jbergqvist/.m2/repository/com/google/errorprone/error_prone_annotations/2.11.0/error_prone_annotations-2.11.0.jar","/home/jbergqvist/.m2/repository/com/google/j2objc/j2objc-annotations/1.3/j2objc-annotations-1.3.jar","/home/jbergqvist/.m2/repository/org/questdb/questdb/6.4.3/questdb-6.4.3.jar","/home/jbergqvist/.m2/repository/com/diffblue/cover/cover-annotations/1.8.0/cover-annotations-1.8.0.jar"],"complianceLevel":"11","productionSources":["/home/jbergqvist/diffblue/terrierteam-FinFlink/src/main/java"],"testSources":["/home/jbergqvist/diffblue/terrierteam-FinFlink/src/test/java"],"productionClasses":"/home/jbergqvist/diffblue/terrierteam-FinFlink/target/classes","testClasses":"/home/jbergqvist/diffblue/terrierteam-FinFlink/target/test-classes","sourceToBuildPathMap":null,"testSourceToBuildPathMap":null,"buildDirectory":"/home/jbergqvist/diffblue/terrierteam-FinFlink/target","plugins":[{"__type":"DefaultPlugin","groupId":"org.apache.maven.plugins","artefactId":"maven-compiler-plugin","version":"3.8.1","pluginClassName":null},{"__type":"DefaultPlugin","groupId":"org.apache.maven.plugins","artefactId":"maven-shade-plugin","version":"3.1.1","pluginClassName":null},{"__type":"DefaultPlugin","groupId":"org.apache.maven.plugins","artefactId":"maven-clean-plugin","version":"3.2.0","pluginClassName":null},{"__type":"DefaultPlugin","groupId":"org.apache.maven.plugins","artefactId":"maven-resources-plugin","version":"3.3.1","pluginClassName":null},{"__type":"DefaultPlugin","groupId":"org.apache.maven.plugins","artefactId":"maven-jar-plugin","version":"3.4.1","pluginClassName":null},{"__type":"DefaultPlugin","groupId":"org.apache.maven.plugins","artefactId":"maven-surefire-plugin","version":"3.2.5","pluginClassName":null},{"__type":"DefaultPlugin","groupId":"org.apache.maven.plugins","artefactId":"maven-install-plugin","version":"3.1.2","pluginClassName":null},{"__type":"DefaultPlugin","groupId":"org.apache.maven.plugins","artefactId":"maven-deploy-plugin","version":"3.1.2","pluginClassName":null},{"__type":"DefaultPlugin","groupId":"org.apache.maven.plugins","artefactId":"maven-site-plugin","version":"3.12.1","pluginClassName":null}],"version":"3.9.12","encoding":null,"name":"maven","subModules":[],"simpleModuleName":null,"parentModuleName":null,"location":"/home/jbergqvist/diffblue/terrierteam-FinFlink","fullModuleName":"Infinitech-FinFlink:Infinitech-FinFlink"}}
13:30:24.051 [INFO]   [Measuring]   out: [INFO] ------------------------------------------------------------------------
13:30:24.051 [INFO]   [Measuring]   out: [INFO] BUILD SUCCESS
13:30:24.051 [INFO]   [Measuring]   out: [INFO] ------------------------------------------------------------------------
13:30:24.051 [INFO]   [Measuring]   out: [INFO] Total time:  3.344 s
13:30:24.051 [INFO]   [Measuring]   out: [INFO] Finished at: 2026-01-12T13:30:24Z
13:30:24.051 [INFO]   [Measuring]   out: [INFO] ------------------------------------------------------------------------
13:30:24.051 [INFO]   [Measuring]   deserializing line [DIFFBLUE]{"__type":"com.diffblue.cover.buildsystem.model.ProjectInfoMessage","projectName":"Infinitech-FinFlink:Infinitech-FinFlink","productionSources":["/home/jbergqvist/diffblue/terrierteam-FinFlink/src/main/java","/home/jbergqvist/diffblue/terrierteam-FinFlink/target/generated-sources/annotations"],"testSources":["/home/jbergqvist/diffblue/terrierteam-FinFlink/src/test/java","/home/jbergqvist/diffblue/terrierteam-FinFlink/target/generated-test-sources/test-annotations"],"location":"/home/jbergqvist/diffblue/terrierteam-FinFlink"}
13:30:24.086 [INFO]   [Measuring]   maven:err process not stopped, joining thread
13:30:24.086 [INFO]   [Measuring]   maven:out process not stopped, joining thread
13:30:24.086 [INFO]   [Measuring]   Attempting to invoke mvnw in working directory: /home/jbergqvist/diffblue/terrierteam-FinFlink
13:30:24.087 [INFO]   [Measuring]   Attempting to invoke /home/jbergqvist/.sdkman/candidates/maven/current/bin/mvn in working directory: /home/jbergqvist/diffblue/terrierteam-FinFlink
13:30:24.087 [INFO]   [Measuring]   Started "/home/jbergqvist/.sdkman/candidates/maven/current/bin/mvn -Dmaven.ext.class.path=/opt/cover/cover-buildsystem-maven-spy-jar-with-dependencies.jar -Dcom.diffblue.cover.skipTests=true -DskipTestOptimizer --batch-mode --projects=Infinitech-FinFlink:Infinitech-FinFlink --global-settings=/home/jbergqvist/.sdkman/candidates/maven/current/conf/settings.xml org.jacoco:jacoco-maven-plugin:0.8.11:prepare-agent -Djacoco.skip=false test -DfailIfNoTests=false -Dsurefire.failIfNoSpecifiedTests=false -Dmaven.test.failure.ignore=True -Dtest=!*DiffblueTest,**/Test*.java,**/*Test.java,**/*Tests.java,**/*TestCase.java -Dgroups=MaintainedByDiffblue,ContributionFromDiffblue org.jacoco:jacoco-maven-plugin:0.8.11:report -Djacoco.skip=false"
13:30:24.868 [INFO]   [Measuring]   out: [INFO] Scanning for projects...
13:30:24.942 [INFO]   [Measuring]   out: [INFO] 
13:30:24.942 [INFO]   [Measuring]   out: [INFO] --------------< Infinitech-FinFlink:Infinitech-FinFlink >---------------
13:30:24.942 [INFO]   [Measuring]   out: [INFO] Building Infinitech-FinFlink 0.6
13:30:24.942 [INFO]   [Measuring]   out: [INFO]   from pom.xml
13:30:24.942 [INFO]   [Measuring]   out: [INFO] --------------------------------[ jar ]---------------------------------
13:30:25.262 [INFO]   [Measuring]   deserializing line [DIFFBLUE]{"__type":"com.diffblue.cover.buildsystem.model.DefaultEventMessage","project":"Infinitech-FinFlink:Infinitech-FinFlink","goal":"prepare-agent","cause":null,"state":"STARTED"}
13:30:25.263 [INFO]   [Measuring]   out: [INFO] 
13:30:25.263 [INFO]   [Measuring]   out: [INFO] --- jacoco:0.8.11:prepare-agent (default-cli) @ Infinitech-FinFlink ---
13:30:25.339 [INFO]   [Measuring]   out: [INFO] argLine set to -javaagent:/home/jbergqvist/.m2/repository/org/jacoco/org.jacoco.agent/0.8.11/org.jacoco.agent-0.8.11-runtime.jar=destfile=/home/jbergqvist/diffblue/terrierteam-FinFlink/target/jacoco.exec
13:30:25.340 [INFO]   [Measuring]   deserializing line [DIFFBLUE]{"__type":"com.diffblue.cover.buildsystem.model.DefaultEventMessage","project":"Infinitech-FinFlink:Infinitech-FinFlink","goal":"prepare-agent","cause":null,"state":"SUCCESS"}
13:30:25.342 [INFO]   [Measuring]   deserializing line [DIFFBLUE]{"__type":"com.diffblue.cover.buildsystem.model.DefaultEventMessage","project":"Infinitech-FinFlink:Infinitech-FinFlink","goal":"resources","cause":null,"state":"STARTED"}
13:30:25.343 [INFO]   [Measuring]   out: [INFO] 
13:30:25.343 [INFO]   [Measuring]   out: [INFO] --- resources:3.3.1:resources (default-resources) @ Infinitech-FinFlink ---
13:30:25.387 [INFO]   [Measuring]   out: [WARNING] Using platform encoding (UTF-8 actually) to copy filtered resources, i.e. build is platform dependent!
13:30:25.387 [INFO]   [Measuring]   out: [INFO] skip non existing resourceDirectory /home/jbergqvist/diffblue/terrierteam-FinFlink/resources
13:30:25.388 [INFO]   [Measuring]   deserializing line [DIFFBLUE]{"__type":"com.diffblue.cover.buildsystem.model.DefaultEventMessage","project":"Infinitech-FinFlink:Infinitech-FinFlink","goal":"resources","cause":null,"state":"SUCCESS"}
13:30:25.390 [INFO]   [Measuring]   deserializing line [DIFFBLUE]{"__type":"com.diffblue.cover.buildsystem.model.DefaultEventMessage","project":"Infinitech-FinFlink:Infinitech-FinFlink","goal":"compile","cause":null,"state":"STARTED"}
13:30:25.391 [INFO]   [Measuring]   out: [INFO] 
13:30:25.391 [INFO]   [Measuring]   out: [INFO] --- compiler:3.8.1:compile (default-compile) @ Infinitech-FinFlink ---
13:30:25.543 [INFO]   [Measuring]   out: [INFO] Nothing to compile - all classes are up to date
13:30:25.545 [INFO]   [Measuring]   deserializing line [DIFFBLUE]{"__type":"com.diffblue.cover.buildsystem.model.DefaultEventMessage","project":"Infinitech-FinFlink:Infinitech-FinFlink","goal":"compile","cause":null,"state":"SUCCESS"}
13:30:25.546 [INFO]   [Measuring]   deserializing line [DIFFBLUE]{"__type":"com.diffblue.cover.buildsystem.model.DefaultEventMessage","project":"Infinitech-FinFlink:Infinitech-FinFlink","goal":"testResources","cause":null,"state":"STARTED"}
13:30:25.547 [INFO]   [Measuring]   out: [INFO] 
13:30:25.547 [INFO]   [Measuring]   out: [INFO] --- resources:3.3.1:testResources (default-testResources) @ Infinitech-FinFlink ---
13:30:25.548 [INFO]   [Measuring]   out: [WARNING] Using platform encoding (UTF-8 actually) to copy filtered resources, i.e. build is platform dependent!
13:30:25.548 [INFO]   [Measuring]   out: [INFO] skip non existing resourceDirectory /home/jbergqvist/diffblue/terrierteam-FinFlink/src/test/resources
13:30:25.549 [INFO]   [Measuring]   deserializing line [DIFFBLUE]{"__type":"com.diffblue.cover.buildsystem.model.DefaultEventMessage","project":"Infinitech-FinFlink:Infinitech-FinFlink","goal":"testResources","cause":null,"state":"SUCCESS"}
13:30:25.550 [INFO]   [Measuring]   deserializing line [DIFFBLUE]{"__type":"com.diffblue.cover.buildsystem.model.DefaultEventMessage","project":"Infinitech-FinFlink:Infinitech-FinFlink","goal":"testCompile","cause":null,"state":"STARTED"}
13:30:25.551 [INFO]   [Measuring]   out: [INFO] 
13:30:25.551 [INFO]   [Measuring]   out: [INFO] --- compiler:3.8.1:testCompile (default-testCompile) @ Infinitech-FinFlink ---
13:30:25.559 [INFO]   [Measuring]   out: [INFO] Nothing to compile - all classes are up to date
13:30:25.561 [INFO]   [Measuring]   deserializing line [DIFFBLUE]{"__type":"com.diffblue.cover.buildsystem.model.DefaultEventMessage","project":"Infinitech-FinFlink:Infinitech-FinFlink","goal":"testCompile","cause":null,"state":"SUCCESS"}
13:30:25.563 [INFO]   [Measuring]   deserializing line [DIFFBLUE]{"__type":"com.diffblue.cover.buildsystem.model.DefaultEventMessage","project":"Infinitech-FinFlink:Infinitech-FinFlink","goal":"test","cause":null,"state":"STARTED"}
13:30:25.564 [INFO]   [Measuring]   out: [INFO] 
13:30:25.564 [INFO]   [Measuring]   out: [INFO] --- surefire:3.2.5:test (default-test) @ Infinitech-FinFlink ---
13:30:25.690 [INFO]   [Measuring]   deserializing line [DIFFBLUE]{"__type":"com.diffblue.cover.buildsystem.model.DefaultEventMessage","project":"Infinitech-FinFlink:Infinitech-FinFlink","goal":"test","cause":null,"state":"SUCCESS"}
13:30:25.692 [INFO]   [Measuring]   deserializing line [DIFFBLUE]{"__type":"com.diffblue.cover.buildsystem.model.DefaultEventMessage","project":"Infinitech-FinFlink:Infinitech-FinFlink","goal":"report","cause":null,"state":"STARTED"}
13:30:25.693 [INFO]   [Measuring]   out: [INFO] 
13:30:25.693 [INFO]   [Measuring]   out: [INFO] --- jacoco:0.8.11:report (default-cli) @ Infinitech-FinFlink ---
13:30:25.695 [INFO]   [Measuring]   out: [INFO] Loading execution data file /home/jbergqvist/diffblue/terrierteam-FinFlink/target/jacoco.exec
13:30:25.766 [INFO]   [Measuring]   out: [INFO] Analyzed bundle 'Infinitech-FinFlink' with 51 classes
13:30:25.867 [INFO]   [Measuring]   deserializing line [DIFFBLUE]{"__type":"com.diffblue.cover.buildsystem.model.DefaultEventMessage","project":"Infinitech-FinFlink:Infinitech-FinFlink","goal":"report","cause":null,"state":"SUCCESS"}
13:30:25.895 [INFO]   [Measuring]   deserializing line [DIFFBLUE]{"__type":"com.diffblue.cover.buildsystem.model.DefaultProjectModuleMessage","project":{"__type":"DefaultProjectModule","junitReport":["/home/jbergqvist/diffblue/terrierteam-FinFlink/target/surefire-reports"],"jacocoReport":["/home/jbergqvist/diffblue/terrierteam-FinFlink/target/site/jacoco/jacoco.xml"],"jacocoDestFile":["/home/jbergqvist/diffblue/terrierteam-FinFlink/target/jacoco.exec"],"jacocoFormats":["xml"],"jacocoSkipped":false,"classpath":["/home/jbergqvist/diffblue/terrierteam-FinFlink/target/classes","/home/jbergqvist/.m2/repository/org/apache/flink/flink-streaming-java_2.12/1.14.4/flink-streaming-java_2.12-1.14.4.jar","/home/jbergqvist/.m2/repository/org/apache/flink/flink-core/1.14.4/flink-core-1.14.4.jar","/home/jbergqvist/.m2/repository/org/apache/flink/flink-annotations/1.14.4/flink-annotations-1.14.4.jar","/home/jbergqvist/.m2/repository/org/apache/flink/flink-metrics-core/1.14.4/flink-metrics-core-1.14.4.jar","/home/jbergqvist/.m2/repository/org/apache/flink/flink-shaded-asm-7/7.1-14.0/flink-shaded-asm-7-7.1-14.0.jar","/home/jbergqvist/.m2/repository/org/apache/commons/commons-lang3/3.3.2/commons-lang3-3.3.2.jar","/home/jbergqvist/.m2/repository/com/esotericsoftware/kryo/kryo/2.24.0/kryo-2.24.0.jar","/home/jbergqvist/.m2/repository/com/esotericsoftware/minlog/minlog/1.2/minlog-1.2.jar","/home/jbergqvist/.m2/repository/commons-collections/commons-collections/3.2.2/commons-collections-3.2.2.jar","/home/jbergqvist/.m2/repository/org/apache/commons/commons-compress/1.21/commons-compress-1.21.jar","/home/jbergqvist/.m2/repository/org/apache/flink/flink-file-sink-common/1.14.4/flink-file-sink-common-1.14.4.jar","/home/jbergqvist/.m2/repository/org/apache/flink/flink-runtime/1.14.4/flink-runtime-1.14.4.jar","/home/jbergqvist/.m2/repository/org/apache/flink/flink-rpc-core/1.14.4/flink-rpc-core-1.14.4.jar","/home/jbergqvist/.m2/repository/org/apache/flink/flink-rpc-akka-loader/1.14.4/flink-rpc-akka-loader-1.14.4.jar","/home/jbergqvist/.m2/repository/org/apache/flink/flink-queryable-state-client-java/1.14.4/flink-queryable-state-client-java-1.14.4.jar","/home/jbergqvist/.m2/repository/org/apache/flink/flink-hadoop-fs/1.14.4/flink-hadoop-fs-1.14.4.jar","/home/jbergqvist/.m2/repository/commons-io/commons-io/2.8.0/commons-io-2.8.0.jar","/home/jbergqvist/.m2/repository/org/apache/flink/flink-shaded-netty/4.1.65.Final-14.0/flink-shaded-netty-4.1.65.Final-14.0.jar","/home/jbergqvist/.m2/repository/org/apache/flink/flink-shaded-jackson/2.12.4-14.0/flink-shaded-jackson-2.12.4-14.0.jar","/home/jbergqvist/.m2/repository/org/apache/flink/flink-shaded-zookeeper-3/3.4.14-14.0/flink-shaded-zookeeper-3-3.4.14-14.0.jar","/home/jbergqvist/.m2/repository/org/javassist/javassist/3.24.0-GA/javassist-3.24.0-GA.jar","/home/jbergqvist/.m2/repository/org/xerial/snappy/snappy-java/1.1.8.3/snappy-java-1.1.8.3.jar","/home/jbergqvist/.m2/repository/org/lz4/lz4-java/1.8.0/lz4-java-1.8.0.jar","/home/jbergqvist/.m2/repository/org/apache/flink/flink-scala_2.12/1.14.4/flink-scala_2.12-1.14.4.jar","/home/jbergqvist/.m2/repository/org/scala-lang/scala-reflect/2.12.7/scala-reflect-2.12.7.jar","/home/jbergqvist/.m2/repository/org/scala-lang/scala-library/2.12.7/scala-library-2.12.7.jar","/home/jbergqvist/.m2/repository/org/scala-lang/scala-compiler/2.12.7/scala-compiler-2.12.7.jar","/home/jbergqvist/.m2/repository/org/scala-lang/modules/scala-xml_2.12/1.0.6/scala-xml_2.12-1.0.6.jar","/home/jbergqvist/.m2/repository/com/twitter/chill_2.12/0.7.6/chill_2.12-0.7.6.jar","/home/jbergqvist/.m2/repository/com/twitter/chill-java/0.7.6/chill-java-0.7.6.jar","/home/jbergqvist/.m2/repository/org/apache/flink/flink-java/1.14.4/flink-java-1.14.4.jar","/home/jbergqvist/.m2/repository/org/apache/flink/flink-shaded-guava/30.1.1-jre-14.0/flink-shaded-guava-30.1.1-jre-14.0.jar","/home/jbergqvist/.m2/repository/org/apache/commons/commons-math3/3.5/commons-math3-3.5.jar","/home/jbergqvist/.m2/repository/org/slf4j/slf4j-api/1.7.15/slf4j-api-1.7.15.jar","/home/jbergqvist/.m2/repository/com/google/code/findbugs/jsr305/1.3.9/jsr305-1.3.9.jar","/home/jbergqvist/.m2/repository/org/apache/flink/flink-shaded-force-shading/14.0/flink-shaded-force-shading-14.0.jar","/home/jbergqvist/.m2/repository/org/junit/jupiter/junit-jupiter-engine/5.13.4/junit-jupiter-engine-5.13.4.jar","/home/jbergqvist/.m2/repository/org/junit/platform/junit-platform-engine/1.13.4/junit-platform-engine-1.13.4.jar","/home/jbergqvist/.m2/repository/org/opentest4j/opentest4j/1.3.0/opentest4j-1.3.0.jar","/home/jbergqvist/.m2/repository/org/junit/platform/junit-platform-commons/1.13.4/junit-platform-commons-1.13.4.jar","/home/jbergqvist/.m2/repository/org/junit/jupiter/junit-jupiter-api/5.13.4/junit-jupiter-api-5.13.4.jar","/home/jbergqvist/.m2/repository/org/apiguardian/apiguardian-api/1.1.2/apiguardian-api-1.1.2.jar","/home/jbergqvist/.m2/repository/org/mockito/mockito-core/5.20.0/mockito-core-5.20.0.jar","/home/jbergqvist/.m2/repository/net/bytebuddy/byte-buddy/1.17.7/byte-buddy-1.17.7.jar","/home/jbergqvist/.m2/repository/net/bytebuddy/byte-buddy-agent/1.17.7/byte-buddy-agent-1.17.7.jar","/home/jbergqvist/.m2/repository/org/objenesis/objenesis/3.3/objenesis-3.3.jar","/home/jbergqvist/.m2/repository/org/mockito/mockito-junit-jupiter/5.20.0/mockito-junit-jupiter-5.20.0.jar","/home/jbergqvist/.m2/repository/org/apache/flink/flink-clients_2.12/1.14.4/flink-clients_2.12-1.14.4.jar","/home/jbergqvist/.m2/repository/org/apache/flink/flink-optimizer/1.14.4/flink-optimizer-1.14.4.jar","/home/jbergqvist/.m2/repository/commons-cli/commons-cli/1.3.1/commons-cli-1.3.1.jar","/home/jbergqvist/.m2/repository/org/apache/flink/flink-connector-kafka_2.11/1.14.4/flink-connector-kafka_2.11-1.14.4.jar","/home/jbergqvist/.m2/repository/org/apache/flink/flink-connector-base/1.14.4/flink-connector-base-1.14.4.jar","/home/jbergqvist/.m2/repository/org/apache/kafka/kafka-clients/2.4.1/kafka-clients-2.4.1.jar","/home/jbergqvist/.m2/repository/com/github/luben/zstd-jni/1.4.3-1/zstd-jni-1.4.3-1.jar","/home/jbergqvist/.m2/repository/com/google/guava/guava/31.1-jre/guava-31.1-jre.jar","/home/jbergqvist/.m2/repository/com/google/guava/failureaccess/1.0.1/failureaccess-1.0.1.jar","/home/jbergqvist/.m2/repository/com/google/guava/listenablefuture/9999.0-empty-to-avoid-conflict-with-guava/listenablefuture-9999.0-empty-to-avoid-conflict-with-guava.jar","/home/jbergqvist/.m2/repository/org/checkerframework/checker-qual/3.12.0/checker-qual-3.12.0.jar","/home/jbergqvist/.m2/repository/com/google/errorprone/error_prone_annotations/2.11.0/error_prone_annotations-2.11.0.jar","/home/jbergqvist/.m2/repository/com/google/j2objc/j2objc-annotations/1.3/j2objc-annotations-1.3.jar","/home/jbergqvist/.m2/repository/org/questdb/questdb/6.4.3/questdb-6.4.3.jar","/home/jbergqvist/.m2/repository/com/diffblue/cover/cover-annotations/1.8.0/cover-annotations-1.8.0.jar"],"complianceLevel":"11","productionSources":["/home/jbergqvist/diffblue/terrierteam-FinFlink/src/main/java"],"testSources":["/home/jbergqvist/diffblue/terrierteam-FinFlink/src/test/java"],"productionClasses":"/home/jbergqvist/diffblue/terrierteam-FinFlink/target/classes","testClasses":"/home/jbergqvist/diffblue/terrierteam-FinFlink/target/test-classes","sourceToBuildPathMap":null,"testSourceToBuildPathMap":null,"buildDirectory":"/home/jbergqvist/diffblue/terrierteam-FinFlink/target","plugins":[{"__type":"DefaultPlugin","groupId":"org.apache.maven.plugins","artefactId":"maven-compiler-plugin","version":"3.8.1","pluginClassName":null},{"__type":"DefaultPlugin","groupId":"org.apache.maven.plugins","artefactId":"maven-shade-plugin","version":"3.1.1","pluginClassName":null},{"__type":"DefaultPlugin","groupId":"org.apache.maven.plugins","artefactId":"maven-clean-plugin","version":"3.2.0","pluginClassName":null},{"__type":"DefaultPlugin","groupId":"org.apache.maven.plugins","artefactId":"maven-resources-plugin","version":"3.3.1","pluginClassName":null},{"__type":"DefaultPlugin","groupId":"org.apache.maven.plugins","artefactId":"maven-jar-plugin","version":"3.4.1","pluginClassName":null},{"__type":"DefaultPlugin","groupId":"org.apache.maven.plugins","artefactId":"maven-surefire-plugin","version":"3.2.5","pluginClassName":null},{"__type":"DefaultPlugin","groupId":"org.apache.maven.plugins","artefactId":"maven-install-plugin","version":"3.1.2","pluginClassName":null},{"__type":"DefaultPlugin","groupId":"org.apache.maven.plugins","artefactId":"maven-deploy-plugin","version":"3.1.2","pluginClassName":null},{"__type":"DefaultPlugin","groupId":"org.apache.maven.plugins","artefactId":"maven-site-plugin","version":"3.12.1","pluginClassName":null}],"version":"3.9.12","encoding":null,"name":"maven","subModules":[],"simpleModuleName":null,"parentModuleName":null,"location":"/home/jbergqvist/diffblue/terrierteam-FinFlink","fullModuleName":"Infinitech-FinFlink:Infinitech-FinFlink"}}
13:30:25.900 [INFO]   [Measuring]   out: [INFO] ------------------------------------------------------------------------
13:30:25.900 [INFO]   [Measuring]   out: [INFO] BUILD SUCCESS
13:30:25.900 [INFO]   [Measuring]   out: [INFO] ------------------------------------------------------------------------
13:30:25.900 [INFO]   [Measuring]   out: [INFO] Total time:  1.043 s
13:30:25.900 [INFO]   [Measuring]   out: [INFO] Finished at: 2026-01-12T13:30:25Z
13:30:25.900 [INFO]   [Measuring]   out: [INFO] ------------------------------------------------------------------------
13:30:25.900 [INFO]   [Measuring]   deserializing line [DIFFBLUE]{"__type":"com.diffblue.cover.buildsystem.model.ProjectInfoMessage","projectName":"Infinitech-FinFlink:Infinitech-FinFlink","productionSources":["/home/jbergqvist/diffblue/terrierteam-FinFlink/src/main/java","/home/jbergqvist/diffblue/terrierteam-FinFlink/target/generated-sources/annotations"],"testSources":["/home/jbergqvist/diffblue/terrierteam-FinFlink/src/test/java","/home/jbergqvist/diffblue/terrierteam-FinFlink/target/generated-test-sources/test-annotations"],"location":"/home/jbergqvist/diffblue/terrierteam-FinFlink"}
13:30:25.955 [INFO]   [Measuring]   maven:err process not stopped, joining thread
13:30:25.956 [INFO]   [Measuring]   maven:out process not stopped, joining thread
13:30:26.005 [INFO]   [Measuring]   JaCoCo report file created in /home/jbergqvist/diffblue/terrierteam-FinFlink/.diffblue/reports/diffblue-tests-jacoco-report.xml
13:30:26.066 [INFO]   [Measuring]   Calculating coverage from manual tests.
13:30:26.066 [INFO]   [Measuring]   Using default build rules as no custom rules found in any of [/home/jbergqvist/diffblue/terrierteam-FinFlink]
13:30:26.067 [INFO]   [Measuring]   Attempting to invoke mvnw in working directory: /home/jbergqvist/diffblue/terrierteam-FinFlink
13:30:26.067 [INFO]   [Measuring]   Attempting to invoke /home/jbergqvist/.sdkman/candidates/maven/current/bin/mvn in working directory: /home/jbergqvist/diffblue/terrierteam-FinFlink
13:30:26.068 [INFO]   [Measuring]   Started "/home/jbergqvist/.sdkman/candidates/maven/current/bin/mvn -Dmaven.ext.class.path=/opt/cover/cover-buildsystem-maven-spy-jar-with-dependencies.jar -Dcom.diffblue.cover.skipTests=true -DskipTestOptimizer --batch-mode --projects=Infinitech-FinFlink:Infinitech-FinFlink --global-settings=/home/jbergqvist/.sdkman/candidates/maven/current/conf/settings.xml org.jacoco:jacoco-maven-plugin:0.8.11:prepare-agent -Djacoco.skip=false test -DfailIfNoTests=false -Dsurefire.failIfNoSpecifiedTests=false -Dmaven.test.failure.ignore=True -Dtest=!*DiffblueTest,**/Test*.java,**/*Test.java,**/*Tests.java,**/*TestCase.java -DexcludedGroups=MaintainedByDiffblue,ContributionFromDiffblue org.jacoco:jacoco-maven-plugin:0.8.11:report -Djacoco.skip=false"
13:30:26.835 [INFO]   [Measuring]   out: [INFO] Scanning for projects...
13:30:26.908 [INFO]   [Measuring]   out: [INFO] 
13:30:26.909 [INFO]   [Measuring]   out: [INFO] --------------< Infinitech-FinFlink:Infinitech-FinFlink >---------------
13:30:26.909 [INFO]   [Measuring]   out: [INFO] Building Infinitech-FinFlink 0.6
13:30:26.909 [INFO]   [Measuring]   out: [INFO]   from pom.xml
13:30:26.909 [INFO]   [Measuring]   out: [INFO] --------------------------------[ jar ]---------------------------------
13:30:27.253 [INFO]   [Measuring]   deserializing line [DIFFBLUE]{"__type":"com.diffblue.cover.buildsystem.model.DefaultEventMessage","project":"Infinitech-FinFlink:Infinitech-FinFlink","goal":"prepare-agent","cause":null,"state":"STARTED"}
13:30:27.255 [INFO]   [Measuring]   out: [INFO] 
13:30:27.255 [INFO]   [Measuring]   out: [INFO] --- jacoco:0.8.11:prepare-agent (default-cli) @ Infinitech-FinFlink ---
13:30:27.330 [INFO]   [Measuring]   out: [INFO] argLine set to -javaagent:/home/jbergqvist/.m2/repository/org/jacoco/org.jacoco.agent/0.8.11/org.jacoco.agent-0.8.11-runtime.jar=destfile=/home/jbergqvist/diffblue/terrierteam-FinFlink/target/jacoco.exec
13:30:27.331 [INFO]   [Measuring]   deserializing line [DIFFBLUE]{"__type":"com.diffblue.cover.buildsystem.model.DefaultEventMessage","project":"Infinitech-FinFlink:Infinitech-FinFlink","goal":"prepare-agent","cause":null,"state":"SUCCESS"}
13:30:27.332 [INFO]   [Measuring]   deserializing line [DIFFBLUE]{"__type":"com.diffblue.cover.buildsystem.model.DefaultEventMessage","project":"Infinitech-FinFlink:Infinitech-FinFlink","goal":"resources","cause":null,"state":"STARTED"}
13:30:27.333 [INFO]   [Measuring]   out: [INFO] 
13:30:27.333 [INFO]   [Measuring]   out: [INFO] --- resources:3.3.1:resources (default-resources) @ Infinitech-FinFlink ---
13:30:27.375 [INFO]   [Measuring]   out: [WARNING] Using platform encoding (UTF-8 actually) to copy filtered resources, i.e. build is platform dependent!
13:30:27.375 [INFO]   [Measuring]   out: [INFO] skip non existing resourceDirectory /home/jbergqvist/diffblue/terrierteam-FinFlink/resources
13:30:27.376 [INFO]   [Measuring]   deserializing line [DIFFBLUE]{"__type":"com.diffblue.cover.buildsystem.model.DefaultEventMessage","project":"Infinitech-FinFlink:Infinitech-FinFlink","goal":"resources","cause":null,"state":"SUCCESS"}
13:30:27.378 [INFO]   [Measuring]   deserializing line [DIFFBLUE]{"__type":"com.diffblue.cover.buildsystem.model.DefaultEventMessage","project":"Infinitech-FinFlink:Infinitech-FinFlink","goal":"compile","cause":null,"state":"STARTED"}
13:30:27.378 [INFO]   [Measuring]   out: [INFO] 
13:30:27.378 [INFO]   [Measuring]   out: [INFO] --- compiler:3.8.1:compile (default-compile) @ Infinitech-FinFlink ---
13:30:27.538 [INFO]   [Measuring]   out: [INFO] Nothing to compile - all classes are up to date
13:30:27.539 [INFO]   [Measuring]   deserializing line [DIFFBLUE]{"__type":"com.diffblue.cover.buildsystem.model.DefaultEventMessage","project":"Infinitech-FinFlink:Infinitech-FinFlink","goal":"compile","cause":null,"state":"SUCCESS"}
13:30:27.541 [INFO]   [Measuring]   deserializing line [DIFFBLUE]{"__type":"com.diffblue.cover.buildsystem.model.DefaultEventMessage","project":"Infinitech-FinFlink:Infinitech-FinFlink","goal":"testResources","cause":null,"state":"STARTED"}
13:30:27.542 [INFO]   [Measuring]   out: [INFO] 
13:30:27.542 [INFO]   [Measuring]   out: [INFO] --- resources:3.3.1:testResources (default-testResources) @ Infinitech-FinFlink ---
13:30:27.543 [INFO]   [Measuring]   out: [WARNING] Using platform encoding (UTF-8 actually) to copy filtered resources, i.e. build is platform dependent!
13:30:27.543 [INFO]   [Measuring]   out: [INFO] skip non existing resourceDirectory /home/jbergqvist/diffblue/terrierteam-FinFlink/src/test/resources
13:30:27.544 [INFO]   [Measuring]   deserializing line [DIFFBLUE]{"__type":"com.diffblue.cover.buildsystem.model.DefaultEventMessage","project":"Infinitech-FinFlink:Infinitech-FinFlink","goal":"testResources","cause":null,"state":"SUCCESS"}
13:30:27.545 [INFO]   [Measuring]   deserializing line [DIFFBLUE]{"__type":"com.diffblue.cover.buildsystem.model.DefaultEventMessage","project":"Infinitech-FinFlink:Infinitech-FinFlink","goal":"testCompile","cause":null,"state":"STARTED"}
13:30:27.546 [INFO]   [Measuring]   out: [INFO] 
13:30:27.546 [INFO]   [Measuring]   out: [INFO] --- compiler:3.8.1:testCompile (default-testCompile) @ Infinitech-FinFlink ---
13:30:27.553 [INFO]   [Measuring]   out: [INFO] Nothing to compile - all classes are up to date
13:30:27.555 [INFO]   [Measuring]   deserializing line [DIFFBLUE]{"__type":"com.diffblue.cover.buildsystem.model.DefaultEventMessage","project":"Infinitech-FinFlink:Infinitech-FinFlink","goal":"testCompile","cause":null,"state":"SUCCESS"}
13:30:27.557 [INFO]   [Measuring]   deserializing line [DIFFBLUE]{"__type":"com.diffblue.cover.buildsystem.model.DefaultEventMessage","project":"Infinitech-FinFlink:Infinitech-FinFlink","goal":"test","cause":null,"state":"STARTED"}
13:30:27.558 [INFO]   [Measuring]   out: [INFO] 
13:30:27.558 [INFO]   [Measuring]   out: [INFO] --- surefire:3.2.5:test (default-test) @ Infinitech-FinFlink ---
13:30:27.686 [INFO]   [Measuring]   deserializing line [DIFFBLUE]{"__type":"com.diffblue.cover.buildsystem.model.DefaultEventMessage","project":"Infinitech-FinFlink:Infinitech-FinFlink","goal":"test","cause":null,"state":"SUCCESS"}
13:30:27.688 [INFO]   [Measuring]   deserializing line [DIFFBLUE]{"__type":"com.diffblue.cover.buildsystem.model.DefaultEventMessage","project":"Infinitech-FinFlink:Infinitech-FinFlink","goal":"report","cause":null,"state":"STARTED"}
13:30:27.688 [INFO]   [Measuring]   out: [INFO] 
13:30:27.689 [INFO]   [Measuring]   out: [INFO] --- jacoco:0.8.11:report (default-cli) @ Infinitech-FinFlink ---
13:30:27.692 [INFO]   [Measuring]   out: [INFO] Loading execution data file /home/jbergqvist/diffblue/terrierteam-FinFlink/target/jacoco.exec
13:30:27.773 [INFO]   [Measuring]   out: [INFO] Analyzed bundle 'Infinitech-FinFlink' with 51 classes
13:30:27.853 [INFO]   [Measuring]   deserializing line [DIFFBLUE]{"__type":"com.diffblue.cover.buildsystem.model.DefaultEventMessage","project":"Infinitech-FinFlink:Infinitech-FinFlink","goal":"report","cause":null,"state":"SUCCESS"}
13:30:27.881 [INFO]   [Measuring]   deserializing line [DIFFBLUE]{"__type":"com.diffblue.cover.buildsystem.model.DefaultProjectModuleMessage","project":{"__type":"DefaultProjectModule","junitReport":["/home/jbergqvist/diffblue/terrierteam-FinFlink/target/surefire-reports"],"jacocoReport":["/home/jbergqvist/diffblue/terrierteam-FinFlink/target/site/jacoco/jacoco.xml"],"jacocoDestFile":["/home/jbergqvist/diffblue/terrierteam-FinFlink/target/jacoco.exec"],"jacocoFormats":["xml"],"jacocoSkipped":false,"classpath":["/home/jbergqvist/diffblue/terrierteam-FinFlink/target/classes","/home/jbergqvist/.m2/repository/org/apache/flink/flink-streaming-java_2.12/1.14.4/flink-streaming-java_2.12-1.14.4.jar","/home/jbergqvist/.m2/repository/org/apache/flink/flink-core/1.14.4/flink-core-1.14.4.jar","/home/jbergqvist/.m2/repository/org/apache/flink/flink-annotations/1.14.4/flink-annotations-1.14.4.jar","/home/jbergqvist/.m2/repository/org/apache/flink/flink-metrics-core/1.14.4/flink-metrics-core-1.14.4.jar","/home/jbergqvist/.m2/repository/org/apache/flink/flink-shaded-asm-7/7.1-14.0/flink-shaded-asm-7-7.1-14.0.jar","/home/jbergqvist/.m2/repository/org/apache/commons/commons-lang3/3.3.2/commons-lang3-3.3.2.jar","/home/jbergqvist/.m2/repository/com/esotericsoftware/kryo/kryo/2.24.0/kryo-2.24.0.jar","/home/jbergqvist/.m2/repository/com/esotericsoftware/minlog/minlog/1.2/minlog-1.2.jar","/home/jbergqvist/.m2/repository/commons-collections/commons-collections/3.2.2/commons-collections-3.2.2.jar","/home/jbergqvist/.m2/repository/org/apache/commons/commons-compress/1.21/commons-compress-1.21.jar","/home/jbergqvist/.m2/repository/org/apache/flink/flink-file-sink-common/1.14.4/flink-file-sink-common-1.14.4.jar","/home/jbergqvist/.m2/repository/org/apache/flink/flink-runtime/1.14.4/flink-runtime-1.14.4.jar","/home/jbergqvist/.m2/repository/org/apache/flink/flink-rpc-core/1.14.4/flink-rpc-core-1.14.4.jar","/home/jbergqvist/.m2/repository/org/apache/flink/flink-rpc-akka-loader/1.14.4/flink-rpc-akka-loader-1.14.4.jar","/home/jbergqvist/.m2/repository/org/apache/flink/flink-queryable-state-client-java/1.14.4/flink-queryable-state-client-java-1.14.4.jar","/home/jbergqvist/.m2/repository/org/apache/flink/flink-hadoop-fs/1.14.4/flink-hadoop-fs-1.14.4.jar","/home/jbergqvist/.m2/repository/commons-io/commons-io/2.8.0/commons-io-2.8.0.jar","/home/jbergqvist/.m2/repository/org/apache/flink/flink-shaded-netty/4.1.65.Final-14.0/flink-shaded-netty-4.1.65.Final-14.0.jar","/home/jbergqvist/.m2/repository/org/apache/flink/flink-shaded-jackson/2.12.4-14.0/flink-shaded-jackson-2.12.4-14.0.jar","/home/jbergqvist/.m2/repository/org/apache/flink/flink-shaded-zookeeper-3/3.4.14-14.0/flink-shaded-zookeeper-3-3.4.14-14.0.jar","/home/jbergqvist/.m2/repository/org/javassist/javassist/3.24.0-GA/javassist-3.24.0-GA.jar","/home/jbergqvist/.m2/repository/org/xerial/snappy/snappy-java/1.1.8.3/snappy-java-1.1.8.3.jar","/home/jbergqvist/.m2/repository/org/lz4/lz4-java/1.8.0/lz4-java-1.8.0.jar","/home/jbergqvist/.m2/repository/org/apache/flink/flink-scala_2.12/1.14.4/flink-scala_2.12-1.14.4.jar","/home/jbergqvist/.m2/repository/org/scala-lang/scala-reflect/2.12.7/scala-reflect-2.12.7.jar","/home/jbergqvist/.m2/repository/org/scala-lang/scala-library/2.12.7/scala-library-2.12.7.jar","/home/jbergqvist/.m2/repository/org/scala-lang/scala-compiler/2.12.7/scala-compiler-2.12.7.jar","/home/jbergqvist/.m2/repository/org/scala-lang/modules/scala-xml_2.12/1.0.6/scala-xml_2.12-1.0.6.jar","/home/jbergqvist/.m2/repository/com/twitter/chill_2.12/0.7.6/chill_2.12-0.7.6.jar","/home/jbergqvist/.m2/repository/com/twitter/chill-java/0.7.6/chill-java-0.7.6.jar","/home/jbergqvist/.m2/repository/org/apache/flink/flink-java/1.14.4/flink-java-1.14.4.jar","/home/jbergqvist/.m2/repository/org/apache/flink/flink-shaded-guava/30.1.1-jre-14.0/flink-shaded-guava-30.1.1-jre-14.0.jar","/home/jbergqvist/.m2/repository/org/apache/commons/commons-math3/3.5/commons-math3-3.5.jar","/home/jbergqvist/.m2/repository/org/slf4j/slf4j-api/1.7.15/slf4j-api-1.7.15.jar","/home/jbergqvist/.m2/repository/com/google/code/findbugs/jsr305/1.3.9/jsr305-1.3.9.jar","/home/jbergqvist/.m2/repository/org/apache/flink/flink-shaded-force-shading/14.0/flink-shaded-force-shading-14.0.jar","/home/jbergqvist/.m2/repository/org/junit/jupiter/junit-jupiter-engine/5.13.4/junit-jupiter-engine-5.13.4.jar","/home/jbergqvist/.m2/repository/org/junit/platform/junit-platform-engine/1.13.4/junit-platform-engine-1.13.4.jar","/home/jbergqvist/.m2/repository/org/opentest4j/opentest4j/1.3.0/opentest4j-1.3.0.jar","/home/jbergqvist/.m2/repository/org/junit/platform/junit-platform-commons/1.13.4/junit-platform-commons-1.13.4.jar","/home/jbergqvist/.m2/repository/org/junit/jupiter/junit-jupiter-api/5.13.4/junit-jupiter-api-5.13.4.jar","/home/jbergqvist/.m2/repository/org/apiguardian/apiguardian-api/1.1.2/apiguardian-api-1.1.2.jar","/home/jbergqvist/.m2/repository/org/mockito/mockito-core/5.20.0/mockito-core-5.20.0.jar","/home/jbergqvist/.m2/repository/net/bytebuddy/byte-buddy/1.17.7/byte-buddy-1.17.7.jar","/home/jbergqvist/.m2/repository/net/bytebuddy/byte-buddy-agent/1.17.7/byte-buddy-agent-1.17.7.jar","/home/jbergqvist/.m2/repository/org/objenesis/objenesis/3.3/objenesis-3.3.jar","/home/jbergqvist/.m2/repository/org/mockito/mockito-junit-jupiter/5.20.0/mockito-junit-jupiter-5.20.0.jar","/home/jbergqvist/.m2/repository/org/apache/flink/flink-clients_2.12/1.14.4/flink-clients_2.12-1.14.4.jar","/home/jbergqvist/.m2/repository/org/apache/flink/flink-optimizer/1.14.4/flink-optimizer-1.14.4.jar","/home/jbergqvist/.m2/repository/commons-cli/commons-cli/1.3.1/commons-cli-1.3.1.jar","/home/jbergqvist/.m2/repository/org/apache/flink/flink-connector-kafka_2.11/1.14.4/flink-connector-kafka_2.11-1.14.4.jar","/home/jbergqvist/.m2/repository/org/apache/flink/flink-connector-base/1.14.4/flink-connector-base-1.14.4.jar","/home/jbergqvist/.m2/repository/org/apache/kafka/kafka-clients/2.4.1/kafka-clients-2.4.1.jar","/home/jbergqvist/.m2/repository/com/github/luben/zstd-jni/1.4.3-1/zstd-jni-1.4.3-1.jar","/home/jbergqvist/.m2/repository/com/google/guava/guava/31.1-jre/guava-31.1-jre.jar","/home/jbergqvist/.m2/repository/com/google/guava/failureaccess/1.0.1/failureaccess-1.0.1.jar","/home/jbergqvist/.m2/repository/com/google/guava/listenablefuture/9999.0-empty-to-avoid-conflict-with-guava/listenablefuture-9999.0-empty-to-avoid-conflict-with-guava.jar","/home/jbergqvist/.m2/repository/org/checkerframework/checker-qual/3.12.0/checker-qual-3.12.0.jar","/home/jbergqvist/.m2/repository/com/google/errorprone/error_prone_annotations/2.11.0/error_prone_annotations-2.11.0.jar","/home/jbergqvist/.m2/repository/com/google/j2objc/j2objc-annotations/1.3/j2objc-annotations-1.3.jar","/home/jbergqvist/.m2/repository/org/questdb/questdb/6.4.3/questdb-6.4.3.jar","/home/jbergqvist/.m2/repository/com/diffblue/cover/cover-annotations/1.8.0/cover-annotations-1.8.0.jar"],"complianceLevel":"11","productionSources":["/home/jbergqvist/diffblue/terrierteam-FinFlink/src/main/java"],"testSources":["/home/jbergqvist/diffblue/terrierteam-FinFlink/src/test/java"],"productionClasses":"/home/jbergqvist/diffblue/terrierteam-FinFlink/target/classes","testClasses":"/home/jbergqvist/diffblue/terrierteam-FinFlink/target/test-classes","sourceToBuildPathMap":null,"testSourceToBuildPathMap":null,"buildDirectory":"/home/jbergqvist/diffblue/terrierteam-FinFlink/target","plugins":[{"__type":"DefaultPlugin","groupId":"org.apache.maven.plugins","artefactId":"maven-compiler-plugin","version":"3.8.1","pluginClassName":null},{"__type":"DefaultPlugin","groupId":"org.apache.maven.plugins","artefactId":"maven-shade-plugin","version":"3.1.1","pluginClassName":null},{"__type":"DefaultPlugin","groupId":"org.apache.maven.plugins","artefactId":"maven-clean-plugin","version":"3.2.0","pluginClassName":null},{"__type":"DefaultPlugin","groupId":"org.apache.maven.plugins","artefactId":"maven-resources-plugin","version":"3.3.1","pluginClassName":null},{"__type":"DefaultPlugin","groupId":"org.apache.maven.plugins","artefactId":"maven-jar-plugin","version":"3.4.1","pluginClassName":null},{"__type":"DefaultPlugin","groupId":"org.apache.maven.plugins","artefactId":"maven-surefire-plugin","version":"3.2.5","pluginClassName":null},{"__type":"DefaultPlugin","groupId":"org.apache.maven.plugins","artefactId":"maven-install-plugin","version":"3.1.2","pluginClassName":null},{"__type":"DefaultPlugin","groupId":"org.apache.maven.plugins","artefactId":"maven-deploy-plugin","version":"3.1.2","pluginClassName":null},{"__type":"DefaultPlugin","groupId":"org.apache.maven.plugins","artefactId":"maven-site-plugin","version":"3.12.1","pluginClassName":null}],"version":"3.9.12","encoding":null,"name":"maven","subModules":[],"simpleModuleName":null,"parentModuleName":null,"location":"/home/jbergqvist/diffblue/terrierteam-FinFlink","fullModuleName":"Infinitech-FinFlink:Infinitech-FinFlink"}}
13:30:27.884 [INFO]   [Measuring]   out: [INFO] ------------------------------------------------------------------------
13:30:27.884 [INFO]   [Measuring]   out: [INFO] BUILD SUCCESS
13:30:27.884 [INFO]   [Measuring]   out: [INFO] ------------------------------------------------------------------------
13:30:27.884 [INFO]   [Measuring]   out: [INFO] Total time:  1.061 s
13:30:27.884 [INFO]   [Measuring]   out: [INFO] Finished at: 2026-01-12T13:30:27Z
13:30:27.884 [INFO]   [Measuring]   out: [INFO] ------------------------------------------------------------------------
13:30:27.886 [INFO]   [Measuring]   deserializing line [DIFFBLUE]{"__type":"com.diffblue.cover.buildsystem.model.ProjectInfoMessage","projectName":"Infinitech-FinFlink:Infinitech-FinFlink","productionSources":["/home/jbergqvist/diffblue/terrierteam-FinFlink/src/main/java","/home/jbergqvist/diffblue/terrierteam-FinFlink/target/generated-sources/annotations"],"testSources":["/home/jbergqvist/diffblue/terrierteam-FinFlink/src/test/java","/home/jbergqvist/diffblue/terrierteam-FinFlink/target/generated-test-sources/test-annotations"],"location":"/home/jbergqvist/diffblue/terrierteam-FinFlink"}
13:30:27.921 [INFO]   [Measuring]   maven:err process not stopped, joining thread
13:30:27.921 [INFO]   [Measuring]   maven:out process not stopped, joining thread
13:30:27.922 [INFO]   [Measuring]   JaCoCo report file created in /home/jbergqvist/diffblue/terrierteam-FinFlink/.diffblue/reports/manual-tests-jacoco-report.xml
13:30:27.933 [INFO]   [Measuring]   
13:30:27.951 [INFO]   [Measuring]   Diffblue tests cover 795 of 928 lines to cover (85.7%)
13:30:27.959 [INFO]   [Measuring]   Manual tests cover 0 of 928 lines to cover (0.0%)
13:30:28.089 [INFO]   [Reporting]   Writing JSON report to /home/jbergqvist/diffblue/terrierteam-FinFlink/.diffblue/reports/report.json
13:30:28.204 [INFO]   [Reporting]   
13:30:28.204 [WARN]   [Reporting]   One or more warnings were logged, please review them in the log file
13:30:28.204 [INFO]   [Reporting]   Log file: /home/jbergqvist/diffblue/terrierteam-FinFlink/.diffblue/log/user-20260112T132724.log
13:30:28.204 [INFO]   [Reporting]   Finished in 2m 57s
