13:12:16.116 [INFO]   [Preparing]   Diffblue Cover 2025.12.02-74144f0-licensed
13:12:16.116 [INFO]   [Preparing]   Running: dcover create --coverage-reports
13:12:16.116 [INFO]   [Preparing]   
13:12:16.116 [INFO]   [Preparing]   Command: create
13:12:16.117 [INFO]   [Preparing]   Create tests for the specified package/class/method.
13:12:16.117 [INFO]   [Preparing]   
13:12:18.851 [INFO]   [Checking]    Maven Using ${maven.home} of: /home/jbergqvist/.sdkman/candidates/maven/current.
13:12:18.853 [INFO]   [Checking]    Maven Executing: /bin/sh -c cd /home/jbergqvist/diffblue/terrierteam-FinFlink && /home/jbergqvist/.sdkman/candidates/maven/3.9.12/bin/mvn -B -version
13:12:19.071 [INFO]   [Checking]    Standard output of build tool (Maven)
13:12:19.071 [INFO]   [Checking]    > Apache Maven 3.9.12 (848fbb4bf2d427b72bdb2471c22fced7ebd9a7a1)
13:12:19.072 [INFO]   [Checking]    > Maven home: /home/jbergqvist/.sdkman/candidates/maven/3.9.12
13:12:19.072 [INFO]   [Checking]    > Java version: 11.0.29, vendor: Amazon.com Inc., runtime: /home/jbergqvist/.sdkman/candidates/java/11.0.29-amzn
13:12:19.072 [INFO]   [Checking]    > Default locale: en_GB, platform encoding: UTF-8
13:12:19.072 [INFO]   [Checking]    > OS name: "linux", version: "6.8.0-90-generic", arch: "amd64", family: "unix"
13:12:19.074 [INFO]   [Checking]    Using default build rules as no custom rules found in any of [/home/jbergqvist/diffblue/terrierteam-FinFlink]
13:12:19.078 [INFO]   [Checking]    Attempting to invoke mvnw in working directory: /home/jbergqvist/diffblue/terrierteam-FinFlink
13:12:19.079 [INFO]   [Checking]    Attempting to invoke /home/jbergqvist/.sdkman/candidates/maven/current/bin/mvn in working directory: /home/jbergqvist/diffblue/terrierteam-FinFlink
13:12:19.079 [INFO]   [Checking]    Started "/home/jbergqvist/.sdkman/candidates/maven/current/bin/mvn -Dmaven.ext.class.path=/opt/cover/cover-buildsystem-maven-spy-jar-with-dependencies.jar -Dcom.diffblue.cover.skipTests=true -DskipTestOptimizer --batch-mode --global-settings=/home/jbergqvist/.sdkman/candidates/maven/current/conf/settings.xml dependency:build-classpath"
13:12:19.836 [INFO]   [Checking]    out: [INFO] Scanning for projects...
13:12:19.934 [INFO]   [Checking]    out: [INFO] 
13:12:19.935 [INFO]   [Checking]    out: [INFO] --------------< Infinitech-FinFlink:Infinitech-FinFlink >---------------
13:12:19.935 [INFO]   [Checking]    out: [INFO] Building Infinitech-FinFlink 0.6
13:12:19.935 [INFO]   [Checking]    out: [INFO]   from pom.xml
13:12:19.935 [INFO]   [Checking]    out: [INFO] --------------------------------[ jar ]---------------------------------
13:12:20.232 [INFO]   [Checking]    deserializing line [DIFFBLUE]{"__type":"com.diffblue.cover.buildsystem.model.DefaultEventMessage","project":"Infinitech-FinFlink:Infinitech-FinFlink","goal":"build-classpath","cause":null,"state":"STARTED"}
13:12:20.284 [INFO]   [Checking]    out: [INFO] 
13:12:20.284 [INFO]   [Checking]    out: [INFO] --- dependency:3.7.0:build-classpath (default-cli) @ Infinitech-FinFlink ---
13:12:20.607 [INFO]   [Checking]    out: [INFO] Dependencies classpath:
13:12:20.608 [INFO]   [Checking]    out: /home/jbergqvist/.m2/repository/org/apache/flink/flink-streaming-java_2.12/1.14.4/flink-streaming-java_2.12-1.14.4.jar:/home/jbergqvist/.m2/repository/org/apache/flink/flink-core/1.14.4/flink-core-1.14.4.jar:/home/jbergqvist/.m2/repository/org/apache/flink/flink-annotations/1.14.4/flink-annotations-1.14.4.jar:/home/jbergqvist/.m2/repository/org/apache/flink/flink-metrics-core/1.14.4/flink-metrics-core-1.14.4.jar:/home/jbergqvist/.m2/repository/org/apache/flink/flink-shaded-asm-7/7.1-14.0/flink-shaded-asm-7-7.1-14.0.jar:/home/jbergqvist/.m2/repository/org/apache/commons/commons-lang3/3.3.2/commons-lang3-3.3.2.jar:/home/jbergqvist/.m2/repository/com/esotericsoftware/kryo/kryo/2.24.0/kryo-2.24.0.jar:/home/jbergqvist/.m2/repository/com/esotericsoftware/minlog/minlog/1.2/minlog-1.2.jar:/home/jbergqvist/.m2/repository/commons-collections/commons-collections/3.2.2/commons-collections-3.2.2.jar:/home/jbergqvist/.m2/repository/org/apache/commons/commons-compress/1.21/commons-compress-1.21.jar:/home/jbergqvist/.m2/repository/org/apache/flink/flink-file-sink-common/1.14.4/flink-file-sink-common-1.14.4.jar:/home/jbergqvist/.m2/repository/org/apache/flink/flink-runtime/1.14.4/flink-runtime-1.14.4.jar:/home/jbergqvist/.m2/repository/org/apache/flink/flink-rpc-core/1.14.4/flink-rpc-core-1.14.4.jar:/home/jbergqvist/.m2/repository/org/apache/flink/flink-rpc-akka-loader/1.14.4/flink-rpc-akka-loader-1.14.4.jar:/home/jbergqvist/.m2/repository/org/apache/flink/flink-queryable-state-client-java/1.14.4/flink-queryable-state-client-java-1.14.4.jar:/home/jbergqvist/.m2/repository/org/apache/flink/flink-hadoop-fs/1.14.4/flink-hadoop-fs-1.14.4.jar:/home/jbergqvist/.m2/repository/commons-io/commons-io/2.8.0/commons-io-2.8.0.jar:/home/jbergqvist/.m2/repository/org/apache/flink/flink-shaded-netty/4.1.65.Final-14.0/flink-shaded-netty-4.1.65.Final-14.0.jar:/home/jbergqvist/.m2/repository/org/apache/flink/flink-shaded-jackson/2.12.4-14.0/flink-shaded-jackson-2.12.4-14.0.jar:/home/jbergqvist/.m2/repository/org/apache/flink/flink-shaded-zookeeper-3/3.4.14-14.0/flink-shaded-zookeeper-3-3.4.14-14.0.jar:/home/jbergqvist/.m2/repository/org/javassist/javassist/3.24.0-GA/javassist-3.24.0-GA.jar:/home/jbergqvist/.m2/repository/org/xerial/snappy/snappy-java/1.1.8.3/snappy-java-1.1.8.3.jar:/home/jbergqvist/.m2/repository/org/lz4/lz4-java/1.8.0/lz4-java-1.8.0.jar:/home/jbergqvist/.m2/repository/org/apache/flink/flink-scala_2.12/1.14.4/flink-scala_2.12-1.14.4.jar:/home/jbergqvist/.m2/repository/org/scala-lang/scala-reflect/2.12.7/scala-reflect-2.12.7.jar:/home/jbergqvist/.m2/repository/org/scala-lang/scala-library/2.12.7/scala-library-2.12.7.jar:/home/jbergqvist/.m2/repository/org/scala-lang/scala-compiler/2.12.7/scala-compiler-2.12.7.jar:/home/jbergqvist/.m2/repository/org/scala-lang/modules/scala-xml_2.12/1.0.6/scala-xml_2.12-1.0.6.jar:/home/jbergqvist/.m2/repository/com/twitter/chill_2.12/0.7.6/chill_2.12-0.7.6.jar:/home/jbergqvist/.m2/repository/com/twitter/chill-java/0.7.6/chill-java-0.7.6.jar:/home/jbergqvist/.m2/repository/org/apache/flink/flink-java/1.14.4/flink-java-1.14.4.jar:/home/jbergqvist/.m2/repository/org/apache/flink/flink-shaded-guava/30.1.1-jre-14.0/flink-shaded-guava-30.1.1-jre-14.0.jar:/home/jbergqvist/.m2/repository/org/apache/commons/commons-math3/3.5/commons-math3-3.5.jar:/home/jbergqvist/.m2/repository/org/slf4j/slf4j-api/1.7.15/slf4j-api-1.7.15.jar:/home/jbergqvist/.m2/repository/com/google/code/findbugs/jsr305/1.3.9/jsr305-1.3.9.jar:/home/jbergqvist/.m2/repository/org/apache/flink/flink-shaded-force-shading/14.0/flink-shaded-force-shading-14.0.jar:/home/jbergqvist/.m2/repository/org/junit/jupiter/junit-jupiter-engine/5.13.4/junit-jupiter-engine-5.13.4.jar:/home/jbergqvist/.m2/repository/org/junit/platform/junit-platform-engine/1.13.4/junit-platform-engine-1.13.4.jar:/home/jbergqvist/.m2/repository/org/opentest4j/opentest4j/1.3.0/opentest4j-1.3.0.jar:/home/jbergqvist/.m2/repository/org/junit/platform/junit-platform-commons/1.13.4/junit-platform-commons-1.13.4.jar:/home/jbergqvist/.m2/repository/org/junit/jupiter/junit-jupiter-api/5.13.4/junit-jupiter-api-5.13.4.jar:/home/jbergqvist/.m2/repository/org/apiguardian/apiguardian-api/1.1.2/apiguardian-api-1.1.2.jar:/home/jbergqvist/.m2/repository/org/mockito/mockito-core/5.20.0/mockito-core-5.20.0.jar:/home/jbergqvist/.m2/repository/net/bytebuddy/byte-buddy/1.17.7/byte-buddy-1.17.7.jar:/home/jbergqvist/.m2/repository/net/bytebuddy/byte-buddy-agent/1.17.7/byte-buddy-agent-1.17.7.jar:/home/jbergqvist/.m2/repository/org/objenesis/objenesis/3.3/objenesis-3.3.jar:/home/jbergqvist/.m2/repository/org/mockito/mockito-junit-jupiter/5.20.0/mockito-junit-jupiter-5.20.0.jar:/home/jbergqvist/.m2/repository/org/apache/flink/flink-clients_2.12/1.14.4/flink-clients_2.12-1.14.4.jar:/home/jbergqvist/.m2/repository/org/apache/flink/flink-optimizer/1.14.4/flink-optimizer-1.14.4.jar:/home/jbergqvist/.m2/repository/commons-cli/commons-cli/1.3.1/commons-cli-1.3.1.jar:/home/jbergqvist/.m2/repository/org/apache/flink/flink-connector-kafka_2.11/1.14.4/flink-connector-kafka_2.11-1.14.4.jar:/home/jbergqvist/.m2/repository/org/apache/flink/flink-connector-base/1.14.4/flink-connector-base-1.14.4.jar:/home/jbergqvist/.m2/repository/org/apache/kafka/kafka-clients/2.4.1/kafka-clients-2.4.1.jar:/home/jbergqvist/.m2/repository/com/github/luben/zstd-jni/1.4.3-1/zstd-jni-1.4.3-1.jar:/home/jbergqvist/.m2/repository/com/google/guava/guava/31.1-jre/guava-31.1-jre.jar:/home/jbergqvist/.m2/repository/com/google/guava/failureaccess/1.0.1/failureaccess-1.0.1.jar:/home/jbergqvist/.m2/repository/com/google/guava/listenablefuture/9999.0-empty-to-avoid-conflict-with-guava/listenablefuture-9999.0-empty-to-avoid-conflict-with-guava.jar:/home/jbergqvist/.m2/repository/org/checkerframework/checker-qual/3.12.0/checker-qual-3.12.0.jar:/home/jbergqvist/.m2/repository/com/google/errorprone/error_prone_annotations/2.11.0/error_prone_annotations-2.11.0.jar:/home/jbergqvist/.m2/repository/com/google/j2objc/j2objc-annotations/1.3/j2objc-annotations-1.3.jar:/home/jbergqvist/.m2/repository/org/questdb/questdb/6.4.3/questdb-6.4.3.jar:/home/jbergqvist/.m2/repository/com/diffblue/cover/cover-annotations/1.8.0/cover-annotations-1.8.0.jar
13:12:20.609 [INFO]   [Checking]    deserializing line [DIFFBLUE]{"__type":"com.diffblue.cover.buildsystem.model.DefaultEventMessage","project":"Infinitech-FinFlink:Infinitech-FinFlink","goal":"build-classpath","cause":null,"state":"SUCCESS"}
13:12:20.639 [INFO]   [Checking]    deserializing line [DIFFBLUE]{"__type":"com.diffblue.cover.buildsystem.model.DefaultProjectModuleMessage","project":{"__type":"DefaultProjectModule","junitReport":["/home/jbergqvist/diffblue/terrierteam-FinFlink/target/surefire-reports"],"jacocoReport":["/home/jbergqvist/diffblue/terrierteam-FinFlink/target/site/jacoco/jacoco.xml"],"jacocoDestFile":["/home/jbergqvist/diffblue/terrierteam-FinFlink/target/jacoco.exec"],"jacocoFormats":["xml"],"jacocoSkipped":false,"classpath":["/home/jbergqvist/diffblue/terrierteam-FinFlink/target/classes","/home/jbergqvist/.m2/repository/org/apache/flink/flink-streaming-java_2.12/1.14.4/flink-streaming-java_2.12-1.14.4.jar","/home/jbergqvist/.m2/repository/org/apache/flink/flink-core/1.14.4/flink-core-1.14.4.jar","/home/jbergqvist/.m2/repository/org/apache/flink/flink-annotations/1.14.4/flink-annotations-1.14.4.jar","/home/jbergqvist/.m2/repository/org/apache/flink/flink-metrics-core/1.14.4/flink-metrics-core-1.14.4.jar","/home/jbergqvist/.m2/repository/org/apache/flink/flink-shaded-asm-7/7.1-14.0/flink-shaded-asm-7-7.1-14.0.jar","/home/jbergqvist/.m2/repository/org/apache/commons/commons-lang3/3.3.2/commons-lang3-3.3.2.jar","/home/jbergqvist/.m2/repository/com/esotericsoftware/kryo/kryo/2.24.0/kryo-2.24.0.jar","/home/jbergqvist/.m2/repository/com/esotericsoftware/minlog/minlog/1.2/minlog-1.2.jar","/home/jbergqvist/.m2/repository/commons-collections/commons-collections/3.2.2/commons-collections-3.2.2.jar","/home/jbergqvist/.m2/repository/org/apache/commons/commons-compress/1.21/commons-compress-1.21.jar","/home/jbergqvist/.m2/repository/org/apache/flink/flink-file-sink-common/1.14.4/flink-file-sink-common-1.14.4.jar","/home/jbergqvist/.m2/repository/org/apache/flink/flink-runtime/1.14.4/flink-runtime-1.14.4.jar","/home/jbergqvist/.m2/repository/org/apache/flink/flink-rpc-core/1.14.4/flink-rpc-core-1.14.4.jar","/home/jbergqvist/.m2/repository/org/apache/flink/flink-rpc-akka-loader/1.14.4/flink-rpc-akka-loader-1.14.4.jar","/home/jbergqvist/.m2/repository/org/apache/flink/flink-queryable-state-client-java/1.14.4/flink-queryable-state-client-java-1.14.4.jar","/home/jbergqvist/.m2/repository/org/apache/flink/flink-hadoop-fs/1.14.4/flink-hadoop-fs-1.14.4.jar","/home/jbergqvist/.m2/repository/commons-io/commons-io/2.8.0/commons-io-2.8.0.jar","/home/jbergqvist/.m2/repository/org/apache/flink/flink-shaded-netty/4.1.65.Final-14.0/flink-shaded-netty-4.1.65.Final-14.0.jar","/home/jbergqvist/.m2/repository/org/apache/flink/flink-shaded-jackson/2.12.4-14.0/flink-shaded-jackson-2.12.4-14.0.jar","/home/jbergqvist/.m2/repository/org/apache/flink/flink-shaded-zookeeper-3/3.4.14-14.0/flink-shaded-zookeeper-3-3.4.14-14.0.jar","/home/jbergqvist/.m2/repository/org/javassist/javassist/3.24.0-GA/javassist-3.24.0-GA.jar","/home/jbergqvist/.m2/repository/org/xerial/snappy/snappy-java/1.1.8.3/snappy-java-1.1.8.3.jar","/home/jbergqvist/.m2/repository/org/lz4/lz4-java/1.8.0/lz4-java-1.8.0.jar","/home/jbergqvist/.m2/repository/org/apache/flink/flink-scala_2.12/1.14.4/flink-scala_2.12-1.14.4.jar","/home/jbergqvist/.m2/repository/org/scala-lang/scala-reflect/2.12.7/scala-reflect-2.12.7.jar","/home/jbergqvist/.m2/repository/org/scala-lang/scala-library/2.12.7/scala-library-2.12.7.jar","/home/jbergqvist/.m2/repository/org/scala-lang/scala-compiler/2.12.7/scala-compiler-2.12.7.jar","/home/jbergqvist/.m2/repository/org/scala-lang/modules/scala-xml_2.12/1.0.6/scala-xml_2.12-1.0.6.jar","/home/jbergqvist/.m2/repository/com/twitter/chill_2.12/0.7.6/chill_2.12-0.7.6.jar","/home/jbergqvist/.m2/repository/com/twitter/chill-java/0.7.6/chill-java-0.7.6.jar","/home/jbergqvist/.m2/repository/org/apache/flink/flink-java/1.14.4/flink-java-1.14.4.jar","/home/jbergqvist/.m2/repository/org/apache/flink/flink-shaded-guava/30.1.1-jre-14.0/flink-shaded-guava-30.1.1-jre-14.0.jar","/home/jbergqvist/.m2/repository/org/apache/commons/commons-math3/3.5/commons-math3-3.5.jar","/home/jbergqvist/.m2/repository/org/slf4j/slf4j-api/1.7.15/slf4j-api-1.7.15.jar","/home/jbergqvist/.m2/repository/com/google/code/findbugs/jsr305/1.3.9/jsr305-1.3.9.jar","/home/jbergqvist/.m2/repository/org/apache/flink/flink-shaded-force-shading/14.0/flink-shaded-force-shading-14.0.jar","/home/jbergqvist/.m2/repository/org/junit/jupiter/junit-jupiter-engine/5.13.4/junit-jupiter-engine-5.13.4.jar","/home/jbergqvist/.m2/repository/org/junit/platform/junit-platform-engine/1.13.4/junit-platform-engine-1.13.4.jar","/home/jbergqvist/.m2/repository/org/opentest4j/opentest4j/1.3.0/opentest4j-1.3.0.jar","/home/jbergqvist/.m2/repository/org/junit/platform/junit-platform-commons/1.13.4/junit-platform-commons-1.13.4.jar","/home/jbergqvist/.m2/repository/org/junit/jupiter/junit-jupiter-api/5.13.4/junit-jupiter-api-5.13.4.jar","/home/jbergqvist/.m2/repository/org/apiguardian/apiguardian-api/1.1.2/apiguardian-api-1.1.2.jar","/home/jbergqvist/.m2/repository/org/mockito/mockito-core/5.20.0/mockito-core-5.20.0.jar","/home/jbergqvist/.m2/repository/net/bytebuddy/byte-buddy/1.17.7/byte-buddy-1.17.7.jar","/home/jbergqvist/.m2/repository/net/bytebuddy/byte-buddy-agent/1.17.7/byte-buddy-agent-1.17.7.jar","/home/jbergqvist/.m2/repository/org/objenesis/objenesis/3.3/objenesis-3.3.jar","/home/jbergqvist/.m2/repository/org/mockito/mockito-junit-jupiter/5.20.0/mockito-junit-jupiter-5.20.0.jar","/home/jbergqvist/.m2/repository/org/apache/flink/flink-clients_2.12/1.14.4/flink-clients_2.12-1.14.4.jar","/home/jbergqvist/.m2/repository/org/apache/flink/flink-optimizer/1.14.4/flink-optimizer-1.14.4.jar","/home/jbergqvist/.m2/repository/commons-cli/commons-cli/1.3.1/commons-cli-1.3.1.jar","/home/jbergqvist/.m2/repository/org/apache/flink/flink-connector-kafka_2.11/1.14.4/flink-connector-kafka_2.11-1.14.4.jar","/home/jbergqvist/.m2/repository/org/apache/flink/flink-connector-base/1.14.4/flink-connector-base-1.14.4.jar","/home/jbergqvist/.m2/repository/org/apache/kafka/kafka-clients/2.4.1/kafka-clients-2.4.1.jar","/home/jbergqvist/.m2/repository/com/github/luben/zstd-jni/1.4.3-1/zstd-jni-1.4.3-1.jar","/home/jbergqvist/.m2/repository/com/google/guava/guava/31.1-jre/guava-31.1-jre.jar","/home/jbergqvist/.m2/repository/com/google/guava/failureaccess/1.0.1/failureaccess-1.0.1.jar","/home/jbergqvist/.m2/repository/com/google/guava/listenablefuture/9999.0-empty-to-avoid-conflict-with-guava/listenablefuture-9999.0-empty-to-avoid-conflict-with-guava.jar","/home/jbergqvist/.m2/repository/org/checkerframework/checker-qual/3.12.0/checker-qual-3.12.0.jar","/home/jbergqvist/.m2/repository/com/google/errorprone/error_prone_annotations/2.11.0/error_prone_annotations-2.11.0.jar","/home/jbergqvist/.m2/repository/com/google/j2objc/j2objc-annotations/1.3/j2objc-annotations-1.3.jar","/home/jbergqvist/.m2/repository/org/questdb/questdb/6.4.3/questdb-6.4.3.jar","/home/jbergqvist/.m2/repository/com/diffblue/cover/cover-annotations/1.8.0/cover-annotations-1.8.0.jar"],"complianceLevel":"11","productionSources":["/home/jbergqvist/diffblue/terrierteam-FinFlink/src/main/java"],"testSources":["/home/jbergqvist/diffblue/terrierteam-FinFlink/src/test/java"],"productionClasses":"/home/jbergqvist/diffblue/terrierteam-FinFlink/target/classes","testClasses":"/home/jbergqvist/diffblue/terrierteam-FinFlink/target/test-classes","sourceToBuildPathMap":null,"testSourceToBuildPathMap":null,"buildDirectory":"/home/jbergqvist/diffblue/terrierteam-FinFlink/target","plugins":[{"__type":"DefaultPlugin","groupId":"org.apache.maven.plugins","artefactId":"maven-compiler-plugin","version":"3.8.1","pluginClassName":null},{"__type":"DefaultPlugin","groupId":"org.apache.maven.plugins","artefactId":"maven-shade-plugin","version":"3.1.1","pluginClassName":null},{"__type":"DefaultPlugin","groupId":"org.apache.maven.plugins","artefactId":"maven-clean-plugin","version":"3.2.0","pluginClassName":null},{"__type":"DefaultPlugin","groupId":"org.apache.maven.plugins","artefactId":"maven-resources-plugin","version":"3.3.1","pluginClassName":null},{"__type":"DefaultPlugin","groupId":"org.apache.maven.plugins","artefactId":"maven-jar-plugin","version":"3.4.1","pluginClassName":null},{"__type":"DefaultPlugin","groupId":"org.apache.maven.plugins","artefactId":"maven-surefire-plugin","version":"3.2.5","pluginClassName":null},{"__type":"DefaultPlugin","groupId":"org.apache.maven.plugins","artefactId":"maven-install-plugin","version":"3.1.2","pluginClassName":null},{"__type":"DefaultPlugin","groupId":"org.apache.maven.plugins","artefactId":"maven-deploy-plugin","version":"3.1.2","pluginClassName":null},{"__type":"DefaultPlugin","groupId":"org.apache.maven.plugins","artefactId":"maven-site-plugin","version":"3.12.1","pluginClassName":null}],"version":"3.9.12","encoding":null,"name":"maven","subModules":[],"simpleModuleName":null,"parentModuleName":null,"location":"/home/jbergqvist/diffblue/terrierteam-FinFlink","fullModuleName":"Infinitech-FinFlink:Infinitech-FinFlink"}}
13:12:20.656 [INFO]   [Checking]    out: [INFO] ------------------------------------------------------------------------
13:12:20.656 [INFO]   [Checking]    out: [INFO] BUILD SUCCESS
13:12:20.656 [INFO]   [Checking]    out: [INFO] ------------------------------------------------------------------------
13:12:20.656 [INFO]   [Checking]    out: [INFO] Total time:  0.817 s
13:12:20.656 [INFO]   [Checking]    out: [INFO] Finished at: 2026-01-12T13:12:20Z
13:12:20.656 [INFO]   [Checking]    out: [INFO] ------------------------------------------------------------------------
13:12:20.656 [INFO]   [Checking]    deserializing line [DIFFBLUE]{"__type":"com.diffblue.cover.buildsystem.model.ProjectInfoMessage","projectName":"Infinitech-FinFlink:Infinitech-FinFlink","productionSources":["/home/jbergqvist/diffblue/terrierteam-FinFlink/src/main/java"],"testSources":["/home/jbergqvist/diffblue/terrierteam-FinFlink/src/test/java"],"location":"/home/jbergqvist/diffblue/terrierteam-FinFlink"}
13:12:20.712 [INFO]   [Checking]    maven:err process not stopped, joining thread
13:12:20.713 [INFO]   [Checking]    maven:out process not stopped, joining thread
13:12:20.713 [INFO]   [Checking]    Deserializing project module message
13:12:20.713 [INFO]   [Checking]    deserializing line [DIFFBLUE]{"__type":"com.diffblue.cover.buildsystem.model.DefaultEventMessage","project":"Infinitech-FinFlink:Infinitech-FinFlink","goal":"build-classpath","cause":null,"state":"STARTED"}
13:12:20.716 [INFO]   [Checking]    deserializing line [DIFFBLUE]{"__type":"com.diffblue.cover.buildsystem.model.DefaultEventMessage","project":"Infinitech-FinFlink:Infinitech-FinFlink","goal":"build-classpath","cause":null,"state":"SUCCESS"}
13:12:20.718 [INFO]   [Checking]    deserializing line [DIFFBLUE]{"__type":"com.diffblue.cover.buildsystem.model.DefaultProjectModuleMessage","project":{"__type":"DefaultProjectModule","junitReport":["/home/jbergqvist/diffblue/terrierteam-FinFlink/target/surefire-reports"],"jacocoReport":["/home/jbergqvist/diffblue/terrierteam-FinFlink/target/site/jacoco/jacoco.xml"],"jacocoDestFile":["/home/jbergqvist/diffblue/terrierteam-FinFlink/target/jacoco.exec"],"jacocoFormats":["xml"],"jacocoSkipped":false,"classpath":["/home/jbergqvist/diffblue/terrierteam-FinFlink/target/classes","/home/jbergqvist/.m2/repository/org/apache/flink/flink-streaming-java_2.12/1.14.4/flink-streaming-java_2.12-1.14.4.jar","/home/jbergqvist/.m2/repository/org/apache/flink/flink-core/1.14.4/flink-core-1.14.4.jar","/home/jbergqvist/.m2/repository/org/apache/flink/flink-annotations/1.14.4/flink-annotations-1.14.4.jar","/home/jbergqvist/.m2/repository/org/apache/flink/flink-metrics-core/1.14.4/flink-metrics-core-1.14.4.jar","/home/jbergqvist/.m2/repository/org/apache/flink/flink-shaded-asm-7/7.1-14.0/flink-shaded-asm-7-7.1-14.0.jar","/home/jbergqvist/.m2/repository/org/apache/commons/commons-lang3/3.3.2/commons-lang3-3.3.2.jar","/home/jbergqvist/.m2/repository/com/esotericsoftware/kryo/kryo/2.24.0/kryo-2.24.0.jar","/home/jbergqvist/.m2/repository/com/esotericsoftware/minlog/minlog/1.2/minlog-1.2.jar","/home/jbergqvist/.m2/repository/commons-collections/commons-collections/3.2.2/commons-collections-3.2.2.jar","/home/jbergqvist/.m2/repository/org/apache/commons/commons-compress/1.21/commons-compress-1.21.jar","/home/jbergqvist/.m2/repository/org/apache/flink/flink-file-sink-common/1.14.4/flink-file-sink-common-1.14.4.jar","/home/jbergqvist/.m2/repository/org/apache/flink/flink-runtime/1.14.4/flink-runtime-1.14.4.jar","/home/jbergqvist/.m2/repository/org/apache/flink/flink-rpc-core/1.14.4/flink-rpc-core-1.14.4.jar","/home/jbergqvist/.m2/repository/org/apache/flink/flink-rpc-akka-loader/1.14.4/flink-rpc-akka-loader-1.14.4.jar","/home/jbergqvist/.m2/repository/org/apache/flink/flink-queryable-state-client-java/1.14.4/flink-queryable-state-client-java-1.14.4.jar","/home/jbergqvist/.m2/repository/org/apache/flink/flink-hadoop-fs/1.14.4/flink-hadoop-fs-1.14.4.jar","/home/jbergqvist/.m2/repository/commons-io/commons-io/2.8.0/commons-io-2.8.0.jar","/home/jbergqvist/.m2/repository/org/apache/flink/flink-shaded-netty/4.1.65.Final-14.0/flink-shaded-netty-4.1.65.Final-14.0.jar","/home/jbergqvist/.m2/repository/org/apache/flink/flink-shaded-jackson/2.12.4-14.0/flink-shaded-jackson-2.12.4-14.0.jar","/home/jbergqvist/.m2/repository/org/apache/flink/flink-shaded-zookeeper-3/3.4.14-14.0/flink-shaded-zookeeper-3-3.4.14-14.0.jar","/home/jbergqvist/.m2/repository/org/javassist/javassist/3.24.0-GA/javassist-3.24.0-GA.jar","/home/jbergqvist/.m2/repository/org/xerial/snappy/snappy-java/1.1.8.3/snappy-java-1.1.8.3.jar","/home/jbergqvist/.m2/repository/org/lz4/lz4-java/1.8.0/lz4-java-1.8.0.jar","/home/jbergqvist/.m2/repository/org/apache/flink/flink-scala_2.12/1.14.4/flink-scala_2.12-1.14.4.jar","/home/jbergqvist/.m2/repository/org/scala-lang/scala-reflect/2.12.7/scala-reflect-2.12.7.jar","/home/jbergqvist/.m2/repository/org/scala-lang/scala-library/2.12.7/scala-library-2.12.7.jar","/home/jbergqvist/.m2/repository/org/scala-lang/scala-compiler/2.12.7/scala-compiler-2.12.7.jar","/home/jbergqvist/.m2/repository/org/scala-lang/modules/scala-xml_2.12/1.0.6/scala-xml_2.12-1.0.6.jar","/home/jbergqvist/.m2/repository/com/twitter/chill_2.12/0.7.6/chill_2.12-0.7.6.jar","/home/jbergqvist/.m2/repository/com/twitter/chill-java/0.7.6/chill-java-0.7.6.jar","/home/jbergqvist/.m2/repository/org/apache/flink/flink-java/1.14.4/flink-java-1.14.4.jar","/home/jbergqvist/.m2/repository/org/apache/flink/flink-shaded-guava/30.1.1-jre-14.0/flink-shaded-guava-30.1.1-jre-14.0.jar","/home/jbergqvist/.m2/repository/org/apache/commons/commons-math3/3.5/commons-math3-3.5.jar","/home/jbergqvist/.m2/repository/org/slf4j/slf4j-api/1.7.15/slf4j-api-1.7.15.jar","/home/jbergqvist/.m2/repository/com/google/code/findbugs/jsr305/1.3.9/jsr305-1.3.9.jar","/home/jbergqvist/.m2/repository/org/apache/flink/flink-shaded-force-shading/14.0/flink-shaded-force-shading-14.0.jar","/home/jbergqvist/.m2/repository/org/junit/jupiter/junit-jupiter-engine/5.13.4/junit-jupiter-engine-5.13.4.jar","/home/jbergqvist/.m2/repository/org/junit/platform/junit-platform-engine/1.13.4/junit-platform-engine-1.13.4.jar","/home/jbergqvist/.m2/repository/org/opentest4j/opentest4j/1.3.0/opentest4j-1.3.0.jar","/home/jbergqvist/.m2/repository/org/junit/platform/junit-platform-commons/1.13.4/junit-platform-commons-1.13.4.jar","/home/jbergqvist/.m2/repository/org/junit/jupiter/junit-jupiter-api/5.13.4/junit-jupiter-api-5.13.4.jar","/home/jbergqvist/.m2/repository/org/apiguardian/apiguardian-api/1.1.2/apiguardian-api-1.1.2.jar","/home/jbergqvist/.m2/repository/org/mockito/mockito-core/5.20.0/mockito-core-5.20.0.jar","/home/jbergqvist/.m2/repository/net/bytebuddy/byte-buddy/1.17.7/byte-buddy-1.17.7.jar","/home/jbergqvist/.m2/repository/net/bytebuddy/byte-buddy-agent/1.17.7/byte-buddy-agent-1.17.7.jar","/home/jbergqvist/.m2/repository/org/objenesis/objenesis/3.3/objenesis-3.3.jar","/home/jbergqvist/.m2/repository/org/mockito/mockito-junit-jupiter/5.20.0/mockito-junit-jupiter-5.20.0.jar","/home/jbergqvist/.m2/repository/org/apache/flink/flink-clients_2.12/1.14.4/flink-clients_2.12-1.14.4.jar","/home/jbergqvist/.m2/repository/org/apache/flink/flink-optimizer/1.14.4/flink-optimizer-1.14.4.jar","/home/jbergqvist/.m2/repository/commons-cli/commons-cli/1.3.1/commons-cli-1.3.1.jar","/home/jbergqvist/.m2/repository/org/apache/flink/flink-connector-kafka_2.11/1.14.4/flink-connector-kafka_2.11-1.14.4.jar","/home/jbergqvist/.m2/repository/org/apache/flink/flink-connector-base/1.14.4/flink-connector-base-1.14.4.jar","/home/jbergqvist/.m2/repository/org/apache/kafka/kafka-clients/2.4.1/kafka-clients-2.4.1.jar","/home/jbergqvist/.m2/repository/com/github/luben/zstd-jni/1.4.3-1/zstd-jni-1.4.3-1.jar","/home/jbergqvist/.m2/repository/com/google/guava/guava/31.1-jre/guava-31.1-jre.jar","/home/jbergqvist/.m2/repository/com/google/guava/failureaccess/1.0.1/failureaccess-1.0.1.jar","/home/jbergqvist/.m2/repository/com/google/guava/listenablefuture/9999.0-empty-to-avoid-conflict-with-guava/listenablefuture-9999.0-empty-to-avoid-conflict-with-guava.jar","/home/jbergqvist/.m2/repository/org/checkerframework/checker-qual/3.12.0/checker-qual-3.12.0.jar","/home/jbergqvist/.m2/repository/com/google/errorprone/error_prone_annotations/2.11.0/error_prone_annotations-2.11.0.jar","/home/jbergqvist/.m2/repository/com/google/j2objc/j2objc-annotations/1.3/j2objc-annotations-1.3.jar","/home/jbergqvist/.m2/repository/org/questdb/questdb/6.4.3/questdb-6.4.3.jar","/home/jbergqvist/.m2/repository/com/diffblue/cover/cover-annotations/1.8.0/cover-annotations-1.8.0.jar"],"complianceLevel":"11","productionSources":["/home/jbergqvist/diffblue/terrierteam-FinFlink/src/main/java"],"testSources":["/home/jbergqvist/diffblue/terrierteam-FinFlink/src/test/java"],"productionClasses":"/home/jbergqvist/diffblue/terrierteam-FinFlink/target/classes","testClasses":"/home/jbergqvist/diffblue/terrierteam-FinFlink/target/test-classes","sourceToBuildPathMap":null,"testSourceToBuildPathMap":null,"buildDirectory":"/home/jbergqvist/diffblue/terrierteam-FinFlink/target","plugins":[{"__type":"DefaultPlugin","groupId":"org.apache.maven.plugins","artefactId":"maven-compiler-plugin","version":"3.8.1","pluginClassName":null},{"__type":"DefaultPlugin","groupId":"org.apache.maven.plugins","artefactId":"maven-shade-plugin","version":"3.1.1","pluginClassName":null},{"__type":"DefaultPlugin","groupId":"org.apache.maven.plugins","artefactId":"maven-clean-plugin","version":"3.2.0","pluginClassName":null},{"__type":"DefaultPlugin","groupId":"org.apache.maven.plugins","artefactId":"maven-resources-plugin","version":"3.3.1","pluginClassName":null},{"__type":"DefaultPlugin","groupId":"org.apache.maven.plugins","artefactId":"maven-jar-plugin","version":"3.4.1","pluginClassName":null},{"__type":"DefaultPlugin","groupId":"org.apache.maven.plugins","artefactId":"maven-surefire-plugin","version":"3.2.5","pluginClassName":null},{"__type":"DefaultPlugin","groupId":"org.apache.maven.plugins","artefactId":"maven-install-plugin","version":"3.1.2","pluginClassName":null},{"__type":"DefaultPlugin","groupId":"org.apache.maven.plugins","artefactId":"maven-deploy-plugin","version":"3.1.2","pluginClassName":null},{"__type":"DefaultPlugin","groupId":"org.apache.maven.plugins","artefactId":"maven-site-plugin","version":"3.12.1","pluginClassName":null}],"version":"3.9.12","encoding":null,"name":"maven","subModules":[],"simpleModuleName":null,"parentModuleName":null,"location":"/home/jbergqvist/diffblue/terrierteam-FinFlink","fullModuleName":"Infinitech-FinFlink:Infinitech-FinFlink"}}
13:12:20.724 [INFO]   [Checking]    deserializing line [DIFFBLUE]{"__type":"com.diffblue.cover.buildsystem.model.ProjectInfoMessage","projectName":"Infinitech-FinFlink:Infinitech-FinFlink","productionSources":["/home/jbergqvist/diffblue/terrierteam-FinFlink/src/main/java"],"testSources":["/home/jbergqvist/diffblue/terrierteam-FinFlink/src/test/java"],"location":"/home/jbergqvist/diffblue/terrierteam-FinFlink"}
13:12:20.726 [INFO]   [Checking]    Found 1 ProjectModuleMessages (ignoring buildSrc projects)
13:12:20.726 [INFO]   [Checking]    Found module Infinitech-FinFlink:Infinitech-FinFlink in the working directory /home/jbergqvist/diffblue/terrierteam-FinFlink
13:12:20.726 [INFO]   [Checking]    deserialized project module is present? true
13:12:20.739 [INFO]   [Checking]    Operating System: Linux amd64 6.8.0-90-generic
13:12:20.739 [INFO]   [Checking]    Default charset: UTF-8
13:12:20.739 [INFO]   [Checking]    Default locale: en_GB
13:12:20.739 [INFO]   [Checking]    Default time zone: Europe/London
13:12:20.746 [INFO]   [Checking]    Discovered modules:
13:12:20.746 [INFO]   [Checking]    - Infinitech-FinFlink:Infinitech-FinFlink
13:12:20.746 [INFO]   [Checking]    
13:12:20.749 [INFO]   [Checking]    
13:12:20.749 [INFO]   [Checking]    [1/1] Creating tests for module: Infinitech-FinFlink:Infinitech-FinFlink
13:12:20.749 [INFO]   [Checking]    ========================================================================
13:12:20.749 [INFO]   [Checking]    
13:12:20.749 [INFO]   [Checking]    Detecting environment:
13:12:20.749 [INFO]   [Checking]    ----------------------
13:12:20.799 [INFO]   [Checking]    Detected Java version 11.0.29
13:12:20.810 [INFO]   [Checking]    Maven Using ${maven.home} of: /home/jbergqvist/.sdkman/candidates/maven/current.
13:12:20.810 [INFO]   [Checking]    Maven Executing: /bin/sh -c cd /home/jbergqvist/diffblue/terrierteam-FinFlink && /home/jbergqvist/.sdkman/candidates/maven/3.9.12/bin/mvn -B -version
13:12:20.972 [INFO]   [Checking]    Standard output of build tool (Maven)
13:12:20.972 [INFO]   [Checking]    > Apache Maven 3.9.12 (848fbb4bf2d427b72bdb2471c22fced7ebd9a7a1)
13:12:20.973 [INFO]   [Checking]    > Maven home: /home/jbergqvist/.sdkman/candidates/maven/3.9.12
13:12:20.973 [INFO]   [Checking]    > Java version: 11.0.29, vendor: Amazon.com Inc., runtime: /home/jbergqvist/.sdkman/candidates/java/11.0.29-amzn
13:12:20.973 [INFO]   [Checking]    > Default locale: en_GB, platform encoding: UTF-8
13:12:20.973 [INFO]   [Checking]    > OS name: "linux", version: "6.8.0-90-generic", arch: "amd64", family: "unix"
13:12:20.973 [INFO]   [Checking]    Detected build system: Maven 3.9.12
13:12:20.978 [INFO]   [Checking]    Operating System: Linux amd64 6.8.0-90-generic
13:12:20.978 [INFO]   [Checking]    Default charset: UTF-8
13:12:20.978 [INFO]   [Checking]    Default locale: en_GB
13:12:20.978 [INFO]   [Checking]    Default time zone: Europe/London
13:12:20.979 [INFO]   [Checking]    Selected build system: Maven
13:12:20.989 [INFO]   [Checking]    Selected classpath from build system maven
13:12:20.991 [INFO]   [Checking]    Expanded classpath: 
/home/jbergqvist/diffblue/terrierteam-FinFlink/target/test-classes (test build path)
/home/jbergqvist/diffblue/terrierteam-FinFlink/target/classes (code under test)
/home/jbergqvist/.m2/repository/org/apache/flink/flink-streaming-java_2.12/1.14.4/flink-streaming-java_2.12-1.14.4.jar
/home/jbergqvist/.m2/repository/org/apache/flink/flink-core/1.14.4/flink-core-1.14.4.jar
/home/jbergqvist/.m2/repository/org/apache/flink/flink-annotations/1.14.4/flink-annotations-1.14.4.jar
/home/jbergqvist/.m2/repository/org/apache/flink/flink-metrics-core/1.14.4/flink-metrics-core-1.14.4.jar
/home/jbergqvist/.m2/repository/org/apache/flink/flink-shaded-asm-7/7.1-14.0/flink-shaded-asm-7-7.1-14.0.jar
/home/jbergqvist/.m2/repository/org/apache/commons/commons-lang3/3.3.2/commons-lang3-3.3.2.jar
/home/jbergqvist/.m2/repository/com/esotericsoftware/kryo/kryo/2.24.0/kryo-2.24.0.jar
/home/jbergqvist/.m2/repository/com/esotericsoftware/minlog/minlog/1.2/minlog-1.2.jar
/home/jbergqvist/.m2/repository/commons-collections/commons-collections/3.2.2/commons-collections-3.2.2.jar
/home/jbergqvist/.m2/repository/org/apache/commons/commons-compress/1.21/commons-compress-1.21.jar
/home/jbergqvist/.m2/repository/org/apache/flink/flink-file-sink-common/1.14.4/flink-file-sink-common-1.14.4.jar
/home/jbergqvist/.m2/repository/org/apache/flink/flink-runtime/1.14.4/flink-runtime-1.14.4.jar
/home/jbergqvist/.m2/repository/org/apache/flink/flink-rpc-core/1.14.4/flink-rpc-core-1.14.4.jar
/home/jbergqvist/.m2/repository/org/apache/flink/flink-rpc-akka-loader/1.14.4/flink-rpc-akka-loader-1.14.4.jar
/home/jbergqvist/.m2/repository/org/apache/flink/flink-queryable-state-client-java/1.14.4/flink-queryable-state-client-java-1.14.4.jar
/home/jbergqvist/.m2/repository/org/apache/flink/flink-hadoop-fs/1.14.4/flink-hadoop-fs-1.14.4.jar
/home/jbergqvist/.m2/repository/commons-io/commons-io/2.8.0/commons-io-2.8.0.jar
/home/jbergqvist/.m2/repository/org/apache/flink/flink-shaded-netty/4.1.65.Final-14.0/flink-shaded-netty-4.1.65.Final-14.0.jar
/home/jbergqvist/.m2/repository/org/apache/flink/flink-shaded-jackson/2.12.4-14.0/flink-shaded-jackson-2.12.4-14.0.jar
/home/jbergqvist/.m2/repository/org/apache/flink/flink-shaded-zookeeper-3/3.4.14-14.0/flink-shaded-zookeeper-3-3.4.14-14.0.jar
/home/jbergqvist/.m2/repository/org/javassist/javassist/3.24.0-GA/javassist-3.24.0-GA.jar
/home/jbergqvist/.m2/repository/org/xerial/snappy/snappy-java/1.1.8.3/snappy-java-1.1.8.3.jar
/home/jbergqvist/.m2/repository/org/lz4/lz4-java/1.8.0/lz4-java-1.8.0.jar
/home/jbergqvist/.m2/repository/org/apache/flink/flink-scala_2.12/1.14.4/flink-scala_2.12-1.14.4.jar
/home/jbergqvist/.m2/repository/org/scala-lang/scala-reflect/2.12.7/scala-reflect-2.12.7.jar
/home/jbergqvist/.m2/repository/org/scala-lang/scala-library/2.12.7/scala-library-2.12.7.jar
/home/jbergqvist/.m2/repository/org/scala-lang/scala-compiler/2.12.7/scala-compiler-2.12.7.jar
/home/jbergqvist/.m2/repository/org/scala-lang/modules/scala-xml_2.12/1.0.6/scala-xml_2.12-1.0.6.jar
/home/jbergqvist/.m2/repository/com/twitter/chill_2.12/0.7.6/chill_2.12-0.7.6.jar
/home/jbergqvist/.m2/repository/com/twitter/chill-java/0.7.6/chill-java-0.7.6.jar
/home/jbergqvist/.m2/repository/org/apache/flink/flink-java/1.14.4/flink-java-1.14.4.jar
/home/jbergqvist/.m2/repository/org/apache/flink/flink-shaded-guava/30.1.1-jre-14.0/flink-shaded-guava-30.1.1-jre-14.0.jar
/home/jbergqvist/.m2/repository/org/apache/commons/commons-math3/3.5/commons-math3-3.5.jar
/home/jbergqvist/.m2/repository/org/slf4j/slf4j-api/1.7.15/slf4j-api-1.7.15.jar
/home/jbergqvist/.m2/repository/com/google/code/findbugs/jsr305/1.3.9/jsr305-1.3.9.jar
/home/jbergqvist/.m2/repository/org/apache/flink/flink-shaded-force-shading/14.0/flink-shaded-force-shading-14.0.jar
/home/jbergqvist/.m2/repository/org/junit/jupiter/junit-jupiter-engine/5.13.4/junit-jupiter-engine-5.13.4.jar
/home/jbergqvist/.m2/repository/org/junit/platform/junit-platform-engine/1.13.4/junit-platform-engine-1.13.4.jar
/home/jbergqvist/.m2/repository/org/opentest4j/opentest4j/1.3.0/opentest4j-1.3.0.jar
/home/jbergqvist/.m2/repository/org/junit/platform/junit-platform-commons/1.13.4/junit-platform-commons-1.13.4.jar
/home/jbergqvist/.m2/repository/org/junit/jupiter/junit-jupiter-api/5.13.4/junit-jupiter-api-5.13.4.jar
/home/jbergqvist/.m2/repository/org/apiguardian/apiguardian-api/1.1.2/apiguardian-api-1.1.2.jar
/home/jbergqvist/.m2/repository/org/mockito/mockito-core/5.20.0/mockito-core-5.20.0.jar
/home/jbergqvist/.m2/repository/net/bytebuddy/byte-buddy/1.17.7/byte-buddy-1.17.7.jar
/home/jbergqvist/.m2/repository/net/bytebuddy/byte-buddy-agent/1.17.7/byte-buddy-agent-1.17.7.jar
/home/jbergqvist/.m2/repository/org/objenesis/objenesis/3.3/objenesis-3.3.jar
/home/jbergqvist/.m2/repository/org/mockito/mockito-junit-jupiter/5.20.0/mockito-junit-jupiter-5.20.0.jar
/home/jbergqvist/.m2/repository/org/apache/flink/flink-clients_2.12/1.14.4/flink-clients_2.12-1.14.4.jar
/home/jbergqvist/.m2/repository/org/apache/flink/flink-optimizer/1.14.4/flink-optimizer-1.14.4.jar
/home/jbergqvist/.m2/repository/commons-cli/commons-cli/1.3.1/commons-cli-1.3.1.jar
/home/jbergqvist/.m2/repository/org/apache/flink/flink-connector-kafka_2.11/1.14.4/flink-connector-kafka_2.11-1.14.4.jar
/home/jbergqvist/.m2/repository/org/apache/flink/flink-connector-base/1.14.4/flink-connector-base-1.14.4.jar
/home/jbergqvist/.m2/repository/org/apache/kafka/kafka-clients/2.4.1/kafka-clients-2.4.1.jar
/home/jbergqvist/.m2/repository/com/github/luben/zstd-jni/1.4.3-1/zstd-jni-1.4.3-1.jar
/home/jbergqvist/.m2/repository/com/google/guava/guava/31.1-jre/guava-31.1-jre.jar
/home/jbergqvist/.m2/repository/com/google/guava/failureaccess/1.0.1/failureaccess-1.0.1.jar
/home/jbergqvist/.m2/repository/com/google/guava/listenablefuture/9999.0-empty-to-avoid-conflict-with-guava/listenablefuture-9999.0-empty-to-avoid-conflict-with-guava.jar
/home/jbergqvist/.m2/repository/org/checkerframework/checker-qual/3.12.0/checker-qual-3.12.0.jar
/home/jbergqvist/.m2/repository/com/google/errorprone/error_prone_annotations/2.11.0/error_prone_annotations-2.11.0.jar
/home/jbergqvist/.m2/repository/com/google/j2objc/j2objc-annotations/1.3/j2objc-annotations-1.3.jar
/home/jbergqvist/.m2/repository/org/questdb/questdb/6.4.3/questdb-6.4.3.jar
/home/jbergqvist/.m2/repository/com/diffblue/cover/cover-annotations/1.8.0/cover-annotations-1.8.0.jar
13:12:21.027 [INFO]   [Checking]    Detected test framework: JUnit Jupiter API 5.13.4
13:12:21.036 [INFO]   [Checking]    Detected JUnit Jupiter Engine version 5.13.4
13:12:21.086 [INFO]   [Checking]    Detected Mockito Core version 5.20.0
13:12:21.448 [INFO]   [Checking]    Indexing...
13:12:21.777 [INFO]   [Checking]    Selected test output directory: /home/jbergqvist/diffblue/terrierteam-FinFlink/src/test/java
13:12:21.792 [INFO]   [Checking]    Using default build rules as no custom rules found in any of [/home/jbergqvist/diffblue/terrierteam-FinFlink]
13:12:21.793 [INFO]   [Checking]    Attempting to invoke mvnw in working directory: /home/jbergqvist/diffblue/terrierteam-FinFlink
13:12:21.794 [INFO]   [Checking]    Attempting to invoke /home/jbergqvist/.sdkman/candidates/maven/current/bin/mvn in working directory: /home/jbergqvist/diffblue/terrierteam-FinFlink
13:12:21.794 [INFO]   [Checking]    Started "/home/jbergqvist/.sdkman/candidates/maven/current/bin/mvn -Dmaven.ext.class.path=/opt/cover/cover-buildsystem-maven-spy-jar-with-dependencies.jar -Dcom.diffblue.cover.skipTests=true -DskipTestOptimizer --batch-mode --projects=Infinitech-FinFlink:Infinitech-FinFlink --global-settings=/home/jbergqvist/.sdkman/candidates/maven/current/conf/settings.xml test -DfailIfNoTests=false -Dsurefire.failIfNoSpecifiedTests=false -Dmaven.test.failure.ignore=True -Dtest=DummyJupiterDiffblueTest"
13:12:22.764 [INFO]   [Checking]    out: [INFO] Scanning for projects...
13:12:22.804 [INFO]   [Checking]    out: [INFO] 
13:12:22.804 [INFO]   [Checking]    out: [INFO] --------------< Infinitech-FinFlink:Infinitech-FinFlink >---------------
13:12:22.804 [INFO]   [Checking]    out: [INFO] Building Infinitech-FinFlink 0.6
13:12:22.804 [INFO]   [Checking]    out: [INFO]   from pom.xml
13:12:22.804 [INFO]   [Checking]    out: [INFO] --------------------------------[ jar ]---------------------------------
13:12:23.144 [INFO]   [Checking]    deserializing line [DIFFBLUE]{"__type":"com.diffblue.cover.buildsystem.model.DefaultEventMessage","project":"Infinitech-FinFlink:Infinitech-FinFlink","goal":"resources","cause":null,"state":"STARTED"}
13:12:23.146 [INFO]   [Checking]    out: [INFO] 
13:12:23.146 [INFO]   [Checking]    out: [INFO] --- resources:3.3.1:resources (default-resources) @ Infinitech-FinFlink ---
13:12:23.218 [INFO]   [Checking]    out: [WARNING] Using platform encoding (UTF-8 actually) to copy filtered resources, i.e. build is platform dependent!
13:12:23.218 [INFO]   [Checking]    out: [INFO] skip non existing resourceDirectory /home/jbergqvist/diffblue/terrierteam-FinFlink/resources
13:12:23.220 [INFO]   [Checking]    deserializing line [DIFFBLUE]{"__type":"com.diffblue.cover.buildsystem.model.DefaultEventMessage","project":"Infinitech-FinFlink:Infinitech-FinFlink","goal":"resources","cause":null,"state":"SUCCESS"}
13:12:23.222 [INFO]   [Checking]    deserializing line [DIFFBLUE]{"__type":"com.diffblue.cover.buildsystem.model.DefaultEventMessage","project":"Infinitech-FinFlink:Infinitech-FinFlink","goal":"compile","cause":null,"state":"STARTED"}
13:12:23.223 [INFO]   [Checking]    out: [INFO] 
13:12:23.224 [INFO]   [Checking]    out: [INFO] --- compiler:3.8.1:compile (default-compile) @ Infinitech-FinFlink ---
13:12:23.371 [INFO]   [Checking]    out: [INFO] Nothing to compile - all classes are up to date
13:12:23.372 [INFO]   [Checking]    deserializing line [DIFFBLUE]{"__type":"com.diffblue.cover.buildsystem.model.DefaultEventMessage","project":"Infinitech-FinFlink:Infinitech-FinFlink","goal":"compile","cause":null,"state":"SUCCESS"}
13:12:23.375 [INFO]   [Checking]    deserializing line [DIFFBLUE]{"__type":"com.diffblue.cover.buildsystem.model.DefaultEventMessage","project":"Infinitech-FinFlink:Infinitech-FinFlink","goal":"testResources","cause":null,"state":"STARTED"}
13:12:23.377 [INFO]   [Checking]    out: [INFO] 
13:12:23.377 [INFO]   [Checking]    out: [INFO] --- resources:3.3.1:testResources (default-testResources) @ Infinitech-FinFlink ---
13:12:23.377 [INFO]   [Checking]    out: [WARNING] Using platform encoding (UTF-8 actually) to copy filtered resources, i.e. build is platform dependent!
13:12:23.377 [INFO]   [Checking]    out: [INFO] skip non existing resourceDirectory /home/jbergqvist/diffblue/terrierteam-FinFlink/src/test/resources
13:12:23.377 [INFO]   [Checking]    deserializing line [DIFFBLUE]{"__type":"com.diffblue.cover.buildsystem.model.DefaultEventMessage","project":"Infinitech-FinFlink:Infinitech-FinFlink","goal":"testResources","cause":null,"state":"SUCCESS"}
13:12:23.379 [INFO]   [Checking]    deserializing line [DIFFBLUE]{"__type":"com.diffblue.cover.buildsystem.model.DefaultEventMessage","project":"Infinitech-FinFlink:Infinitech-FinFlink","goal":"testCompile","cause":null,"state":"STARTED"}
13:12:23.381 [INFO]   [Checking]    out: [INFO] 
13:12:23.381 [INFO]   [Checking]    out: [INFO] --- compiler:3.8.1:testCompile (default-testCompile) @ Infinitech-FinFlink ---
13:12:23.382 [INFO]   [Checking]    out: [INFO] Changes detected - recompiling the module!
13:12:23.383 [INFO]   [Checking]    out: [WARNING] File encoding has not been set, using platform encoding UTF-8, i.e. build is platform dependent!
13:12:23.384 [INFO]   [Checking]    out: [INFO] Compiling 1 source file to /home/jbergqvist/diffblue/terrierteam-FinFlink/target/test-classes
13:12:23.787 [INFO]   [Checking]    deserializing line [DIFFBLUE]{"__type":"com.diffblue.cover.buildsystem.model.DefaultEventMessage","project":"Infinitech-FinFlink:Infinitech-FinFlink","goal":"testCompile","cause":null,"state":"SUCCESS"}
13:12:23.789 [INFO]   [Checking]    deserializing line [DIFFBLUE]{"__type":"com.diffblue.cover.buildsystem.model.DefaultEventMessage","project":"Infinitech-FinFlink:Infinitech-FinFlink","goal":"test","cause":null,"state":"STARTED"}
13:12:23.791 [INFO]   [Checking]    out: [INFO] 
13:12:23.792 [INFO]   [Checking]    out: [INFO] --- surefire:3.2.5:test (default-test) @ Infinitech-FinFlink ---
13:12:23.908 [INFO]   [Checking]    out: [INFO] Using auto detected provider org.apache.maven.surefire.junitplatform.JUnitPlatformProvider
13:12:23.943 [INFO]   [Checking]    out: [INFO] 
13:12:23.943 [INFO]   [Checking]    out: [INFO] -------------------------------------------------------
13:12:23.943 [INFO]   [Checking]    out: [INFO]  T E S T S
13:12:23.944 [INFO]   [Checking]    out: [INFO] -------------------------------------------------------
13:12:24.338 [INFO]   [Checking]    out: [INFO] Running DummyJupiterDiffblueTest
13:12:24.372 [INFO]   [Checking]    out: [INFO] Tests run: 1, Failures: 0, Errors: 0, Skipped: 0, Time elapsed: 0.024 s -- in DummyJupiterDiffblueTest
13:12:24.389 [INFO]   [Checking]    out: [INFO] 
13:12:24.389 [INFO]   [Checking]    out: [INFO] Results:
13:12:24.389 [INFO]   [Checking]    out: [INFO] 
13:12:24.389 [INFO]   [Checking]    out: [INFO] Tests run: 1, Failures: 0, Errors: 0, Skipped: 0
13:12:24.389 [INFO]   [Checking]    out: [INFO] 
13:12:24.392 [INFO]   [Checking]    deserializing line [DIFFBLUE]{"__type":"com.diffblue.cover.buildsystem.model.DefaultEventMessage","project":"Infinitech-FinFlink:Infinitech-FinFlink","goal":"test","cause":null,"state":"SUCCESS"}
13:12:24.415 [INFO]   [Checking]    deserializing line [DIFFBLUE]{"__type":"com.diffblue.cover.buildsystem.model.DefaultProjectModuleMessage","project":{"__type":"DefaultProjectModule","junitReport":["/home/jbergqvist/diffblue/terrierteam-FinFlink/target/surefire-reports"],"jacocoReport":["/home/jbergqvist/diffblue/terrierteam-FinFlink/target/site/jacoco/jacoco.xml"],"jacocoDestFile":["/home/jbergqvist/diffblue/terrierteam-FinFlink/target/jacoco.exec"],"jacocoFormats":["xml"],"jacocoSkipped":false,"classpath":["/home/jbergqvist/diffblue/terrierteam-FinFlink/target/classes","/home/jbergqvist/.m2/repository/org/apache/flink/flink-streaming-java_2.12/1.14.4/flink-streaming-java_2.12-1.14.4.jar","/home/jbergqvist/.m2/repository/org/apache/flink/flink-core/1.14.4/flink-core-1.14.4.jar","/home/jbergqvist/.m2/repository/org/apache/flink/flink-annotations/1.14.4/flink-annotations-1.14.4.jar","/home/jbergqvist/.m2/repository/org/apache/flink/flink-metrics-core/1.14.4/flink-metrics-core-1.14.4.jar","/home/jbergqvist/.m2/repository/org/apache/flink/flink-shaded-asm-7/7.1-14.0/flink-shaded-asm-7-7.1-14.0.jar","/home/jbergqvist/.m2/repository/org/apache/commons/commons-lang3/3.3.2/commons-lang3-3.3.2.jar","/home/jbergqvist/.m2/repository/com/esotericsoftware/kryo/kryo/2.24.0/kryo-2.24.0.jar","/home/jbergqvist/.m2/repository/com/esotericsoftware/minlog/minlog/1.2/minlog-1.2.jar","/home/jbergqvist/.m2/repository/commons-collections/commons-collections/3.2.2/commons-collections-3.2.2.jar","/home/jbergqvist/.m2/repository/org/apache/commons/commons-compress/1.21/commons-compress-1.21.jar","/home/jbergqvist/.m2/repository/org/apache/flink/flink-file-sink-common/1.14.4/flink-file-sink-common-1.14.4.jar","/home/jbergqvist/.m2/repository/org/apache/flink/flink-runtime/1.14.4/flink-runtime-1.14.4.jar","/home/jbergqvist/.m2/repository/org/apache/flink/flink-rpc-core/1.14.4/flink-rpc-core-1.14.4.jar","/home/jbergqvist/.m2/repository/org/apache/flink/flink-rpc-akka-loader/1.14.4/flink-rpc-akka-loader-1.14.4.jar","/home/jbergqvist/.m2/repository/org/apache/flink/flink-queryable-state-client-java/1.14.4/flink-queryable-state-client-java-1.14.4.jar","/home/jbergqvist/.m2/repository/org/apache/flink/flink-hadoop-fs/1.14.4/flink-hadoop-fs-1.14.4.jar","/home/jbergqvist/.m2/repository/commons-io/commons-io/2.8.0/commons-io-2.8.0.jar","/home/jbergqvist/.m2/repository/org/apache/flink/flink-shaded-netty/4.1.65.Final-14.0/flink-shaded-netty-4.1.65.Final-14.0.jar","/home/jbergqvist/.m2/repository/org/apache/flink/flink-shaded-jackson/2.12.4-14.0/flink-shaded-jackson-2.12.4-14.0.jar","/home/jbergqvist/.m2/repository/org/apache/flink/flink-shaded-zookeeper-3/3.4.14-14.0/flink-shaded-zookeeper-3-3.4.14-14.0.jar","/home/jbergqvist/.m2/repository/org/javassist/javassist/3.24.0-GA/javassist-3.24.0-GA.jar","/home/jbergqvist/.m2/repository/org/xerial/snappy/snappy-java/1.1.8.3/snappy-java-1.1.8.3.jar","/home/jbergqvist/.m2/repository/org/lz4/lz4-java/1.8.0/lz4-java-1.8.0.jar","/home/jbergqvist/.m2/repository/org/apache/flink/flink-scala_2.12/1.14.4/flink-scala_2.12-1.14.4.jar","/home/jbergqvist/.m2/repository/org/scala-lang/scala-reflect/2.12.7/scala-reflect-2.12.7.jar","/home/jbergqvist/.m2/repository/org/scala-lang/scala-library/2.12.7/scala-library-2.12.7.jar","/home/jbergqvist/.m2/repository/org/scala-lang/scala-compiler/2.12.7/scala-compiler-2.12.7.jar","/home/jbergqvist/.m2/repository/org/scala-lang/modules/scala-xml_2.12/1.0.6/scala-xml_2.12-1.0.6.jar","/home/jbergqvist/.m2/repository/com/twitter/chill_2.12/0.7.6/chill_2.12-0.7.6.jar","/home/jbergqvist/.m2/repository/com/twitter/chill-java/0.7.6/chill-java-0.7.6.jar","/home/jbergqvist/.m2/repository/org/apache/flink/flink-java/1.14.4/flink-java-1.14.4.jar","/home/jbergqvist/.m2/repository/org/apache/flink/flink-shaded-guava/30.1.1-jre-14.0/flink-shaded-guava-30.1.1-jre-14.0.jar","/home/jbergqvist/.m2/repository/org/apache/commons/commons-math3/3.5/commons-math3-3.5.jar","/home/jbergqvist/.m2/repository/org/slf4j/slf4j-api/1.7.15/slf4j-api-1.7.15.jar","/home/jbergqvist/.m2/repository/com/google/code/findbugs/jsr305/1.3.9/jsr305-1.3.9.jar","/home/jbergqvist/.m2/repository/org/apache/flink/flink-shaded-force-shading/14.0/flink-shaded-force-shading-14.0.jar","/home/jbergqvist/.m2/repository/org/junit/jupiter/junit-jupiter-engine/5.13.4/junit-jupiter-engine-5.13.4.jar","/home/jbergqvist/.m2/repository/org/junit/platform/junit-platform-engine/1.13.4/junit-platform-engine-1.13.4.jar","/home/jbergqvist/.m2/repository/org/opentest4j/opentest4j/1.3.0/opentest4j-1.3.0.jar","/home/jbergqvist/.m2/repository/org/junit/platform/junit-platform-commons/1.13.4/junit-platform-commons-1.13.4.jar","/home/jbergqvist/.m2/repository/org/junit/jupiter/junit-jupiter-api/5.13.4/junit-jupiter-api-5.13.4.jar","/home/jbergqvist/.m2/repository/org/apiguardian/apiguardian-api/1.1.2/apiguardian-api-1.1.2.jar","/home/jbergqvist/.m2/repository/org/mockito/mockito-core/5.20.0/mockito-core-5.20.0.jar","/home/jbergqvist/.m2/repository/net/bytebuddy/byte-buddy/1.17.7/byte-buddy-1.17.7.jar","/home/jbergqvist/.m2/repository/net/bytebuddy/byte-buddy-agent/1.17.7/byte-buddy-agent-1.17.7.jar","/home/jbergqvist/.m2/repository/org/objenesis/objenesis/3.3/objenesis-3.3.jar","/home/jbergqvist/.m2/repository/org/mockito/mockito-junit-jupiter/5.20.0/mockito-junit-jupiter-5.20.0.jar","/home/jbergqvist/.m2/repository/org/apache/flink/flink-clients_2.12/1.14.4/flink-clients_2.12-1.14.4.jar","/home/jbergqvist/.m2/repository/org/apache/flink/flink-optimizer/1.14.4/flink-optimizer-1.14.4.jar","/home/jbergqvist/.m2/repository/commons-cli/commons-cli/1.3.1/commons-cli-1.3.1.jar","/home/jbergqvist/.m2/repository/org/apache/flink/flink-connector-kafka_2.11/1.14.4/flink-connector-kafka_2.11-1.14.4.jar","/home/jbergqvist/.m2/repository/org/apache/flink/flink-connector-base/1.14.4/flink-connector-base-1.14.4.jar","/home/jbergqvist/.m2/repository/org/apache/kafka/kafka-clients/2.4.1/kafka-clients-2.4.1.jar","/home/jbergqvist/.m2/repository/com/github/luben/zstd-jni/1.4.3-1/zstd-jni-1.4.3-1.jar","/home/jbergqvist/.m2/repository/com/google/guava/guava/31.1-jre/guava-31.1-jre.jar","/home/jbergqvist/.m2/repository/com/google/guava/failureaccess/1.0.1/failureaccess-1.0.1.jar","/home/jbergqvist/.m2/repository/com/google/guava/listenablefuture/9999.0-empty-to-avoid-conflict-with-guava/listenablefuture-9999.0-empty-to-avoid-conflict-with-guava.jar","/home/jbergqvist/.m2/repository/org/checkerframework/checker-qual/3.12.0/checker-qual-3.12.0.jar","/home/jbergqvist/.m2/repository/com/google/errorprone/error_prone_annotations/2.11.0/error_prone_annotations-2.11.0.jar","/home/jbergqvist/.m2/repository/com/google/j2objc/j2objc-annotations/1.3/j2objc-annotations-1.3.jar","/home/jbergqvist/.m2/repository/org/questdb/questdb/6.4.3/questdb-6.4.3.jar","/home/jbergqvist/.m2/repository/com/diffblue/cover/cover-annotations/1.8.0/cover-annotations-1.8.0.jar"],"complianceLevel":"11","productionSources":["/home/jbergqvist/diffblue/terrierteam-FinFlink/src/main/java"],"testSources":["/home/jbergqvist/diffblue/terrierteam-FinFlink/src/test/java"],"productionClasses":"/home/jbergqvist/diffblue/terrierteam-FinFlink/target/classes","testClasses":"/home/jbergqvist/diffblue/terrierteam-FinFlink/target/test-classes","sourceToBuildPathMap":null,"testSourceToBuildPathMap":null,"buildDirectory":"/home/jbergqvist/diffblue/terrierteam-FinFlink/target","plugins":[{"__type":"DefaultPlugin","groupId":"org.apache.maven.plugins","artefactId":"maven-compiler-plugin","version":"3.8.1","pluginClassName":null},{"__type":"DefaultPlugin","groupId":"org.apache.maven.plugins","artefactId":"maven-shade-plugin","version":"3.1.1","pluginClassName":null},{"__type":"DefaultPlugin","groupId":"org.apache.maven.plugins","artefactId":"maven-clean-plugin","version":"3.2.0","pluginClassName":null},{"__type":"DefaultPlugin","groupId":"org.apache.maven.plugins","artefactId":"maven-resources-plugin","version":"3.3.1","pluginClassName":null},{"__type":"DefaultPlugin","groupId":"org.apache.maven.plugins","artefactId":"maven-jar-plugin","version":"3.4.1","pluginClassName":null},{"__type":"DefaultPlugin","groupId":"org.apache.maven.plugins","artefactId":"maven-surefire-plugin","version":"3.2.5","pluginClassName":null},{"__type":"DefaultPlugin","groupId":"org.apache.maven.plugins","artefactId":"maven-install-plugin","version":"3.1.2","pluginClassName":null},{"__type":"DefaultPlugin","groupId":"org.apache.maven.plugins","artefactId":"maven-deploy-plugin","version":"3.1.2","pluginClassName":null},{"__type":"DefaultPlugin","groupId":"org.apache.maven.plugins","artefactId":"maven-site-plugin","version":"3.12.1","pluginClassName":null}],"version":"3.9.12","encoding":null,"name":"maven","subModules":[],"simpleModuleName":null,"parentModuleName":null,"location":"/home/jbergqvist/diffblue/terrierteam-FinFlink","fullModuleName":"Infinitech-FinFlink:Infinitech-FinFlink"}}
13:12:24.421 [INFO]   [Checking]    out: [INFO] ------------------------------------------------------------------------
13:12:24.421 [INFO]   [Checking]    out: [INFO] BUILD SUCCESS
13:12:24.421 [INFO]   [Checking]    out: [INFO] ------------------------------------------------------------------------
13:12:24.421 [INFO]   [Checking]    out: [INFO] Total time:  1.666 s
13:12:24.421 [INFO]   [Checking]    out: [INFO] Finished at: 2026-01-12T13:12:24Z
13:12:24.421 [INFO]   [Checking]    out: [INFO] ------------------------------------------------------------------------
13:12:24.421 [INFO]   [Checking]    deserializing line [DIFFBLUE]{"__type":"com.diffblue.cover.buildsystem.model.ProjectInfoMessage","projectName":"Infinitech-FinFlink:Infinitech-FinFlink","productionSources":["/home/jbergqvist/diffblue/terrierteam-FinFlink/src/main/java","/home/jbergqvist/diffblue/terrierteam-FinFlink/target/generated-sources/annotations"],"testSources":["/home/jbergqvist/diffblue/terrierteam-FinFlink/src/test/java","/home/jbergqvist/diffblue/terrierteam-FinFlink/target/generated-test-sources/test-annotations"],"location":"/home/jbergqvist/diffblue/terrierteam-FinFlink"}
13:12:24.452 [INFO]   [Checking]    maven:err process not stopped, joining thread
13:12:24.453 [INFO]   [Checking]    maven:out process not stopped, joining thread
13:12:24.466 [INFO]   [Checking]    Selected test framework: JUnit Jupiter API
13:12:24.487 [INFO]   [Checking]    Detected Mockito JUnit Jupiter version 5.20.0
13:12:24.602 [INFO]   [Checking]    Using default build rules as no custom rules found in any of [/home/jbergqvist/diffblue/terrierteam-FinFlink]
13:12:24.602 [INFO]   [Checking]    Attempting to invoke mvnw in working directory: /home/jbergqvist/diffblue/terrierteam-FinFlink
13:12:24.603 [INFO]   [Checking]    Attempting to invoke /home/jbergqvist/.sdkman/candidates/maven/current/bin/mvn in working directory: /home/jbergqvist/diffblue/terrierteam-FinFlink
13:12:24.603 [INFO]   [Checking]    Started "/home/jbergqvist/.sdkman/candidates/maven/current/bin/mvn -Dmaven.ext.class.path=/opt/cover/cover-buildsystem-maven-spy-jar-with-dependencies.jar -Dcom.diffblue.cover.skipTests=true -DskipTestOptimizer --batch-mode --projects=Infinitech-FinFlink:Infinitech-FinFlink --global-settings=/home/jbergqvist/.sdkman/candidates/maven/current/conf/settings.xml test -DfailIfNoTests=false -Dsurefire.failIfNoSpecifiedTests=false -Dmaven.test.failure.ignore=True -Dtest=DummyJUnitJupiterLauncherDiffblueTest9739033094751456980"
13:12:25.359 [INFO]   [Checking]    out: [INFO] Scanning for projects...
13:12:25.399 [INFO]   [Checking]    out: [INFO] 
13:12:25.400 [INFO]   [Checking]    out: [INFO] --------------< Infinitech-FinFlink:Infinitech-FinFlink >---------------
13:12:25.400 [INFO]   [Checking]    out: [INFO] Building Infinitech-FinFlink 0.6
13:12:25.400 [INFO]   [Checking]    out: [INFO]   from pom.xml
13:12:25.400 [INFO]   [Checking]    out: [INFO] --------------------------------[ jar ]---------------------------------
13:12:25.752 [INFO]   [Checking]    deserializing line [DIFFBLUE]{"__type":"com.diffblue.cover.buildsystem.model.DefaultEventMessage","project":"Infinitech-FinFlink:Infinitech-FinFlink","goal":"resources","cause":null,"state":"STARTED"}
13:12:25.754 [INFO]   [Checking]    out: [INFO] 
13:12:25.754 [INFO]   [Checking]    out: [INFO] --- resources:3.3.1:resources (default-resources) @ Infinitech-FinFlink ---
13:12:25.830 [INFO]   [Checking]    out: [WARNING] Using platform encoding (UTF-8 actually) to copy filtered resources, i.e. build is platform dependent!
13:12:25.830 [INFO]   [Checking]    out: [INFO] skip non existing resourceDirectory /home/jbergqvist/diffblue/terrierteam-FinFlink/resources
13:12:25.831 [INFO]   [Checking]    deserializing line [DIFFBLUE]{"__type":"com.diffblue.cover.buildsystem.model.DefaultEventMessage","project":"Infinitech-FinFlink:Infinitech-FinFlink","goal":"resources","cause":null,"state":"SUCCESS"}
13:12:25.833 [INFO]   [Checking]    deserializing line [DIFFBLUE]{"__type":"com.diffblue.cover.buildsystem.model.DefaultEventMessage","project":"Infinitech-FinFlink:Infinitech-FinFlink","goal":"compile","cause":null,"state":"STARTED"}
13:12:25.834 [INFO]   [Checking]    out: [INFO] 
13:12:25.834 [INFO]   [Checking]    out: [INFO] --- compiler:3.8.1:compile (default-compile) @ Infinitech-FinFlink ---
13:12:25.993 [INFO]   [Checking]    out: [INFO] Nothing to compile - all classes are up to date
13:12:25.995 [INFO]   [Checking]    deserializing line [DIFFBLUE]{"__type":"com.diffblue.cover.buildsystem.model.DefaultEventMessage","project":"Infinitech-FinFlink:Infinitech-FinFlink","goal":"compile","cause":null,"state":"SUCCESS"}
13:12:25.997 [INFO]   [Checking]    deserializing line [DIFFBLUE]{"__type":"com.diffblue.cover.buildsystem.model.DefaultEventMessage","project":"Infinitech-FinFlink:Infinitech-FinFlink","goal":"testResources","cause":null,"state":"STARTED"}
13:12:25.999 [INFO]   [Checking]    out: [INFO] 
13:12:25.999 [INFO]   [Checking]    out: [INFO] --- resources:3.3.1:testResources (default-testResources) @ Infinitech-FinFlink ---
13:12:25.999 [INFO]   [Checking]    out: [WARNING] Using platform encoding (UTF-8 actually) to copy filtered resources, i.e. build is platform dependent!
13:12:25.999 [INFO]   [Checking]    out: [INFO] skip non existing resourceDirectory /home/jbergqvist/diffblue/terrierteam-FinFlink/src/test/resources
13:12:26.001 [INFO]   [Checking]    deserializing line [DIFFBLUE]{"__type":"com.diffblue.cover.buildsystem.model.DefaultEventMessage","project":"Infinitech-FinFlink:Infinitech-FinFlink","goal":"testResources","cause":null,"state":"SUCCESS"}
13:12:26.002 [INFO]   [Checking]    deserializing line [DIFFBLUE]{"__type":"com.diffblue.cover.buildsystem.model.DefaultEventMessage","project":"Infinitech-FinFlink:Infinitech-FinFlink","goal":"testCompile","cause":null,"state":"STARTED"}
13:12:26.004 [INFO]   [Checking]    out: [INFO] 
13:12:26.004 [INFO]   [Checking]    out: [INFO] --- compiler:3.8.1:testCompile (default-testCompile) @ Infinitech-FinFlink ---
13:12:26.006 [INFO]   [Checking]    out: [INFO] Changes detected - recompiling the module!
13:12:26.007 [INFO]   [Checking]    out: [WARNING] File encoding has not been set, using platform encoding UTF-8, i.e. build is platform dependent!
13:12:26.008 [INFO]   [Checking]    out: [INFO] Compiling 1 source file to /home/jbergqvist/diffblue/terrierteam-FinFlink/target/test-classes
13:12:26.468 [INFO]   [Checking]    deserializing line [DIFFBLUE]{"__type":"com.diffblue.cover.buildsystem.model.DefaultEventMessage","project":"Infinitech-FinFlink:Infinitech-FinFlink","goal":"testCompile","cause":null,"state":"SUCCESS"}
13:12:26.471 [INFO]   [Checking]    deserializing line [DIFFBLUE]{"__type":"com.diffblue.cover.buildsystem.model.DefaultEventMessage","project":"Infinitech-FinFlink:Infinitech-FinFlink","goal":"test","cause":null,"state":"STARTED"}
13:12:26.473 [INFO]   [Checking]    out: [INFO] 
13:12:26.473 [INFO]   [Checking]    out: [INFO] --- surefire:3.2.5:test (default-test) @ Infinitech-FinFlink ---
13:12:26.585 [INFO]   [Checking]    out: [INFO] Using auto detected provider org.apache.maven.surefire.junitplatform.JUnitPlatformProvider
13:12:26.613 [INFO]   [Checking]    out: [INFO] 
13:12:26.613 [INFO]   [Checking]    out: [INFO] -------------------------------------------------------
13:12:26.613 [INFO]   [Checking]    out: [INFO]  T E S T S
13:12:26.613 [INFO]   [Checking]    out: [INFO] -------------------------------------------------------
13:12:27.000 [INFO]   [Checking]    out: [INFO] Running DummyJUnitJupiterLauncherDiffblueTest9739033094751456980
13:12:27.031 [INFO]   [Checking]    out: [INFO] Tests run: 1, Failures: 0, Errors: 0, Skipped: 0, Time elapsed: 0.025 s -- in DummyJUnitJupiterLauncherDiffblueTest9739033094751456980
13:12:27.039 [INFO]   [Checking]    out: [INFO] 
13:12:27.039 [INFO]   [Checking]    out: [INFO] Results:
13:12:27.039 [INFO]   [Checking]    out: [INFO] 
13:12:27.039 [INFO]   [Checking]    out: [INFO] Tests run: 1, Failures: 0, Errors: 0, Skipped: 0
13:12:27.039 [INFO]   [Checking]    out: [INFO] 
13:12:27.042 [INFO]   [Checking]    deserializing line [DIFFBLUE]{"__type":"com.diffblue.cover.buildsystem.model.DefaultEventMessage","project":"Infinitech-FinFlink:Infinitech-FinFlink","goal":"test","cause":null,"state":"SUCCESS"}
13:12:27.066 [INFO]   [Checking]    deserializing line [DIFFBLUE]{"__type":"com.diffblue.cover.buildsystem.model.DefaultProjectModuleMessage","project":{"__type":"DefaultProjectModule","junitReport":["/home/jbergqvist/diffblue/terrierteam-FinFlink/target/surefire-reports"],"jacocoReport":["/home/jbergqvist/diffblue/terrierteam-FinFlink/target/site/jacoco/jacoco.xml"],"jacocoDestFile":["/home/jbergqvist/diffblue/terrierteam-FinFlink/target/jacoco.exec"],"jacocoFormats":["xml"],"jacocoSkipped":false,"classpath":["/home/jbergqvist/diffblue/terrierteam-FinFlink/target/classes","/home/jbergqvist/.m2/repository/org/apache/flink/flink-streaming-java_2.12/1.14.4/flink-streaming-java_2.12-1.14.4.jar","/home/jbergqvist/.m2/repository/org/apache/flink/flink-core/1.14.4/flink-core-1.14.4.jar","/home/jbergqvist/.m2/repository/org/apache/flink/flink-annotations/1.14.4/flink-annotations-1.14.4.jar","/home/jbergqvist/.m2/repository/org/apache/flink/flink-metrics-core/1.14.4/flink-metrics-core-1.14.4.jar","/home/jbergqvist/.m2/repository/org/apache/flink/flink-shaded-asm-7/7.1-14.0/flink-shaded-asm-7-7.1-14.0.jar","/home/jbergqvist/.m2/repository/org/apache/commons/commons-lang3/3.3.2/commons-lang3-3.3.2.jar","/home/jbergqvist/.m2/repository/com/esotericsoftware/kryo/kryo/2.24.0/kryo-2.24.0.jar","/home/jbergqvist/.m2/repository/com/esotericsoftware/minlog/minlog/1.2/minlog-1.2.jar","/home/jbergqvist/.m2/repository/commons-collections/commons-collections/3.2.2/commons-collections-3.2.2.jar","/home/jbergqvist/.m2/repository/org/apache/commons/commons-compress/1.21/commons-compress-1.21.jar","/home/jbergqvist/.m2/repository/org/apache/flink/flink-file-sink-common/1.14.4/flink-file-sink-common-1.14.4.jar","/home/jbergqvist/.m2/repository/org/apache/flink/flink-runtime/1.14.4/flink-runtime-1.14.4.jar","/home/jbergqvist/.m2/repository/org/apache/flink/flink-rpc-core/1.14.4/flink-rpc-core-1.14.4.jar","/home/jbergqvist/.m2/repository/org/apache/flink/flink-rpc-akka-loader/1.14.4/flink-rpc-akka-loader-1.14.4.jar","/home/jbergqvist/.m2/repository/org/apache/flink/flink-queryable-state-client-java/1.14.4/flink-queryable-state-client-java-1.14.4.jar","/home/jbergqvist/.m2/repository/org/apache/flink/flink-hadoop-fs/1.14.4/flink-hadoop-fs-1.14.4.jar","/home/jbergqvist/.m2/repository/commons-io/commons-io/2.8.0/commons-io-2.8.0.jar","/home/jbergqvist/.m2/repository/org/apache/flink/flink-shaded-netty/4.1.65.Final-14.0/flink-shaded-netty-4.1.65.Final-14.0.jar","/home/jbergqvist/.m2/repository/org/apache/flink/flink-shaded-jackson/2.12.4-14.0/flink-shaded-jackson-2.12.4-14.0.jar","/home/jbergqvist/.m2/repository/org/apache/flink/flink-shaded-zookeeper-3/3.4.14-14.0/flink-shaded-zookeeper-3-3.4.14-14.0.jar","/home/jbergqvist/.m2/repository/org/javassist/javassist/3.24.0-GA/javassist-3.24.0-GA.jar","/home/jbergqvist/.m2/repository/org/xerial/snappy/snappy-java/1.1.8.3/snappy-java-1.1.8.3.jar","/home/jbergqvist/.m2/repository/org/lz4/lz4-java/1.8.0/lz4-java-1.8.0.jar","/home/jbergqvist/.m2/repository/org/apache/flink/flink-scala_2.12/1.14.4/flink-scala_2.12-1.14.4.jar","/home/jbergqvist/.m2/repository/org/scala-lang/scala-reflect/2.12.7/scala-reflect-2.12.7.jar","/home/jbergqvist/.m2/repository/org/scala-lang/scala-library/2.12.7/scala-library-2.12.7.jar","/home/jbergqvist/.m2/repository/org/scala-lang/scala-compiler/2.12.7/scala-compiler-2.12.7.jar","/home/jbergqvist/.m2/repository/org/scala-lang/modules/scala-xml_2.12/1.0.6/scala-xml_2.12-1.0.6.jar","/home/jbergqvist/.m2/repository/com/twitter/chill_2.12/0.7.6/chill_2.12-0.7.6.jar","/home/jbergqvist/.m2/repository/com/twitter/chill-java/0.7.6/chill-java-0.7.6.jar","/home/jbergqvist/.m2/repository/org/apache/flink/flink-java/1.14.4/flink-java-1.14.4.jar","/home/jbergqvist/.m2/repository/org/apache/flink/flink-shaded-guava/30.1.1-jre-14.0/flink-shaded-guava-30.1.1-jre-14.0.jar","/home/jbergqvist/.m2/repository/org/apache/commons/commons-math3/3.5/commons-math3-3.5.jar","/home/jbergqvist/.m2/repository/org/slf4j/slf4j-api/1.7.15/slf4j-api-1.7.15.jar","/home/jbergqvist/.m2/repository/com/google/code/findbugs/jsr305/1.3.9/jsr305-1.3.9.jar","/home/jbergqvist/.m2/repository/org/apache/flink/flink-shaded-force-shading/14.0/flink-shaded-force-shading-14.0.jar","/home/jbergqvist/.m2/repository/org/junit/jupiter/junit-jupiter-engine/5.13.4/junit-jupiter-engine-5.13.4.jar","/home/jbergqvist/.m2/repository/org/junit/platform/junit-platform-engine/1.13.4/junit-platform-engine-1.13.4.jar","/home/jbergqvist/.m2/repository/org/opentest4j/opentest4j/1.3.0/opentest4j-1.3.0.jar","/home/jbergqvist/.m2/repository/org/junit/platform/junit-platform-commons/1.13.4/junit-platform-commons-1.13.4.jar","/home/jbergqvist/.m2/repository/org/junit/jupiter/junit-jupiter-api/5.13.4/junit-jupiter-api-5.13.4.jar","/home/jbergqvist/.m2/repository/org/apiguardian/apiguardian-api/1.1.2/apiguardian-api-1.1.2.jar","/home/jbergqvist/.m2/repository/org/mockito/mockito-core/5.20.0/mockito-core-5.20.0.jar","/home/jbergqvist/.m2/repository/net/bytebuddy/byte-buddy/1.17.7/byte-buddy-1.17.7.jar","/home/jbergqvist/.m2/repository/net/bytebuddy/byte-buddy-agent/1.17.7/byte-buddy-agent-1.17.7.jar","/home/jbergqvist/.m2/repository/org/objenesis/objenesis/3.3/objenesis-3.3.jar","/home/jbergqvist/.m2/repository/org/mockito/mockito-junit-jupiter/5.20.0/mockito-junit-jupiter-5.20.0.jar","/home/jbergqvist/.m2/repository/org/apache/flink/flink-clients_2.12/1.14.4/flink-clients_2.12-1.14.4.jar","/home/jbergqvist/.m2/repository/org/apache/flink/flink-optimizer/1.14.4/flink-optimizer-1.14.4.jar","/home/jbergqvist/.m2/repository/commons-cli/commons-cli/1.3.1/commons-cli-1.3.1.jar","/home/jbergqvist/.m2/repository/org/apache/flink/flink-connector-kafka_2.11/1.14.4/flink-connector-kafka_2.11-1.14.4.jar","/home/jbergqvist/.m2/repository/org/apache/flink/flink-connector-base/1.14.4/flink-connector-base-1.14.4.jar","/home/jbergqvist/.m2/repository/org/apache/kafka/kafka-clients/2.4.1/kafka-clients-2.4.1.jar","/home/jbergqvist/.m2/repository/com/github/luben/zstd-jni/1.4.3-1/zstd-jni-1.4.3-1.jar","/home/jbergqvist/.m2/repository/com/google/guava/guava/31.1-jre/guava-31.1-jre.jar","/home/jbergqvist/.m2/repository/com/google/guava/failureaccess/1.0.1/failureaccess-1.0.1.jar","/home/jbergqvist/.m2/repository/com/google/guava/listenablefuture/9999.0-empty-to-avoid-conflict-with-guava/listenablefuture-9999.0-empty-to-avoid-conflict-with-guava.jar","/home/jbergqvist/.m2/repository/org/checkerframework/checker-qual/3.12.0/checker-qual-3.12.0.jar","/home/jbergqvist/.m2/repository/com/google/errorprone/error_prone_annotations/2.11.0/error_prone_annotations-2.11.0.jar","/home/jbergqvist/.m2/repository/com/google/j2objc/j2objc-annotations/1.3/j2objc-annotations-1.3.jar","/home/jbergqvist/.m2/repository/org/questdb/questdb/6.4.3/questdb-6.4.3.jar","/home/jbergqvist/.m2/repository/com/diffblue/cover/cover-annotations/1.8.0/cover-annotations-1.8.0.jar"],"complianceLevel":"11","productionSources":["/home/jbergqvist/diffblue/terrierteam-FinFlink/src/main/java"],"testSources":["/home/jbergqvist/diffblue/terrierteam-FinFlink/src/test/java"],"productionClasses":"/home/jbergqvist/diffblue/terrierteam-FinFlink/target/classes","testClasses":"/home/jbergqvist/diffblue/terrierteam-FinFlink/target/test-classes","sourceToBuildPathMap":null,"testSourceToBuildPathMap":null,"buildDirectory":"/home/jbergqvist/diffblue/terrierteam-FinFlink/target","plugins":[{"__type":"DefaultPlugin","groupId":"org.apache.maven.plugins","artefactId":"maven-compiler-plugin","version":"3.8.1","pluginClassName":null},{"__type":"DefaultPlugin","groupId":"org.apache.maven.plugins","artefactId":"maven-shade-plugin","version":"3.1.1","pluginClassName":null},{"__type":"DefaultPlugin","groupId":"org.apache.maven.plugins","artefactId":"maven-clean-plugin","version":"3.2.0","pluginClassName":null},{"__type":"DefaultPlugin","groupId":"org.apache.maven.plugins","artefactId":"maven-resources-plugin","version":"3.3.1","pluginClassName":null},{"__type":"DefaultPlugin","groupId":"org.apache.maven.plugins","artefactId":"maven-jar-plugin","version":"3.4.1","pluginClassName":null},{"__type":"DefaultPlugin","groupId":"org.apache.maven.plugins","artefactId":"maven-surefire-plugin","version":"3.2.5","pluginClassName":null},{"__type":"DefaultPlugin","groupId":"org.apache.maven.plugins","artefactId":"maven-install-plugin","version":"3.1.2","pluginClassName":null},{"__type":"DefaultPlugin","groupId":"org.apache.maven.plugins","artefactId":"maven-deploy-plugin","version":"3.1.2","pluginClassName":null},{"__type":"DefaultPlugin","groupId":"org.apache.maven.plugins","artefactId":"maven-site-plugin","version":"3.12.1","pluginClassName":null}],"version":"3.9.12","encoding":null,"name":"maven","subModules":[],"simpleModuleName":null,"parentModuleName":null,"location":"/home/jbergqvist/diffblue/terrierteam-FinFlink","fullModuleName":"Infinitech-FinFlink:Infinitech-FinFlink"}}
13:12:27.071 [INFO]   [Checking]    out: [INFO] ------------------------------------------------------------------------
13:12:27.071 [INFO]   [Checking]    out: [INFO] BUILD SUCCESS
13:12:27.071 [INFO]   [Checking]    out: [INFO] ------------------------------------------------------------------------
13:12:27.071 [INFO]   [Checking]    out: [INFO] Total time:  1.722 s
13:12:27.071 [INFO]   [Checking]    out: [INFO] Finished at: 2026-01-12T13:12:27Z
13:12:27.071 [INFO]   [Checking]    out: [INFO] ------------------------------------------------------------------------
13:12:27.071 [INFO]   [Checking]    deserializing line [DIFFBLUE]{"__type":"com.diffblue.cover.buildsystem.model.ProjectInfoMessage","projectName":"Infinitech-FinFlink:Infinitech-FinFlink","productionSources":["/home/jbergqvist/diffblue/terrierteam-FinFlink/src/main/java","/home/jbergqvist/diffblue/terrierteam-FinFlink/target/generated-sources/annotations"],"testSources":["/home/jbergqvist/diffblue/terrierteam-FinFlink/src/test/java","/home/jbergqvist/diffblue/terrierteam-FinFlink/target/generated-test-sources/test-annotations"],"location":"/home/jbergqvist/diffblue/terrierteam-FinFlink"}
13:12:27.105 [INFO]   [Checking]    maven:err process not stopped, joining thread
13:12:27.106 [INFO]   [Checking]    maven:out process not stopped, joining thread
13:12:27.347 [INFO]   [Checking]    Detected JVM architecture: 64-Bit
13:12:27.418 [INFO]   [Checking]    Detected Cover Annotations version 1.8.0
13:12:27.519 [INFO]   [Checking]    Selected Java language compliance level: 11
13:12:27.520 [INFO]   [Checking]    Selected test validation: enabled
13:12:27.900 [INFO]   [Checking]    Prefixes for filtering classes/methods:
13:12:27.905 [INFO]   [Checking]    - eu.infinitech.finflink.apps
13:12:27.907 [INFO]   [Checking]    - eu.infinitech.finflink.keys
13:12:27.908 [INFO]   [Checking]    - eu.infinitech.finflink.sinks
13:12:27.909 [INFO]   [Checking]    - eu.infinitech.finflink.structures
13:12:27.910 [INFO]   [Checking]    - eu.infinitech.finflink.time
13:12:27.911 [INFO]   [Checking]    - eu.infinitech.finflink.transformations.data
13:12:27.913 [INFO]   [Checking]    - eu.infinitech.finflink.transformations.technicalIndicators
13:12:27.914 [INFO]   [Checking]    - eu.infinitech.finflink.util
13:12:27.915 [INFO]   [Checking]    Gathering methods to test...
13:12:29.957 [WARN]   [Checking]    E199: Libraries with limited support found
Libraries are on the classpath that have only limited support by
Diffblue Cover:
- Apache Flink 1.14.4
For code that uses these libraries fewer or lower quality tests may be written.
13:12:29.984 [INFO]   [Reporting]   
13:12:29.985 [INFO]   [Reporting]   Environment summary for module: Infinitech-FinFlink:Infinitech-FinFlink
13:12:29.985 [INFO]   [Reporting]   -----------------------------------------------------------------------
13:12:29.985 [INFO]   [Reporting]   Java version                   11.0.29                       SUCCESS        
13:12:29.985 [INFO]   [Reporting]   Build system                   Maven                         SUCCESS        
13:12:29.985 [INFO]   [Reporting]   Mocking Framework              Mockito Core 5.20.0           SUCCESS        
13:12:29.985 [INFO]   [Reporting]   Surefire version               3.2.5                         SUCCESS        
13:12:29.985 [INFO]   [Reporting]   Testing framework              JUnit Jupiter                 SUCCESS        
13:12:29.985 [INFO]   [Reporting]   Mockito JUnit Jupiter version  5.20.0                        SUCCESS        
13:12:29.985 [INFO]   [Reporting]   JavaEE version                 Skipped                       -----          
13:12:29.985 [INFO]   [Reporting]   OSGi Annotations               Not Detected                  -----          
13:12:29.985 [INFO]   [Reporting]   Javax WS RS API                Not Detected                  -----          
13:12:29.985 [INFO]   [Reporting]   Jakarta RESTful WS API         Not Detected                  -----          
13:12:29.985 [INFO]   [Reporting]   Jersey Server                  Not Detected                  -----          
13:12:29.985 [INFO]   [Reporting]   Jersey Test Framework          Not Detected                  -----          
13:12:29.985 [INFO]   [Reporting]   Jersey Test Provider InMemory  Not Detected                  -----          
13:12:29.985 [INFO]   [Reporting]   Guice Framework                Not Detected                  -----          
13:12:29.985 [INFO]   [Reporting]   JaCoCo plugin version          0.8.11                        SUCCESS        
13:12:29.985 [INFO]   [Reporting]   Launcher                       JUnit Jupiter                 SUCCESS        
13:12:29.985 [INFO]   [Reporting]   Quarkus                        Not Detected                  -----          
13:12:29.985 [INFO]   [Reporting]   Test validation                Enabled                       SUCCESS        
13:12:29.985 [INFO]   [Reporting]   Hamcrest                       Not Detected                  -----          
13:12:29.985 [INFO]   [Reporting]   Spring Core                    Not Detected                  -----          
13:12:29.985 [INFO]   [Reporting]   Spring Boot                    Skipped                       -----          
13:12:29.985 [INFO]   [Reporting]   Spring Boot Starter Webflux    Skipped                       -----          
13:12:29.985 [INFO]   [Reporting]   Spring Boot Test Autoconfigure Skipped                       -----          
13:12:29.985 [INFO]   [Reporting]   Spring Boot Test               Skipped                       -----          
13:12:29.985 [INFO]   [Reporting]   Spring Web                     Skipped                       -----          
13:12:29.985 [INFO]   [Reporting]   Spring Security Web            Skipped                       -----          
13:12:29.985 [INFO]   [Reporting]   Spring Test                    Skipped                       -----          
13:12:29.985 [INFO]   [Reporting]   Libraries with limited support Found                         WARNING        
13:12:29.985 [INFO]   [Reporting]   
13:12:29.986 [INFO]   [Reporting]   Environment check status: WARNING
13:12:30.109 [INFO]   [Creating]    Found 217 callable methods in 47 classes
13:12:30.111 [INFO]   [Creating]    
13:12:30.111 [INFO]   [Creating]    Creating tests:
13:12:30.111 [INFO]   [Creating]    ---------------
13:12:30.115 [INFO]   [Creating]    
================================================================================
= Starting analysis for class 'eu.infinitech.finflink.apps.FinFlinkExample'
================================================================================
13:12:30.116 [INFO]   [Creating]    Filtering out non-testable methods...
13:12:30.553 [INFO]   [Creating]          [1/217] eu.infinitech.finflink.apps.FinFlinkExample.main
13:12:30.553 [INFO]   [Creating]          [1/217]   T006: Main method
13:12:30.553 [INFO]   [Creating]          [1/217]     It is difficult to assert on side effects of main methods in a unit test.
13:12:30.553 [INFO]   [Creating]          [1/217]     Refactor the main method. E.g. factor out its body into a separate,
13:12:30.553 [INFO]   [Creating]          [1/217]     accessible method that returns the results that should be asserted on.
13:12:30.553 [INFO]   [Creating]          [1/217]     See https://diff.blue/T006 for information on testing main methods.
13:12:30.759 [INFO]   [Creating]    Filtering of methods complete. Creating analysis request
13:12:30.760 [INFO]   [Creating]    Attempting to get service client, retry 1.
13:12:30.763 [INFO]   [Creating]    Starting monitoring server.
13:12:30.905 [INFO]   [Creating]    Monitoring server listening on localhost/127.0.0.1:46113
13:12:30.964 [INFO]   [Creating]    Starting analyzer server process...
13:12:30.964 [INFO]   [Creating]    Server command-line: /home/jbergqvist/.sdkman/candidates/java/11.0.29-amzn/bin/java -XX:+IgnoreUnrecognizedVMOptions -Djdk.attach.allowAttachSelf=true -Djdk.jar.maxSignatureFileSize=100000000 -ea -javaagent:/opt/cover/launcher-shared-jar.jar -Dlogback.configurationFile=/tmp/diffblue/config/logback-remote-service.xml -Dcom.diffblue.springIsolationJar=/opt/cover/cover-isolation-layer.jar -Dcover.jar.path=/opt/cover/cover-service-analyzer.jar -Dcom.diffblue.assertionSuggestionJar=/opt/cover/cover-service-analyzer.jar -Dcover.main.class=com.diffblue.cover.service.analyzer.Main -jar /opt/cover/launcher-shared-jar.jar --service-lifespan 120 --monitoring-service-port 46113 --index-service-port 46113 --debug-log
13:12:30.966 [INFO]   [Creating]    Server started. Waiting up to 300 seconds for a connection to be established...
13:12:31.824 [INFO]   [Creating]    Starting new remote monitor client
13:12:32.499 [INFO]   [Creating]    Attempting to start remote server.
13:12:32.643 [INFO]   [Creating]    Server started, listening on localhost/127.0.0.1:38401
13:12:32.647 [INFO]   [Creating]    Expect analyzer service to be listening on port 38401.
13:12:33.300 [INFO]   [Creating]    Started analyzer service and client retrieved.
13:12:37.712 [INFO]   [Creating]          [2/217] eu.infinitech.finflink.apps.FinFlinkExample.<init>
13:12:37.712 [INFO]   [Creating]          [2/217]   T005: Trivial constructor
13:12:37.712 [INFO]   [Creating]          [2/217]     See https://diff.blue/T005
13:12:37.719 [INFO]   [Creating]     [1/47] eu.infinitech.finflink.apps.FinFlinkExample
13:12:37.720 [INFO]   [Creating]     [1/47]   Tests created: 0
13:12:37.721 [INFO]   [Creating]    
================================================================================
= Starting analysis for class 'eu.infinitech.finflink.apps.FinFlinkExample$Example'
================================================================================
13:12:37.721 [INFO]   [Creating]    Filtering out non-testable methods...
13:12:37.727 [INFO]   [Creating]          [3/217] eu.infinitech.finflink.apps.FinFlinkExample$Example.valueOf
13:12:37.727 [INFO]   [Creating]          [3/217]   T012: Synthetic method
13:12:37.727 [INFO]   [Creating]          [3/217]     Indicates that the method is synthetic. Currently, this includes methods:
13:12:37.727 [INFO]   [Creating]          [3/217]     - that are marked as synthetic by the compiler
13:12:37.727 [INFO]   [Creating]          [3/217]     - that are not directly callable
13:12:37.727 [INFO]   [Creating]          [3/217]     - that exist on the JDK class but do not appear in the source code
13:12:37.727 [INFO]   [Creating]          [3/217]     Diffblue Cover considers these methods as not directly callable.
13:12:37.729 [INFO]   [Creating]          [4/217] eu.infinitech.finflink.apps.FinFlinkExample$Example.values
13:12:37.729 [INFO]   [Creating]          [4/217]   T012: Synthetic method
13:12:37.729 [INFO]   [Creating]          [4/217]     Indicates that the method is synthetic. Currently, this includes methods:
13:12:37.729 [INFO]   [Creating]          [4/217]     - that are marked as synthetic by the compiler
13:12:37.729 [INFO]   [Creating]          [4/217]     - that are not directly callable
13:12:37.729 [INFO]   [Creating]          [4/217]     - that exist on the JDK class but do not appear in the source code
13:12:37.729 [INFO]   [Creating]          [4/217]     Diffblue Cover considers these methods as not directly callable.
13:12:37.729 [INFO]   [Creating]     [2/47] eu.infinitech.finflink.apps.FinFlinkExample$Example
13:12:37.729 [INFO]   [Creating]     [2/47]   Tests created: 0
13:12:37.729 [INFO]   [Creating]    No testable methods
13:12:37.729 [INFO]   [Creating]    
================================================================================
= Starting analysis for class 'eu.infinitech.finflink.keys.KeyByAssetID'
================================================================================
13:12:37.729 [INFO]   [Creating]    Filtering out non-testable methods...
13:12:37.734 [INFO]   [Creating]    Filtering of methods complete. Creating analysis request
13:12:37.734 [INFO]   [Creating]    Attempting to get service client, retry 1.
13:12:51.939 [INFO]   [Creating]          [5/217] eu.infinitech.finflink.keys.KeyByAssetID.<init>
13:12:51.939 [INFO]   [Creating]          [5/217]   R002: Missing observers
13:12:51.939 [INFO]   [Creating]          [5/217]     Diffblue Cover was unable to create an assertion.
13:12:51.939 [INFO]   [Creating]          [5/217]     There are no fields that could be asserted on.
13:12:53.410 [INFO]   [Creating]          [6/217] eu.infinitech.finflink.keys.KeyByAssetID.getKey
13:12:53.410 [INFO]   [Creating]          [6/217]   Tests created: 1
13:12:53.413 [INFO]   [Creating]     [3/47] eu.infinitech.finflink.keys.KeyByAssetID
13:12:53.413 [INFO]   [Creating]     [3/47]   Tests created: 1
13:12:53.414 [INFO]   [Creating]    
================================================================================
= Starting analysis for class 'eu.infinitech.finflink.sinks.PrintSink'
================================================================================
13:12:53.414 [INFO]   [Creating]    Filtering out non-testable methods...
13:12:53.419 [INFO]   [Creating]    Filtering of methods complete. Creating analysis request
13:12:53.419 [INFO]   [Creating]    Attempting to get service client, retry 1.
13:12:59.402 [INFO]   [Creating]          [7/217] eu.infinitech.finflink.sinks.PrintSink.<init>
13:12:59.402 [INFO]   [Creating]          [7/217]   R002: Missing observers
13:12:59.402 [INFO]   [Creating]          [7/217]     Diffblue Cover was unable to create an assertion.
13:12:59.402 [INFO]   [Creating]          [7/217]     There are no fields that could be asserted on.
13:12:59.407 [INFO]   [Creating]          [8/217] eu.infinitech.finflink.sinks.PrintSink.invoke
13:12:59.408 [INFO]   [Creating]          [8/217]   Diffblue AI was unable to find a test
13:12:59.412 [INFO]   [Creating]     [4/47] eu.infinitech.finflink.sinks.PrintSink
13:12:59.412 [INFO]   [Creating]     [4/47]   Tests created: 0
13:12:59.413 [INFO]   [Creating]    
================================================================================
= Starting analysis for class 'eu.infinitech.finflink.sinks.QuestDBSink'
================================================================================
13:12:59.414 [INFO]   [Creating]    Filtering out non-testable methods...
13:12:59.421 [INFO]   [Creating]    Filtering of methods complete. Creating analysis request
13:12:59.421 [INFO]   [Creating]    Attempting to get service client, retry 1.
13:13:02.679 [INFO]   [Creating]          [9/217] eu.infinitech.finflink.sinks.QuestDBSink.<init>
13:13:02.679 [INFO]   [Creating]          [9/217]   R002: Missing observers
13:13:02.679 [INFO]   [Creating]          [9/217]     Diffblue Cover was unable to create an assertion.
13:13:02.679 [INFO]   [Creating]          [9/217]     Add getters for the following fields or make them package-private:
13:13:02.679 [INFO]   [Creating]          [9/217]     QuestDBSink.columNames
13:13:02.679 [INFO]   [Creating]          [9/217]     QuestDBSink.dbUrl
13:13:02.682 [INFO]   [Creating]         [10/217] eu.infinitech.finflink.sinks.QuestDBSink.invoke
13:13:02.682 [INFO]   [Creating]         [10/217]   R011: Sandboxing policy violation
13:13:02.682 [INFO]   [Creating]         [10/217]     Diffblue Cover ran code in your project that tried
13:13:02.682 [INFO]   [Creating]         [10/217]     to access 'sun.misc' from calling class 'io.questdb.std.Unsafe'.
13:13:02.682 [INFO]   [Creating]         [10/217]     Diffblue Cover's default sandboxing policy disallows this in order to prevent
13:13:02.682 [INFO]   [Creating]         [10/217]     your code from damaging your system environment.
13:13:02.682 [INFO]   [Creating]         [10/217]     See https://diff.blue/R011 to resolve this issue.
13:13:02.686 [INFO]   [Creating]     [5/47] eu.infinitech.finflink.sinks.QuestDBSink
13:13:02.686 [INFO]   [Creating]     [5/47]   Tests created: 0
13:13:02.687 [INFO]   [Creating]    
================================================================================
= Starting analysis for class 'eu.infinitech.finflink.structures.IndicatorRequirements'
================================================================================
13:13:02.687 [INFO]   [Creating]    Filtering out non-testable methods...
13:13:02.695 [INFO]   [Creating]    Filtering of methods complete. Creating analysis request
13:13:02.695 [INFO]   [Creating]    Attempting to get service client, retry 1.
13:13:03.073 [INFO]   [Creating]         [11/217] eu.infinitech.finflink.structures.IndicatorRequirements.<init>
13:13:03.073 [INFO]   [Creating]         [12/217] eu.infinitech.finflink.structures.IndicatorRequirements.needsClose
13:13:03.073 [INFO]   [Creating]         [13/217] eu.infinitech.finflink.structures.IndicatorRequirements.needsHigh
13:13:03.073 [INFO]   [Creating]         [14/217] eu.infinitech.finflink.structures.IndicatorRequirements.needsLow
13:13:03.073 [INFO]   [Creating]         [15/217] eu.infinitech.finflink.structures.IndicatorRequirements.needsOpen
13:13:03.073 [INFO]   [Creating]         [16/217] eu.infinitech.finflink.structures.IndicatorRequirements.needsVolume
13:13:03.073 [INFO]   [Creating]         [16/217]   Tests created: 1
13:13:03.271 [INFO]   [Creating]         [17/217] eu.infinitech.finflink.structures.IndicatorRequirements.checkClose
13:13:03.271 [INFO]   [Creating]         [17/217]   Tests created: 1
13:13:03.430 [INFO]   [Creating]         [18/217] eu.infinitech.finflink.structures.IndicatorRequirements.checkHigh
13:13:03.430 [INFO]   [Creating]         [18/217]   Tests created: 1
13:13:03.604 [INFO]   [Creating]         [19/217] eu.infinitech.finflink.structures.IndicatorRequirements.checkLow
13:13:03.604 [INFO]   [Creating]         [19/217]   Tests created: 1
13:13:03.761 [INFO]   [Creating]         [20/217] eu.infinitech.finflink.structures.IndicatorRequirements.checkOpen
13:13:03.761 [INFO]   [Creating]         [20/217]   Tests created: 1
13:13:03.846 [INFO]   [Creating]         [21/217] eu.infinitech.finflink.structures.IndicatorRequirements.checkVolume
13:13:03.846 [INFO]   [Creating]         [21/217]   Tests created: 1
13:13:03.848 [INFO]   [Creating]     [6/47] eu.infinitech.finflink.structures.IndicatorRequirements
13:13:03.848 [INFO]   [Creating]     [6/47]   Tests created: 6
13:13:03.849 [INFO]   [Creating]    
================================================================================
= Starting analysis for class 'eu.infinitech.finflink.structures.InputStreamType'
================================================================================
13:13:03.849 [INFO]   [Creating]    Filtering out non-testable methods...
13:13:03.854 [INFO]   [Creating]    Filtering of methods complete. Creating analysis request
13:13:03.854 [INFO]   [Creating]    Attempting to get service client, retry 1.
13:13:04.412 [INFO]   [Creating]         [22/217] eu.infinitech.finflink.structures.InputStreamType.<init>
13:13:04.412 [INFO]   [Creating]         [23/217] eu.infinitech.finflink.structures.InputStreamType.<init>
13:13:04.412 [INFO]   [Creating]         [24/217] eu.infinitech.finflink.structures.InputStreamType.getAsset
13:13:04.412 [INFO]   [Creating]         [25/217] eu.infinitech.finflink.structures.InputStreamType.getType
13:13:04.412 [INFO]   [Creating]         [25/217]   Tests created: 2
13:13:04.598 [INFO]   [Creating]         [26/217] eu.infinitech.finflink.structures.InputStreamType.pricePoint
13:13:04.599 [INFO]   [Creating]         [26/217]   Tests created: 1
13:13:04.733 [INFO]   [Creating]         [27/217] eu.infinitech.finflink.structures.InputStreamType.trade
13:13:04.733 [INFO]   [Creating]         [27/217]   Tests created: 1
13:13:04.734 [INFO]   [Creating]     [7/47] eu.infinitech.finflink.structures.InputStreamType
13:13:04.734 [INFO]   [Creating]     [7/47]   Tests created: 4
13:13:04.735 [INFO]   [Creating]    
================================================================================
= Starting analysis for class 'eu.infinitech.finflink.structures.InputStreamType$Type'
================================================================================
13:13:04.735 [INFO]   [Creating]    Filtering out non-testable methods...
13:13:04.737 [INFO]   [Creating]         [28/217] eu.infinitech.finflink.structures.InputStreamType$Type.valueOf
13:13:04.737 [INFO]   [Creating]         [28/217]   T012: Synthetic method
13:13:04.737 [INFO]   [Creating]         [28/217]     Indicates that the method is synthetic. Currently, this includes methods:
13:13:04.737 [INFO]   [Creating]         [28/217]     - that are marked as synthetic by the compiler
13:13:04.737 [INFO]   [Creating]         [28/217]     - that are not directly callable
13:13:04.737 [INFO]   [Creating]         [28/217]     - that exist on the JDK class but do not appear in the source code
13:13:04.737 [INFO]   [Creating]         [28/217]     Diffblue Cover considers these methods as not directly callable.
13:13:04.739 [INFO]   [Creating]         [29/217] eu.infinitech.finflink.structures.InputStreamType$Type.values
13:13:04.739 [INFO]   [Creating]         [29/217]   T012: Synthetic method
13:13:04.739 [INFO]   [Creating]         [29/217]     Indicates that the method is synthetic. Currently, this includes methods:
13:13:04.739 [INFO]   [Creating]         [29/217]     - that are marked as synthetic by the compiler
13:13:04.739 [INFO]   [Creating]         [29/217]     - that are not directly callable
13:13:04.739 [INFO]   [Creating]         [29/217]     - that exist on the JDK class but do not appear in the source code
13:13:04.739 [INFO]   [Creating]         [29/217]     Diffblue Cover considers these methods as not directly callable.
13:13:04.739 [INFO]   [Creating]     [8/47] eu.infinitech.finflink.structures.InputStreamType$Type
13:13:04.739 [INFO]   [Creating]     [8/47]   Tests created: 0
13:13:04.739 [INFO]   [Creating]    No testable methods
13:13:04.739 [INFO]   [Creating]    
================================================================================
= Starting analysis for class 'eu.infinitech.finflink.structures.PricePoint'
================================================================================
13:13:04.739 [INFO]   [Creating]    Filtering out non-testable methods...
13:13:04.751 [INFO]   [Creating]    Filtering of methods complete. Creating analysis request
13:13:04.751 [INFO]   [Creating]    Attempting to get service client, retry 1.
13:13:05.503 [INFO]   [Creating]         [30/217] eu.infinitech.finflink.structures.PricePoint.<init>
13:13:05.503 [INFO]   [Creating]         [31/217] eu.infinitech.finflink.structures.PricePoint.getAssetSymbol
13:13:05.503 [INFO]   [Creating]         [32/217] eu.infinitech.finflink.structures.PricePoint.getClosePrice
13:13:05.503 [INFO]   [Creating]         [33/217] eu.infinitech.finflink.structures.PricePoint.getHighPrice
13:13:05.503 [INFO]   [Creating]         [34/217] eu.infinitech.finflink.structures.PricePoint.getLowPrice
13:13:05.503 [INFO]   [Creating]         [35/217] eu.infinitech.finflink.structures.PricePoint.getOpenInt
13:13:05.503 [INFO]   [Creating]         [36/217] eu.infinitech.finflink.structures.PricePoint.getOpenPrice
13:13:05.503 [INFO]   [Creating]         [37/217] eu.infinitech.finflink.structures.PricePoint.getUnixDate
13:13:05.503 [INFO]   [Creating]         [38/217] eu.infinitech.finflink.structures.PricePoint.getVolume
13:13:05.503 [INFO]   [Creating]         [39/217] eu.infinitech.finflink.structures.PricePoint.isIgnore
13:13:05.503 [INFO]   [Creating]         [40/217] eu.infinitech.finflink.structures.PricePoint.setAssetSymbol
13:13:05.503 [INFO]   [Creating]         [41/217] eu.infinitech.finflink.structures.PricePoint.setClosePrice
13:13:05.503 [INFO]   [Creating]         [42/217] eu.infinitech.finflink.structures.PricePoint.setHighPrice
13:13:05.503 [INFO]   [Creating]         [43/217] eu.infinitech.finflink.structures.PricePoint.setIgnore
13:13:05.503 [INFO]   [Creating]         [44/217] eu.infinitech.finflink.structures.PricePoint.setLowPrice
13:13:05.503 [INFO]   [Creating]         [45/217] eu.infinitech.finflink.structures.PricePoint.setOpenInt
13:13:05.503 [INFO]   [Creating]         [46/217] eu.infinitech.finflink.structures.PricePoint.setOpenPrice
13:13:05.503 [INFO]   [Creating]         [47/217] eu.infinitech.finflink.structures.PricePoint.setUnixDate
13:13:05.503 [INFO]   [Creating]         [48/217] eu.infinitech.finflink.structures.PricePoint.setVolume
13:13:05.503 [INFO]   [Creating]         [48/217]   Tests created: 1
13:13:05.989 [INFO]   [Creating]         [49/217] eu.infinitech.finflink.structures.PricePoint.<init>
13:13:05.989 [INFO]   [Creating]         [49/217]   Tests created: 1
13:13:07.215 [INFO]   [Creating]         [50/217] eu.infinitech.finflink.structures.PricePoint.<init>
13:13:07.215 [INFO]   [Creating]         [50/217]   Tests created: 1
13:13:07.484 [INFO]   [Creating]         [51/217] eu.infinitech.finflink.structures.PricePoint.compareTo
13:13:07.484 [INFO]   [Creating]         [51/217]   Tests created: 3
13:13:07.485 [INFO]   [Creating]     [9/47] eu.infinitech.finflink.structures.PricePoint
13:13:07.485 [INFO]   [Creating]     [9/47]   Tests created: 6
13:13:07.486 [INFO]   [Creating]    
================================================================================
= Starting analysis for class 'eu.infinitech.finflink.structures.StreamCharacteristics'
================================================================================
13:13:07.486 [INFO]   [Creating]    Filtering out non-testable methods...
13:13:07.491 [INFO]   [Creating]    Filtering of methods complete. Creating analysis request
13:13:07.491 [INFO]   [Creating]    Attempting to get service client, retry 1.
13:13:07.782 [INFO]   [Creating]         [52/217] eu.infinitech.finflink.structures.StreamCharacteristics.<init>
13:13:07.782 [INFO]   [Creating]         [53/217] eu.infinitech.finflink.structures.StreamCharacteristics.hasClose
13:13:07.782 [INFO]   [Creating]         [54/217] eu.infinitech.finflink.structures.StreamCharacteristics.hasHigh
13:13:07.782 [INFO]   [Creating]         [55/217] eu.infinitech.finflink.structures.StreamCharacteristics.hasLow
13:13:07.782 [INFO]   [Creating]         [56/217] eu.infinitech.finflink.structures.StreamCharacteristics.hasOpen
13:13:07.782 [INFO]   [Creating]         [57/217] eu.infinitech.finflink.structures.StreamCharacteristics.hasVolume
13:13:07.782 [INFO]   [Creating]         [57/217]   Tests created: 1
13:13:09.486 [INFO]   [Creating]         [58/217] eu.infinitech.finflink.structures.StreamCharacteristics.meetsRequirements
13:13:09.486 [INFO]   [Creating]         [58/217]   Tests created: 1
13:13:09.840 [INFO]   [Creating]         [59/217] eu.infinitech.finflink.structures.StreamCharacteristics.meetsRequirements
13:13:09.840 [INFO]   [Creating]         [59/217]   Tests created: 4
13:13:09.842 [INFO]   [Creating]    [10/47] eu.infinitech.finflink.structures.StreamCharacteristics
13:13:09.842 [INFO]   [Creating]    [10/47]   Tests created: 6
13:13:09.843 [INFO]   [Creating]    
================================================================================
= Starting analysis for class 'eu.infinitech.finflink.structures.TechnicalIndicator'
================================================================================
13:13:09.843 [INFO]   [Creating]    Filtering out non-testable methods...
13:13:09.846 [INFO]   [Creating]    Filtering of methods complete. Creating analysis request
13:13:09.846 [INFO]   [Creating]    Attempting to get service client, retry 1.
13:13:10.492 [INFO]   [Creating]         [60/217] eu.infinitech.finflink.structures.TechnicalIndicator.<init>
13:13:10.492 [INFO]   [Creating]         [61/217] eu.infinitech.finflink.structures.TechnicalIndicator.getName
13:13:10.492 [INFO]   [Creating]         [62/217] eu.infinitech.finflink.structures.TechnicalIndicator.getProperties
13:13:10.492 [INFO]   [Creating]         [63/217] eu.infinitech.finflink.structures.TechnicalIndicator.getValue
13:13:10.492 [INFO]   [Creating]         [64/217] eu.infinitech.finflink.structures.TechnicalIndicator.setName
13:13:10.492 [INFO]   [Creating]         [65/217] eu.infinitech.finflink.structures.TechnicalIndicator.setProperties
13:13:10.492 [INFO]   [Creating]         [66/217] eu.infinitech.finflink.structures.TechnicalIndicator.setValue
13:13:10.492 [INFO]   [Creating]         [66/217]   Tests created: 1
13:13:10.575 [INFO]   [Creating]         [67/217] eu.infinitech.finflink.structures.TechnicalIndicator.<init>
13:13:10.575 [INFO]   [Creating]         [67/217]   Tests created: 1
13:13:10.577 [INFO]   [Creating]    [11/47] eu.infinitech.finflink.structures.TechnicalIndicator
13:13:10.577 [INFO]   [Creating]    [11/47]   Tests created: 2
13:13:10.577 [INFO]   [Creating]    
================================================================================
= Starting analysis for class 'eu.infinitech.finflink.structures.TechnicalIndicators'
================================================================================
13:13:10.577 [INFO]   [Creating]    Filtering out non-testable methods...
13:13:10.580 [INFO]   [Creating]    Filtering of methods complete. Creating analysis request
13:13:10.580 [INFO]   [Creating]    Attempting to get service client, retry 1.
13:13:12.048 [INFO]   [Creating]         [68/217] eu.infinitech.finflink.structures.TechnicalIndicators.<init>
13:13:12.048 [INFO]   [Creating]         [69/217] eu.infinitech.finflink.structures.TechnicalIndicators.<init>
13:13:12.048 [INFO]   [Creating]         [70/217] eu.infinitech.finflink.structures.TechnicalIndicators.getIndicators
13:13:12.048 [INFO]   [Creating]         [71/217] eu.infinitech.finflink.structures.TechnicalIndicators.setIndicators
13:13:12.048 [INFO]   [Creating]         [71/217]   Tests created: 2
13:13:12.288 [INFO]   [Creating]         [72/217] eu.infinitech.finflink.structures.TechnicalIndicators.toString
13:13:12.288 [INFO]   [Creating]         [72/217]   Tests created: 3
13:13:12.289 [INFO]   [Creating]    [12/47] eu.infinitech.finflink.structures.TechnicalIndicators
13:13:12.289 [INFO]   [Creating]    [12/47]   Tests created: 5
13:13:12.290 [INFO]   [Creating]    
================================================================================
= Starting analysis for class 'eu.infinitech.finflink.structures.Trade'
================================================================================
13:13:12.290 [INFO]   [Creating]    Filtering out non-testable methods...
13:13:12.294 [INFO]   [Creating]    Filtering of methods complete. Creating analysis request
13:13:12.294 [INFO]   [Creating]    Attempting to get service client, retry 1.
13:13:12.679 [INFO]   [Creating]         [73/217] eu.infinitech.finflink.structures.Trade.<init>
13:13:12.679 [INFO]   [Creating]         [74/217] eu.infinitech.finflink.structures.Trade.getAssetSymbol
13:13:12.679 [INFO]   [Creating]         [75/217] eu.infinitech.finflink.structures.Trade.getPrice
13:13:12.679 [INFO]   [Creating]         [76/217] eu.infinitech.finflink.structures.Trade.getUnixDate
13:13:12.679 [INFO]   [Creating]         [77/217] eu.infinitech.finflink.structures.Trade.getVolume
13:13:12.679 [INFO]   [Creating]         [78/217] eu.infinitech.finflink.structures.Trade.setAssetSymbol
13:13:12.679 [INFO]   [Creating]         [79/217] eu.infinitech.finflink.structures.Trade.setPrice
13:13:12.679 [INFO]   [Creating]         [80/217] eu.infinitech.finflink.structures.Trade.setUnixDate
13:13:12.679 [INFO]   [Creating]         [81/217] eu.infinitech.finflink.structures.Trade.setVolume
13:13:12.679 [INFO]   [Creating]         [81/217]   Tests created: 1
13:13:13.884 [INFO]   [Creating]         [82/217] eu.infinitech.finflink.structures.Trade.<init>
13:13:13.884 [INFO]   [Creating]         [82/217]   Tests created: 1
13:13:14.076 [INFO]   [Creating]         [83/217] eu.infinitech.finflink.structures.Trade.compareTo
13:13:14.076 [INFO]   [Creating]         [83/217]   Tests created: 2
13:13:14.078 [INFO]   [Creating]    [13/47] eu.infinitech.finflink.structures.Trade
13:13:14.078 [INFO]   [Creating]    [13/47]   Tests created: 4
13:13:14.080 [INFO]   [Creating]    
================================================================================
= Starting analysis for class 'eu.infinitech.finflink.structures.TradePeriod'
================================================================================
13:13:14.080 [INFO]   [Creating]    Filtering out non-testable methods...
13:13:14.090 [INFO]   [Creating]    Filtering of methods complete. Creating analysis request
13:13:14.090 [INFO]   [Creating]    Attempting to get service client, retry 1.
13:13:18.254 [INFO]   [Creating]         [84/217] eu.infinitech.finflink.structures.TradePeriod.<init>
13:13:18.254 [INFO]   [Creating]         [85/217] eu.infinitech.finflink.structures.TradePeriod.getClosePrice
13:13:18.254 [INFO]   [Creating]         [86/217] eu.infinitech.finflink.structures.TradePeriod.getHighPrice
13:13:18.254 [INFO]   [Creating]         [87/217] eu.infinitech.finflink.structures.TradePeriod.getLowPrice
13:13:18.254 [INFO]   [Creating]         [88/217] eu.infinitech.finflink.structures.TradePeriod.getOpenPrice
13:13:18.254 [INFO]   [Creating]         [89/217] eu.infinitech.finflink.structures.TradePeriod.getStartTime
13:13:18.254 [INFO]   [Creating]         [90/217] eu.infinitech.finflink.structures.TradePeriod.getStopTime
13:13:18.254 [INFO]   [Creating]         [91/217] eu.infinitech.finflink.structures.TradePeriod.getTradingData
13:13:18.254 [INFO]   [Creating]         [92/217] eu.infinitech.finflink.structures.TradePeriod.getVolume
13:13:18.254 [INFO]   [Creating]         [93/217] eu.infinitech.finflink.structures.TradePeriod.setClosePrice
13:13:18.254 [INFO]   [Creating]         [94/217] eu.infinitech.finflink.structures.TradePeriod.setHighPrice
13:13:18.254 [INFO]   [Creating]         [95/217] eu.infinitech.finflink.structures.TradePeriod.setLowPrice
13:13:18.254 [INFO]   [Creating]         [96/217] eu.infinitech.finflink.structures.TradePeriod.setOpenPrice
13:13:18.254 [INFO]   [Creating]         [97/217] eu.infinitech.finflink.structures.TradePeriod.setStartTime
13:13:18.254 [INFO]   [Creating]         [98/217] eu.infinitech.finflink.structures.TradePeriod.setStopTime
13:13:18.254 [INFO]   [Creating]         [99/217] eu.infinitech.finflink.structures.TradePeriod.setTradingData
13:13:18.254 [INFO]   [Creating]        [100/217] eu.infinitech.finflink.structures.TradePeriod.setVolume
13:13:18.254 [INFO]   [Creating]        [100/217]   Tests created: 1
13:13:23.933 [INFO]   [Creating]        [101/217] eu.infinitech.finflink.structures.TradePeriod.<init>
13:13:23.933 [INFO]   [Creating]        [101/217]   Tests created: 5
13:13:28.819 [INFO]   [Creating]        [102/217] eu.infinitech.finflink.structures.TradePeriod.<init>
13:13:28.819 [INFO]   [Creating]        [102/217]   Tests created: 4
13:13:30.033 [INFO]   [Creating]        [103/217] eu.infinitech.finflink.structures.TradePeriod.initializeTradePeriod
13:13:30.033 [INFO]   [Creating]        [103/217]   R013: No inputs found that don't throw a trivial exception
13:13:30.033 [INFO]   [Creating]        [103/217]     Diffblue Cover tried to run the arrange/act section, but the test threw
13:13:30.033 [INFO]   [Creating]        [103/217]     java.lang.NullPointerException
13:13:30.033 [INFO]   [Creating]        [103/217]         at eu.infinitech.finflink.structures.TradePeriod.initializeTradePeriod(TradePeriod.java:89)
13:13:30.033 [INFO]   [Creating]        [103/217]     In order to prevent initializeTradePeriod(List)
13:13:30.033 [INFO]   [Creating]        [103/217]     from throwing NullPointerException, add constructors or factory
13:13:30.033 [INFO]   [Creating]        [103/217]     methods that make it easier to construct fully initialized objects used in
13:13:30.033 [INFO]   [Creating]        [103/217]     initializeTradePeriod(List).
13:13:30.033 [INFO]   [Creating]        [103/217]     See https://diff.blue/R013 to resolve this issue.
13:13:32.391 [INFO]   [Creating]        [104/217] eu.infinitech.finflink.structures.TradePeriod.usingPricePoints
13:13:32.391 [INFO]   [Creating]        [104/217]   Tests created: 3
13:13:32.742 [INFO]   [Creating]        [105/217] eu.infinitech.finflink.structures.TradePeriod.usingTrades
13:13:32.742 [INFO]   [Creating]        [105/217]   Tests created: 3
13:13:32.743 [INFO]   [Creating]    [14/47] eu.infinitech.finflink.structures.TradePeriod
13:13:32.743 [INFO]   [Creating]    [14/47]   Tests created: 16
13:13:32.744 [INFO]   [Creating]    
================================================================================
= Starting analysis for class 'eu.infinitech.finflink.structures.TradingDataAccumulator'
================================================================================
13:13:32.745 [INFO]   [Creating]    Filtering out non-testable methods...
13:13:32.747 [INFO]   [Creating]    Filtering of methods complete. Creating analysis request
13:13:32.747 [INFO]   [Creating]    Attempting to get service client, retry 1.
13:13:33.035 [INFO]   [Creating]        [106/217] eu.infinitech.finflink.structures.TradingDataAccumulator.<init>
13:13:33.035 [INFO]   [Creating]        [107/217] eu.infinitech.finflink.structures.TradingDataAccumulator.<init>
13:13:33.035 [INFO]   [Creating]        [108/217] eu.infinitech.finflink.structures.TradingDataAccumulator.getTradingData
13:13:33.035 [INFO]   [Creating]        [109/217] eu.infinitech.finflink.structures.TradingDataAccumulator.setTradingData
13:13:33.035 [INFO]   [Creating]        [109/217]   Tests created: 2
13:13:33.036 [INFO]   [Creating]    [15/47] eu.infinitech.finflink.structures.TradingDataAccumulator
13:13:33.036 [INFO]   [Creating]    [15/47]   Tests created: 2
13:13:33.037 [INFO]   [Creating]    
================================================================================
= Starting analysis for class 'eu.infinitech.finflink.time.TradingDataTimeAssigner'
================================================================================
13:13:33.037 [INFO]   [Creating]    Filtering out non-testable methods...
13:13:33.039 [INFO]   [Creating]    Filtering of methods complete. Creating analysis request
13:13:33.039 [INFO]   [Creating]    Attempting to get service client, retry 1.
13:13:35.035 [INFO]   [Creating]        [110/217] eu.infinitech.finflink.time.TradingDataTimeAssigner.<init>
13:13:35.035 [INFO]   [Creating]        [110/217]   R002: Missing observers
13:13:35.035 [INFO]   [Creating]        [110/217]     Diffblue Cover was unable to create an assertion.
13:13:35.035 [INFO]   [Creating]        [110/217]     There are no fields that could be asserted on.
13:13:36.598 [INFO]   [Creating]        [111/217] eu.infinitech.finflink.time.TradingDataTimeAssigner.createTimestampAssigner
13:13:36.598 [INFO]   [Creating]        [111/217]   Tests created: 1
13:13:36.676 [INFO]   [Creating]        [112/217] eu.infinitech.finflink.time.TradingDataTimeAssigner.extractTimestamp
13:13:36.676 [INFO]   [Creating]        [112/217]   Tests created: 1
13:13:36.677 [INFO]   [Creating]    [16/47] eu.infinitech.finflink.time.TradingDataTimeAssigner
13:13:36.677 [INFO]   [Creating]    [16/47]   Tests created: 2
13:13:36.679 [INFO]   [Creating]    
================================================================================
= Starting analysis for class 'eu.infinitech.finflink.transformations.data.InputParser'
================================================================================
13:13:36.679 [INFO]   [Creating]    Filtering out non-testable methods...
13:13:36.681 [INFO]   [Creating]    Filtering of methods complete. Creating analysis request
13:13:36.682 [INFO]   [Creating]    Attempting to get service client, retry 1.
13:13:36.716 [INFO]   [Creating]        [113/217] eu.infinitech.finflink.transformations.data.InputParser.<init>
13:13:36.716 [INFO]   [Creating]        [113/217]   T005: Trivial constructor
13:13:36.716 [INFO]   [Creating]        [113/217]     See https://diff.blue/T005
13:13:37.059 [INFO]   [Creating]        [114/217] eu.infinitech.finflink.transformations.data.InputParser.selectMapper
13:13:37.059 [INFO]   [Creating]        [114/217]   Tests created: 2
13:13:37.060 [INFO]   [Creating]    [17/47] eu.infinitech.finflink.transformations.data.InputParser
13:13:37.060 [INFO]   [Creating]    [17/47]   Tests created: 2
13:13:37.061 [INFO]   [Creating]    
================================================================================
= Starting analysis for class 'eu.infinitech.finflink.transformations.data.ToPricePoint'
================================================================================
13:13:37.061 [INFO]   [Creating]    Filtering out non-testable methods...
13:13:37.067 [INFO]   [Creating]    Filtering of methods complete. Creating analysis request
13:13:37.067 [INFO]   [Creating]    Attempting to get service client, retry 1.
13:13:38.461 [INFO]   [Creating]        [115/217] eu.infinitech.finflink.transformations.data.ToPricePoint.<init>
13:13:38.461 [INFO]   [Creating]        [116/217] eu.infinitech.finflink.transformations.data.ToPricePoint.<init>
13:13:38.461 [INFO]   [Creating]        [116/217]   Tests created: 2
13:13:38.636 [INFO]   [Creating]        [117/217] eu.infinitech.finflink.transformations.data.ToPricePoint.map
13:13:38.636 [INFO]   [Creating]        [117/217]   Tests created: 2
13:13:38.637 [INFO]   [Creating]    [18/47] eu.infinitech.finflink.transformations.data.ToPricePoint
13:13:38.637 [INFO]   [Creating]    [18/47]   Tests created: 4
13:13:38.638 [INFO]   [Creating]    
================================================================================
= Starting analysis for class 'eu.infinitech.finflink.transformations.data.ToTrade'
================================================================================
13:13:38.638 [INFO]   [Creating]    Filtering out non-testable methods...
13:13:38.640 [INFO]   [Creating]    Filtering of methods complete. Creating analysis request
13:13:38.640 [INFO]   [Creating]    Attempting to get service client, retry 1.
13:13:39.306 [INFO]   [Creating]        [118/217] eu.infinitech.finflink.transformations.data.ToTrade.<init>
13:13:39.306 [INFO]   [Creating]        [118/217]   R002: Missing observers
13:13:39.306 [INFO]   [Creating]        [118/217]     Diffblue Cover was unable to create an assertion.
13:13:39.306 [INFO]   [Creating]        [118/217]     There are no fields that could be asserted on.
13:13:39.308 [INFO]   [Creating]        [119/217] eu.infinitech.finflink.transformations.data.ToTrade.map
13:13:39.308 [INFO]   [Creating]        [119/217]   R013: No inputs found that don't throw a trivial exception
13:13:39.308 [INFO]   [Creating]        [119/217]     Diffblue Cover tried to run the arrange/act section, but the test threw
13:13:39.308 [INFO]   [Creating]        [119/217]     java.lang.ArrayIndexOutOfBoundsException: Index 2 out of bounds for length 2
13:13:39.308 [INFO]   [Creating]        [119/217]         at eu.infinitech.finflink.transformations.data.ToTrade.map(ToTrade.java:21)
13:13:39.308 [INFO]   [Creating]        [119/217]     In order to prevent map(String)
13:13:39.308 [INFO]   [Creating]        [119/217]     from throwing ArrayIndexOutOfBoundsException, add constructors or factory
13:13:39.308 [INFO]   [Creating]        [119/217]     methods that make it easier to construct fully initialized objects used in
13:13:39.308 [INFO]   [Creating]        [119/217]     map(String).
13:13:39.309 [INFO]   [Creating]        [119/217]     See https://diff.blue/R013 to resolve this issue.
13:13:39.310 [INFO]   [Creating]    [19/47] eu.infinitech.finflink.transformations.data.ToTrade
13:13:39.310 [INFO]   [Creating]    [19/47]   Tests created: 0
13:13:39.311 [INFO]   [Creating]    
================================================================================
= Starting analysis for class 'eu.infinitech.finflink.transformations.technicalIndicators.AccumulationDistributionIndex'
================================================================================
13:13:39.311 [INFO]   [Creating]    Filtering out non-testable methods...
13:13:39.314 [INFO]   [Creating]    Filtering of methods complete. Creating analysis request
13:13:39.314 [INFO]   [Creating]    Attempting to get service client, retry 1.
13:13:39.832 [INFO]   [Creating]        [120/217] eu.infinitech.finflink.transformations.technicalIndicators.AccumulationDistributionIndex.<init>
13:13:39.832 [INFO]   [Creating]        [120/217]   Tests created: 1
13:13:42.148 [INFO]   [Creating]        [121/217] eu.infinitech.finflink.transformations.technicalIndicators.AccumulationDistributionIndex.<init>
13:13:42.148 [INFO]   [Creating]        [121/217]   Tests created: 1
13:13:42.419 [INFO]   [Creating]        [122/217] eu.infinitech.finflink.transformations.technicalIndicators.AccumulationDistributionIndex.calculate
13:13:42.419 [INFO]   [Creating]        [122/217]   Tests created: 3
13:13:42.420 [INFO]   [Creating]    [20/47] eu.infinitech.finflink.transformations.technicalIndicators.AccumulationDistributionIndex
13:13:42.420 [INFO]   [Creating]    [20/47]   Tests created: 5
13:13:42.421 [INFO]   [Creating]    
================================================================================
= Starting analysis for class 'eu.infinitech.finflink.transformations.technicalIndicators.AverageDirectionalIndex'
================================================================================
13:13:42.421 [INFO]   [Creating]    Filtering out non-testable methods...
13:13:42.423 [INFO]   [Creating]    Filtering of methods complete. Creating analysis request
13:13:42.423 [INFO]   [Creating]    Attempting to get service client, retry 1.
13:13:42.720 [INFO]   [Creating]        [123/217] eu.infinitech.finflink.transformations.technicalIndicators.AverageDirectionalIndex.<init>
13:13:42.720 [INFO]   [Creating]        [123/217]   Tests created: 1
13:13:44.920 [INFO]   [Creating]        [124/217] eu.infinitech.finflink.transformations.technicalIndicators.AverageDirectionalIndex.<init>
13:13:44.920 [INFO]   [Creating]        [124/217]   Tests created: 1
13:13:45.174 [INFO]   [Creating]        [125/217] eu.infinitech.finflink.transformations.technicalIndicators.AverageDirectionalIndex.calculate
13:13:45.174 [INFO]   [Creating]        [125/217]   Tests created: 3
13:13:45.175 [INFO]   [Creating]    [21/47] eu.infinitech.finflink.transformations.technicalIndicators.AverageDirectionalIndex
13:13:45.175 [INFO]   [Creating]    [21/47]   Tests created: 5
13:13:45.176 [INFO]   [Creating]    
================================================================================
= Starting analysis for class 'eu.infinitech.finflink.transformations.technicalIndicators.AverageTrueRange'
================================================================================
13:13:45.176 [INFO]   [Creating]    Filtering out non-testable methods...
13:13:45.179 [INFO]   [Creating]    Filtering of methods complete. Creating analysis request
13:13:45.179 [INFO]   [Creating]    Attempting to get service client, retry 1.
13:13:45.503 [INFO]   [Creating]        [126/217] eu.infinitech.finflink.transformations.technicalIndicators.AverageTrueRange.<init>
13:13:45.503 [INFO]   [Creating]        [126/217]   Tests created: 1
13:13:46.737 [INFO]   [Creating]        [127/217] eu.infinitech.finflink.transformations.technicalIndicators.AverageTrueRange.<init>
13:13:46.737 [INFO]   [Creating]        [127/217]   Tests created: 1
13:13:46.880 [INFO]   [Creating]        [128/217] eu.infinitech.finflink.transformations.technicalIndicators.AverageTrueRange.calculate
13:13:46.880 [INFO]   [Creating]        [128/217]   Tests created: 2
13:13:46.881 [INFO]   [Creating]    [22/47] eu.infinitech.finflink.transformations.technicalIndicators.AverageTrueRange
13:13:46.882 [INFO]   [Creating]    [22/47]   Tests created: 4
13:13:46.882 [INFO]   [Creating]    
================================================================================
= Starting analysis for class 'eu.infinitech.finflink.transformations.technicalIndicators.CommodityChannelIndex'
================================================================================
13:13:46.882 [INFO]   [Creating]    Filtering out non-testable methods...
13:13:46.884 [INFO]   [Creating]    Filtering of methods complete. Creating analysis request
13:13:46.884 [INFO]   [Creating]    Attempting to get service client, retry 1.
13:13:48.720 [INFO]   [Creating]        [129/217] eu.infinitech.finflink.transformations.technicalIndicators.CommodityChannelIndex.<init>
13:13:48.720 [INFO]   [Creating]        [129/217]   Tests created: 1
13:13:49.043 [INFO]   [Creating]        [130/217] eu.infinitech.finflink.transformations.technicalIndicators.CommodityChannelIndex.calculate
13:13:49.043 [INFO]   [Creating]        [130/217]   Tests created: 4
13:13:49.044 [INFO]   [Creating]    [23/47] eu.infinitech.finflink.transformations.technicalIndicators.CommodityChannelIndex
13:13:49.044 [INFO]   [Creating]    [23/47]   Tests created: 5
13:13:49.045 [INFO]   [Creating]    
================================================================================
= Starting analysis for class 'eu.infinitech.finflink.transformations.technicalIndicators.DetrendedCloseOscillator'
================================================================================
13:13:49.045 [INFO]   [Creating]    Filtering out non-testable methods...
13:13:49.047 [INFO]   [Creating]    Filtering of methods complete. Creating analysis request
13:13:49.047 [INFO]   [Creating]    Attempting to get service client, retry 1.
13:13:50.807 [INFO]   [Creating]        [131/217] eu.infinitech.finflink.transformations.technicalIndicators.DetrendedCloseOscillator.<init>
13:13:50.807 [INFO]   [Creating]        [131/217]   Tests created: 1
13:13:51.127 [INFO]   [Creating]        [132/217] eu.infinitech.finflink.transformations.technicalIndicators.DetrendedCloseOscillator.calculate
13:13:51.127 [INFO]   [Creating]        [132/217]   Tests created: 4
13:13:51.128 [INFO]   [Creating]    [24/47] eu.infinitech.finflink.transformations.technicalIndicators.DetrendedCloseOscillator
13:13:51.128 [INFO]   [Creating]    [24/47]   Tests created: 5
13:13:51.129 [INFO]   [Creating]    
================================================================================
= Starting analysis for class 'eu.infinitech.finflink.transformations.technicalIndicators.DirectionalIndex'
================================================================================
13:13:51.129 [INFO]   [Creating]    Filtering out non-testable methods...
13:13:51.130 [INFO]   [Creating]    Filtering of methods complete. Creating analysis request
13:13:51.130 [INFO]   [Creating]    Attempting to get service client, retry 1.
13:13:51.437 [INFO]   [Creating]        [133/217] eu.infinitech.finflink.transformations.technicalIndicators.DirectionalIndex.<init>
13:13:51.437 [INFO]   [Creating]        [133/217]   Tests created: 1
13:13:53.307 [INFO]   [Creating]        [134/217] eu.infinitech.finflink.transformations.technicalIndicators.DirectionalIndex.<init>
13:13:53.307 [INFO]   [Creating]        [134/217]   Tests created: 1
13:13:53.875 [INFO]   [Creating]        [135/217] eu.infinitech.finflink.transformations.technicalIndicators.DirectionalIndex.calculate
13:13:53.875 [INFO]   [Creating]        [135/217]   Tests created: 7
13:13:53.876 [INFO]   [Creating]    [25/47] eu.infinitech.finflink.transformations.technicalIndicators.DirectionalIndex
13:13:53.876 [INFO]   [Creating]    [25/47]   Tests created: 9
13:13:53.877 [INFO]   [Creating]    
================================================================================
= Starting analysis for class 'eu.infinitech.finflink.transformations.technicalIndicators.ForceIndex'
================================================================================
13:13:53.877 [INFO]   [Creating]    Filtering out non-testable methods...
13:13:53.878 [INFO]   [Creating]    Filtering of methods complete. Creating analysis request
13:13:53.878 [INFO]   [Creating]    Attempting to get service client, retry 1.
13:13:56.009 [INFO]   [Creating]        [136/217] eu.infinitech.finflink.transformations.technicalIndicators.ForceIndex.<init>
13:13:56.009 [INFO]   [Creating]        [136/217]   Tests created: 1
13:13:56.272 [INFO]   [Creating]        [137/217] eu.infinitech.finflink.transformations.technicalIndicators.ForceIndex.calculate
13:13:56.272 [INFO]   [Creating]        [137/217]   Tests created: 3
13:13:56.273 [INFO]   [Creating]    [26/47] eu.infinitech.finflink.transformations.technicalIndicators.ForceIndex
13:13:56.273 [INFO]   [Creating]    [26/47]   Tests created: 4
13:13:56.274 [INFO]   [Creating]    
================================================================================
= Starting analysis for class 'eu.infinitech.finflink.transformations.technicalIndicators.HighPriceDirectionalIndex'
================================================================================
13:13:56.274 [INFO]   [Creating]    Filtering out non-testable methods...
13:13:56.275 [INFO]   [Creating]    Filtering of methods complete. Creating analysis request
13:13:56.275 [INFO]   [Creating]    Attempting to get service client, retry 1.
13:13:56.580 [INFO]   [Creating]        [138/217] eu.infinitech.finflink.transformations.technicalIndicators.HighPriceDirectionalIndex.<init>
13:13:56.580 [INFO]   [Creating]        [138/217]   Tests created: 1
13:13:58.030 [INFO]   [Creating]        [139/217] eu.infinitech.finflink.transformations.technicalIndicators.HighPriceDirectionalIndex.<init>
13:13:58.030 [INFO]   [Creating]        [139/217]   Tests created: 1
13:13:58.167 [INFO]   [Creating]        [140/217] eu.infinitech.finflink.transformations.technicalIndicators.HighPriceDirectionalIndex.calculate
13:13:58.167 [INFO]   [Creating]        [140/217]   Tests created: 2
13:13:58.168 [INFO]   [Creating]    [27/47] eu.infinitech.finflink.transformations.technicalIndicators.HighPriceDirectionalIndex
13:13:58.168 [INFO]   [Creating]    [27/47]   Tests created: 4
13:13:58.169 [INFO]   [Creating]    
================================================================================
= Starting analysis for class 'eu.infinitech.finflink.transformations.technicalIndicators.HighPriceDirectionalMomentum'
================================================================================
13:13:58.169 [INFO]   [Creating]    Filtering out non-testable methods...
13:13:58.171 [INFO]   [Creating]    Filtering of methods complete. Creating analysis request
13:13:58.171 [INFO]   [Creating]    Attempting to get service client, retry 1.
13:13:58.451 [INFO]   [Creating]        [141/217] eu.infinitech.finflink.transformations.technicalIndicators.HighPriceDirectionalMomentum.<init>
13:13:58.451 [INFO]   [Creating]        [141/217]   Tests created: 1
13:13:59.576 [INFO]   [Creating]        [142/217] eu.infinitech.finflink.transformations.technicalIndicators.HighPriceDirectionalMomentum.<init>
13:13:59.576 [INFO]   [Creating]        [142/217]   Tests created: 1
13:13:59.713 [INFO]   [Creating]        [143/217] eu.infinitech.finflink.transformations.technicalIndicators.HighPriceDirectionalMomentum.calculate
13:13:59.713 [INFO]   [Creating]        [143/217]   Tests created: 2
13:13:59.713 [INFO]   [Creating]    [28/47] eu.infinitech.finflink.transformations.technicalIndicators.HighPriceDirectionalMomentum
13:13:59.713 [INFO]   [Creating]    [28/47]   Tests created: 4
13:13:59.714 [INFO]   [Creating]    
================================================================================
= Starting analysis for class 'eu.infinitech.finflink.transformations.technicalIndicators.LogReturns'
================================================================================
13:13:59.714 [INFO]   [Creating]    Filtering out non-testable methods...
13:13:59.716 [INFO]   [Creating]    Filtering of methods complete. Creating analysis request
13:13:59.716 [INFO]   [Creating]    Attempting to get service client, retry 1.
13:14:02.441 [INFO]   [Creating]        [144/217] eu.infinitech.finflink.transformations.technicalIndicators.LogReturns.<init>
13:14:02.442 [INFO]   [Creating]        [144/217]   Tests created: 1
13:14:02.823 [INFO]   [Creating]        [145/217] eu.infinitech.finflink.transformations.technicalIndicators.LogReturns.calculate
13:14:02.823 [INFO]   [Creating]        [145/217]   Tests created: 5
13:14:02.824 [INFO]   [Creating]    [29/47] eu.infinitech.finflink.transformations.technicalIndicators.LogReturns
13:14:02.824 [INFO]   [Creating]    [29/47]   Tests created: 6
13:14:02.825 [INFO]   [Creating]    
================================================================================
= Starting analysis for class 'eu.infinitech.finflink.transformations.technicalIndicators.LowPriceDirectionalIndex'
================================================================================
13:14:02.825 [INFO]   [Creating]    Filtering out non-testable methods...
13:14:02.827 [INFO]   [Creating]    Filtering of methods complete. Creating analysis request
13:14:02.827 [INFO]   [Creating]    Attempting to get service client, retry 1.
13:14:03.146 [INFO]   [Creating]        [146/217] eu.infinitech.finflink.transformations.technicalIndicators.LowPriceDirectionalIndex.<init>
13:14:03.146 [INFO]   [Creating]        [146/217]   Tests created: 1
13:14:04.549 [INFO]   [Creating]        [147/217] eu.infinitech.finflink.transformations.technicalIndicators.LowPriceDirectionalIndex.<init>
13:14:04.549 [INFO]   [Creating]        [147/217]   Tests created: 1
13:14:04.690 [INFO]   [Creating]        [148/217] eu.infinitech.finflink.transformations.technicalIndicators.LowPriceDirectionalIndex.calculate
13:14:04.690 [INFO]   [Creating]        [148/217]   Tests created: 2
13:14:04.691 [INFO]   [Creating]    [30/47] eu.infinitech.finflink.transformations.technicalIndicators.LowPriceDirectionalIndex
13:14:04.691 [INFO]   [Creating]    [30/47]   Tests created: 4
13:14:04.692 [INFO]   [Creating]    
================================================================================
= Starting analysis for class 'eu.infinitech.finflink.transformations.technicalIndicators.LowPriceDirectionalMomentum'
================================================================================
13:14:04.692 [INFO]   [Creating]    Filtering out non-testable methods...
13:14:04.693 [INFO]   [Creating]    Filtering of methods complete. Creating analysis request
13:14:04.693 [INFO]   [Creating]    Attempting to get service client, retry 1.
13:14:04.977 [INFO]   [Creating]        [149/217] eu.infinitech.finflink.transformations.technicalIndicators.LowPriceDirectionalMomentum.<init>
13:14:04.977 [INFO]   [Creating]        [149/217]   Tests created: 1
13:14:06.068 [INFO]   [Creating]        [150/217] eu.infinitech.finflink.transformations.technicalIndicators.LowPriceDirectionalMomentum.<init>
13:14:06.068 [INFO]   [Creating]        [150/217]   Tests created: 1
13:14:06.231 [INFO]   [Creating]        [151/217] eu.infinitech.finflink.transformations.technicalIndicators.LowPriceDirectionalMomentum.calculate
13:14:06.231 [INFO]   [Creating]        [151/217]   Tests created: 2
13:14:06.232 [INFO]   [Creating]    [31/47] eu.infinitech.finflink.transformations.technicalIndicators.LowPriceDirectionalMomentum
13:14:06.232 [INFO]   [Creating]    [31/47]   Tests created: 4
13:14:06.233 [INFO]   [Creating]    
================================================================================
= Starting analysis for class 'eu.infinitech.finflink.transformations.technicalIndicators.Momentum'
================================================================================
13:14:06.233 [INFO]   [Creating]    Filtering out non-testable methods...
13:14:06.234 [INFO]   [Creating]    Filtering of methods complete. Creating analysis request
13:14:06.234 [INFO]   [Creating]    Attempting to get service client, retry 1.
13:14:06.552 [INFO]   [Creating]        [152/217] eu.infinitech.finflink.transformations.technicalIndicators.Momentum.<init>
13:14:06.552 [INFO]   [Creating]        [152/217]   Tests created: 1
13:14:08.950 [INFO]   [Creating]        [153/217] eu.infinitech.finflink.transformations.technicalIndicators.Momentum.<init>
13:14:08.950 [INFO]   [Creating]        [153/217]   Tests created: 1
13:14:09.231 [INFO]   [Creating]        [154/217] eu.infinitech.finflink.transformations.technicalIndicators.Momentum.calculate
13:14:09.231 [INFO]   [Creating]        [154/217]   Tests created: 4
13:14:09.232 [INFO]   [Creating]    [32/47] eu.infinitech.finflink.transformations.technicalIndicators.Momentum
13:14:09.232 [INFO]   [Creating]    [32/47]   Tests created: 6
13:14:09.233 [INFO]   [Creating]    
================================================================================
= Starting analysis for class 'eu.infinitech.finflink.transformations.technicalIndicators.MoneyFlowIndex'
================================================================================
13:14:09.233 [INFO]   [Creating]    Filtering out non-testable methods...
13:14:09.238 [INFO]   [Creating]    Filtering of methods complete. Creating analysis request
13:14:09.238 [INFO]   [Creating]    Attempting to get service client, retry 1.
13:14:10.925 [INFO]   [Creating]        [155/217] eu.infinitech.finflink.transformations.technicalIndicators.MoneyFlowIndex.<init>
13:14:10.925 [INFO]   [Creating]        [155/217]   Tests created: 1
13:14:11.349 [INFO]   [Creating]        [156/217] eu.infinitech.finflink.transformations.technicalIndicators.MoneyFlowIndex.calculate
13:14:11.349 [INFO]   [Creating]        [156/217]   Tests created: 5
13:14:11.350 [INFO]   [Creating]    [33/47] eu.infinitech.finflink.transformations.technicalIndicators.MoneyFlowIndex
13:14:11.350 [INFO]   [Creating]    [33/47]   Tests created: 6
13:14:11.351 [INFO]   [Creating]    
================================================================================
= Starting analysis for class 'eu.infinitech.finflink.transformations.technicalIndicators.MovingAverageConvergenceDivergence'
================================================================================
13:14:11.351 [INFO]   [Creating]    Filtering out non-testable methods...
13:14:11.353 [INFO]   [Creating]    Filtering of methods complete. Creating analysis request
13:14:11.353 [INFO]   [Creating]    Attempting to get service client, retry 1.
13:14:11.837 [INFO]   [Creating]        [157/217] eu.infinitech.finflink.transformations.technicalIndicators.MovingAverageConvergenceDivergence.<init>
13:14:11.837 [INFO]   [Creating]        [157/217]   Tests created: 1
13:14:13.695 [INFO]   [Creating]        [158/217] eu.infinitech.finflink.transformations.technicalIndicators.MovingAverageConvergenceDivergence.<init>
13:14:13.695 [INFO]   [Creating]        [158/217]   Tests created: 1
13:14:13.916 [INFO]   [Creating]        [159/217] eu.infinitech.finflink.transformations.technicalIndicators.MovingAverageConvergenceDivergence.calculate
13:14:13.916 [INFO]   [Creating]        [159/217]   Tests created: 3
13:14:13.917 [INFO]   [Creating]    [34/47] eu.infinitech.finflink.transformations.technicalIndicators.MovingAverageConvergenceDivergence
13:14:13.917 [INFO]   [Creating]    [34/47]   Tests created: 5
13:14:13.918 [INFO]   [Creating]    
================================================================================
= Starting analysis for class 'eu.infinitech.finflink.transformations.technicalIndicators.OnBalanceVolumeIndicator'
================================================================================
13:14:13.918 [INFO]   [Creating]    Filtering out non-testable methods...
13:14:13.920 [INFO]   [Creating]    Filtering of methods complete. Creating analysis request
13:14:13.920 [INFO]   [Creating]    Attempting to get service client, retry 1.
13:14:15.664 [INFO]   [Creating]        [160/217] eu.infinitech.finflink.transformations.technicalIndicators.OnBalanceVolumeIndicator.<init>
13:14:15.664 [INFO]   [Creating]        [160/217]   Tests created: 1
13:14:16.067 [INFO]   [Creating]        [161/217] eu.infinitech.finflink.transformations.technicalIndicators.OnBalanceVolumeIndicator.calculate
13:14:16.067 [INFO]   [Creating]        [161/217]   Tests created: 5
13:14:16.068 [INFO]   [Creating]    [35/47] eu.infinitech.finflink.transformations.technicalIndicators.OnBalanceVolumeIndicator
13:14:16.068 [INFO]   [Creating]    [35/47]   Tests created: 6
13:14:16.069 [INFO]   [Creating]    
================================================================================
= Starting analysis for class 'eu.infinitech.finflink.transformations.technicalIndicators.PeriodEnd'
================================================================================
13:14:16.070 [INFO]   [Creating]    Filtering out non-testable methods...
13:14:16.071 [INFO]   [Creating]    Filtering of methods complete. Creating analysis request
13:14:16.071 [INFO]   [Creating]    Attempting to get service client, retry 1.
13:14:18.292 [INFO]   [Creating]        [162/217] eu.infinitech.finflink.transformations.technicalIndicators.PeriodEnd.<init>
13:14:18.292 [INFO]   [Creating]        [162/217]   Tests created: 1
13:14:18.444 [INFO]   [Creating]        [163/217] eu.infinitech.finflink.transformations.technicalIndicators.PeriodEnd.calculate
13:14:18.444 [INFO]   [Creating]        [163/217]   Tests created: 2
13:14:18.444 [INFO]   [Creating]    [36/47] eu.infinitech.finflink.transformations.technicalIndicators.PeriodEnd
13:14:18.444 [INFO]   [Creating]    [36/47]   Tests created: 3
13:14:18.445 [INFO]   [Creating]    
================================================================================
= Starting analysis for class 'eu.infinitech.finflink.transformations.technicalIndicators.RelativeStrengthIndex'
================================================================================
13:14:18.445 [INFO]   [Creating]    Filtering out non-testable methods...
13:14:18.447 [INFO]   [Creating]    Filtering of methods complete. Creating analysis request
13:14:18.447 [INFO]   [Creating]    Attempting to get service client, retry 1.
13:14:20.404 [INFO]   [Creating]        [164/217] eu.infinitech.finflink.transformations.technicalIndicators.RelativeStrengthIndex.<init>
13:14:20.404 [INFO]   [Creating]        [164/217]   Tests created: 1
13:14:20.707 [INFO]   [Creating]        [165/217] eu.infinitech.finflink.transformations.technicalIndicators.RelativeStrengthIndex.calculate
13:14:20.707 [INFO]   [Creating]        [165/217]   Tests created: 4
13:14:20.708 [INFO]   [Creating]    [37/47] eu.infinitech.finflink.transformations.technicalIndicators.RelativeStrengthIndex
13:14:20.708 [INFO]   [Creating]    [37/47]   Tests created: 5
13:14:20.709 [INFO]   [Creating]    
================================================================================
= Starting analysis for class 'eu.infinitech.finflink.transformations.technicalIndicators.Returns'
================================================================================
13:14:20.709 [INFO]   [Creating]    Filtering out non-testable methods...
13:14:20.710 [INFO]   [Creating]    Filtering of methods complete. Creating analysis request
13:14:20.710 [INFO]   [Creating]    Attempting to get service client, retry 1.
13:14:23.074 [INFO]   [Creating]        [166/217] eu.infinitech.finflink.transformations.technicalIndicators.Returns.<init>
13:14:23.074 [INFO]   [Creating]        [166/217]   Tests created: 1
13:14:23.376 [INFO]   [Creating]        [167/217] eu.infinitech.finflink.transformations.technicalIndicators.Returns.calculate
13:14:23.376 [INFO]   [Creating]        [167/217]   Tests created: 4
13:14:23.377 [INFO]   [Creating]    [38/47] eu.infinitech.finflink.transformations.technicalIndicators.Returns
13:14:23.377 [INFO]   [Creating]    [38/47]   Tests created: 5
13:14:23.378 [INFO]   [Creating]    
================================================================================
= Starting analysis for class 'eu.infinitech.finflink.transformations.technicalIndicators.TechnicalIndicator'
================================================================================
13:14:23.378 [INFO]   [Creating]    Filtering out non-testable methods...
13:14:23.381 [INFO]   [Creating]    Filtering of methods complete. Creating analysis request
13:14:23.381 [INFO]   [Creating]    Attempting to get service client, retry 1.
13:14:24.593 [INFO]   [Creating]        [168/217] eu.infinitech.finflink.transformations.technicalIndicators.TechnicalIndicator.<init>
13:14:24.593 [INFO]   [Creating]        [169/217] eu.infinitech.finflink.transformations.technicalIndicators.TechnicalIndicator.<init>
13:14:24.593 [INFO]   [Creating]        [169/217]   R002: Missing observers
13:14:24.593 [INFO]   [Creating]        [169/217]     Diffblue Cover was unable to create an assertion.
13:14:24.593 [INFO]   [Creating]        [169/217]     Add getters for the following fields or make them package-private:
13:14:24.593 [INFO]   [Creating]        [169/217]     TechnicalIndicator.supplier
13:14:24.900 [INFO]   [Creating]        [170/217] eu.infinitech.finflink.transformations.technicalIndicators.TechnicalIndicator.add
13:14:24.900 [INFO]   [Creating]        [170/217]   Tests created: 1
13:14:25.428 [INFO]   [Creating]        [171/217] eu.infinitech.finflink.transformations.technicalIndicators.TechnicalIndicator.createAccumulator
13:14:25.428 [INFO]   [Creating]        [171/217]   Tests created: 1
13:14:25.871 [INFO]   [Creating]        [172/217] eu.infinitech.finflink.transformations.technicalIndicators.TechnicalIndicator.getResult
13:14:25.871 [INFO]   [Creating]        [172/217]   Tests created: 1
13:14:25.936 [INFO]   [Creating]        [173/217] eu.infinitech.finflink.transformations.technicalIndicators.TechnicalIndicator.merge
13:14:25.936 [INFO]   [Creating]        [173/217]   Tests created: 1
13:14:25.937 [INFO]   [Creating]    [39/47] eu.infinitech.finflink.transformations.technicalIndicators.TechnicalIndicator
13:14:25.937 [INFO]   [Creating]    [39/47]   Tests created: 4
13:14:25.939 [INFO]   [Creating]    
================================================================================
= Starting analysis for class 'eu.infinitech.finflink.transformations.technicalIndicators.TechnicalIndicatorGenerator'
================================================================================
13:14:25.939 [INFO]   [Creating]    Filtering out non-testable methods...
13:14:27.686 [INFO]   [Creating]    Filtering of methods complete. Creating analysis request
13:14:27.686 [INFO]   [Creating]    Attempting to get service client, retry 1.
13:14:27.997 [INFO]   [Creating]        [174/217] eu.infinitech.finflink.transformations.technicalIndicators.TechnicalIndicatorGenerator.getIndicatorRequirements
13:14:27.997 [INFO]   [Creating]        [174/217]   Tests created: 1
13:14:28.139 [INFO]   [Creating]        [175/217] eu.infinitech.finflink.transformations.technicalIndicators.TechnicalIndicatorGenerator.getName
13:14:28.139 [INFO]   [Creating]        [175/217]   Tests created: 1
13:14:28.327 [INFO]   [Creating]        [176/217] eu.infinitech.finflink.transformations.technicalIndicators.TechnicalIndicatorGenerator.getProperties
13:14:28.327 [INFO]   [Creating]        [176/217]   Tests created: 1
13:14:28.469 [INFO]   [Creating]        [177/217] eu.infinitech.finflink.transformations.technicalIndicators.TechnicalIndicatorGenerator.getTimePeriod
13:14:28.470 [INFO]   [Creating]        [177/217]   Tests created: 1
13:14:28.657 [INFO]   [Creating]        [178/217] eu.infinitech.finflink.transformations.technicalIndicators.TechnicalIndicatorGenerator.setIndicatorRequirements
13:14:28.657 [INFO]   [Creating]        [178/217]   Tests created: 1
13:14:29.485 [INFO]   [Creating]        [179/217] eu.infinitech.finflink.transformations.technicalIndicators.TechnicalIndicatorGenerator.setTimePeriod
13:14:29.485 [INFO]   [Creating]        [179/217]   Tests created: 1
13:14:30.014 [INFO]   [Creating]        [180/217] eu.infinitech.finflink.transformations.technicalIndicators.TechnicalIndicatorGenerator.setTimePeriod
13:14:30.014 [INFO]   [Creating]        [180/217]   Diffblue AI was unable to find a test
13:14:30.016 [INFO]   [Creating]        [181/217] eu.infinitech.finflink.transformations.technicalIndicators.TechnicalIndicatorGenerator.setTimePeriodLength
13:14:30.016 [INFO]   [Creating]        [181/217]   Diffblue AI was unable to find a test
13:14:30.017 [INFO]   [Creating]    [40/47] eu.infinitech.finflink.transformations.technicalIndicators.TechnicalIndicatorGenerator
13:14:30.017 [INFO]   [Creating]    [40/47]   Tests created: 6
13:14:30.018 [INFO]   [Creating]    
================================================================================
= Starting analysis for class 'eu.infinitech.finflink.transformations.technicalIndicators.TechnicalIndicatorPipeline'
================================================================================
13:14:30.018 [INFO]   [Creating]    Filtering out non-testable methods...
13:14:30.024 [INFO]   [Creating]    Filtering of methods complete. Creating analysis request
13:14:30.024 [INFO]   [Creating]    Attempting to get service client, retry 1.
13:14:31.056 [INFO]   [Creating]        [182/217] eu.infinitech.finflink.transformations.technicalIndicators.TechnicalIndicatorPipeline.<init>
13:14:31.056 [INFO]   [Creating]        [183/217] eu.infinitech.finflink.transformations.technicalIndicators.TechnicalIndicatorPipeline.<init>
13:14:31.056 [INFO]   [Creating]        [184/217] eu.infinitech.finflink.transformations.technicalIndicators.TechnicalIndicatorPipeline.getPipeline
13:14:31.056 [INFO]   [Creating]        [185/217] eu.infinitech.finflink.transformations.technicalIndicators.TechnicalIndicatorPipeline.getPipelineID
13:14:31.056 [INFO]   [Creating]        [186/217] eu.infinitech.finflink.transformations.technicalIndicators.TechnicalIndicatorPipeline.setPipeline
13:14:31.056 [INFO]   [Creating]        [187/217] eu.infinitech.finflink.transformations.technicalIndicators.TechnicalIndicatorPipeline.setPipelineID
13:14:31.056 [INFO]   [Creating]        [187/217]   Tests created: 2
13:14:31.295 [INFO]   [Creating]        [188/217] eu.infinitech.finflink.transformations.technicalIndicators.TechnicalIndicatorPipeline.add
13:14:31.295 [INFO]   [Creating]        [188/217]   Tests created: 1
13:14:36.994 [INFO]   [Creating]        [189/217] eu.infinitech.finflink.transformations.technicalIndicators.TechnicalIndicatorPipeline.createAccumulator
13:14:36.994 [INFO]   [Creating]        [189/217]   Tests created: 1
13:14:38.004 [INFO]   [Creating]        [190/217] eu.infinitech.finflink.transformations.technicalIndicators.TechnicalIndicatorPipeline.getResult
13:14:38.004 [INFO]   [Creating]        [190/217]   Tests created: 4
13:14:38.078 [INFO]   [Creating]        [191/217] eu.infinitech.finflink.transformations.technicalIndicators.TechnicalIndicatorPipeline.merge
13:14:38.078 [INFO]   [Creating]        [191/217]   Tests created: 1
13:14:38.079 [INFO]   [Creating]    [41/47] eu.infinitech.finflink.transformations.technicalIndicators.TechnicalIndicatorPipeline
13:14:38.079 [INFO]   [Creating]    [41/47]   Tests created: 9
13:14:38.080 [INFO]   [Creating]    
================================================================================
= Starting analysis for class 'eu.infinitech.finflink.transformations.technicalIndicators.TrueRange'
================================================================================
13:14:38.080 [INFO]   [Creating]    Filtering out non-testable methods...
13:14:38.083 [INFO]   [Creating]    Filtering of methods complete. Creating analysis request
13:14:38.083 [INFO]   [Creating]    Attempting to get service client, retry 1.
13:14:38.675 [INFO]   [Creating]        [192/217] eu.infinitech.finflink.transformations.technicalIndicators.TrueRange.<init>
13:14:38.675 [INFO]   [Creating]        [193/217] eu.infinitech.finflink.transformations.technicalIndicators.TrueRange.getTrades
13:14:38.675 [INFO]   [Creating]        [194/217] eu.infinitech.finflink.transformations.technicalIndicators.TrueRange.setTrades
13:14:38.675 [INFO]   [Creating]        [194/217]   Tests created: 1
13:14:38.889 [INFO]   [Creating]        [195/217] eu.infinitech.finflink.transformations.technicalIndicators.TrueRange.add
13:14:38.889 [INFO]   [Creating]        [195/217]   Tests created: 1
13:14:39.841 [INFO]   [Creating]        [196/217] eu.infinitech.finflink.transformations.technicalIndicators.TrueRange.get
13:14:39.841 [INFO]   [Creating]        [196/217]   Tests created: 1
13:14:42.244 [INFO]   [Creating]        [197/217] eu.infinitech.finflink.transformations.technicalIndicators.TrueRange.getResult
13:14:42.244 [INFO]   [Creating]        [197/217]   Tests created: 3
13:14:42.246 [INFO]   [Creating]        [198/217] eu.infinitech.finflink.transformations.technicalIndicators.TrueRange.merge
13:14:42.246 [INFO]   [Creating]        [198/217]   Diffblue AI was unable to find a test
13:14:42.247 [INFO]   [Creating]    [42/47] eu.infinitech.finflink.transformations.technicalIndicators.TrueRange
13:14:42.247 [INFO]   [Creating]    [42/47]   Tests created: 6
13:14:42.247 [INFO]   [Creating]    
================================================================================
= Starting analysis for class 'eu.infinitech.finflink.transformations.technicalIndicators.Utils'
================================================================================
13:14:42.247 [INFO]   [Creating]    Filtering out non-testable methods...
13:14:42.251 [INFO]   [Creating]    Filtering of methods complete. Creating analysis request
13:14:42.251 [INFO]   [Creating]    Attempting to get service client, retry 1.
13:14:42.292 [INFO]   [Creating]        [199/217] eu.infinitech.finflink.transformations.technicalIndicators.Utils.<init>
13:14:42.292 [INFO]   [Creating]        [199/217]   T005: Trivial constructor
13:14:42.292 [INFO]   [Creating]        [199/217]     See https://diff.blue/T005
13:14:43.264 [INFO]   [Creating]        [200/217] eu.infinitech.finflink.transformations.technicalIndicators.Utils.cumSum
13:14:43.264 [INFO]   [Creating]        [200/217]   Tests created: 3
13:14:44.073 [INFO]   [Creating]        [201/217] eu.infinitech.finflink.transformations.technicalIndicators.Utils.diff
13:14:44.073 [INFO]   [Creating]        [201/217]   Tests created: 3
13:14:44.922 [INFO]   [Creating]        [202/217] eu.infinitech.finflink.transformations.technicalIndicators.Utils.ewm
13:14:44.922 [INFO]   [Creating]        [202/217]   Tests created: 3
13:14:45.567 [INFO]   [Creating]        [203/217] eu.infinitech.finflink.transformations.technicalIndicators.Utils.expanding
13:14:45.567 [INFO]   [Creating]        [203/217]   Tests created: 3
13:14:46.525 [INFO]   [Creating]        [204/217] eu.infinitech.finflink.transformations.technicalIndicators.Utils.mean
13:14:46.525 [INFO]   [Creating]        [204/217]   Tests created: 3
13:14:47.161 [INFO]   [Creating]        [205/217] eu.infinitech.finflink.transformations.technicalIndicators.Utils.sliding
13:14:47.161 [INFO]   [Creating]        [205/217]   Tests created: 3
13:14:47.793 [INFO]   [Creating]        [206/217] eu.infinitech.finflink.transformations.technicalIndicators.Utils.std
13:14:47.793 [INFO]   [Creating]        [206/217]   Tests created: 3
13:14:48.335 [INFO]   [Creating]        [207/217] eu.infinitech.finflink.transformations.technicalIndicators.Utils.sum
13:14:48.335 [INFO]   [Creating]        [207/217]   Tests created: 3
13:14:49.947 [INFO]   [Creating]        [208/217] eu.infinitech.finflink.transformations.technicalIndicators.Utils.truePrice
13:14:49.947 [INFO]   [Creating]        [208/217]   Tests created: 1
13:14:50.198 [INFO]   [Creating]        [209/217] eu.infinitech.finflink.transformations.technicalIndicators.Utils.trueRange
13:14:50.198 [INFO]   [Creating]        [209/217]   Tests created: 3
13:14:50.199 [INFO]   [Creating]    [43/47] eu.infinitech.finflink.transformations.technicalIndicators.Utils
13:14:50.199 [INFO]   [Creating]    [43/47]   Tests created: 28
13:14:50.200 [INFO]   [Creating]    
================================================================================
= Starting analysis for class 'eu.infinitech.finflink.transformations.technicalIndicators.Volatility'
================================================================================
13:14:50.200 [INFO]   [Creating]    Filtering out non-testable methods...
13:14:50.202 [INFO]   [Creating]    Filtering of methods complete. Creating analysis request
13:14:50.202 [INFO]   [Creating]    Attempting to get service client, retry 1.
13:14:53.062 [INFO]   [Creating]        [210/217] eu.infinitech.finflink.transformations.technicalIndicators.Volatility.<init>
13:14:53.062 [INFO]   [Creating]        [210/217]   Tests created: 1
13:14:53.558 [INFO]   [Creating]        [211/217] eu.infinitech.finflink.transformations.technicalIndicators.Volatility.calculate
13:14:53.558 [INFO]   [Creating]        [211/217]   Tests created: 6
13:14:53.559 [INFO]   [Creating]    [44/47] eu.infinitech.finflink.transformations.technicalIndicators.Volatility
13:14:53.559 [INFO]   [Creating]    [44/47]   Tests created: 7
13:14:53.560 [INFO]   [Creating]    
================================================================================
= Starting analysis for class 'eu.infinitech.finflink.transformations.technicalIndicators.VortexMinus'
================================================================================
13:14:53.560 [INFO]   [Creating]    Filtering out non-testable methods...
13:14:53.561 [INFO]   [Creating]    Filtering of methods complete. Creating analysis request
13:14:53.561 [INFO]   [Creating]    Attempting to get service client, retry 1.
13:14:55.857 [INFO]   [Creating]        [212/217] eu.infinitech.finflink.transformations.technicalIndicators.VortexMinus.<init>
13:14:55.858 [INFO]   [Creating]        [212/217]   Tests created: 1
13:14:56.105 [INFO]   [Creating]        [213/217] eu.infinitech.finflink.transformations.technicalIndicators.VortexMinus.calculate
13:14:56.105 [INFO]   [Creating]        [213/217]   Tests created: 3
13:14:56.106 [INFO]   [Creating]    [45/47] eu.infinitech.finflink.transformations.technicalIndicators.VortexMinus
13:14:56.106 [INFO]   [Creating]    [45/47]   Tests created: 4
13:14:56.107 [INFO]   [Creating]    
================================================================================
= Starting analysis for class 'eu.infinitech.finflink.transformations.technicalIndicators.VortexPlus'
================================================================================
13:14:56.107 [INFO]   [Creating]    Filtering out non-testable methods...
13:14:56.108 [INFO]   [Creating]    Filtering of methods complete. Creating analysis request
13:14:56.108 [INFO]   [Creating]    Attempting to get service client, retry 1.
13:14:58.350 [INFO]   [Creating]        [214/217] eu.infinitech.finflink.transformations.technicalIndicators.VortexPlus.<init>
13:14:58.350 [INFO]   [Creating]        [214/217]   Tests created: 1
13:14:58.572 [INFO]   [Creating]        [215/217] eu.infinitech.finflink.transformations.technicalIndicators.VortexPlus.calculate
13:14:58.572 [INFO]   [Creating]        [215/217]   Tests created: 3
13:14:58.573 [INFO]   [Creating]    [46/47] eu.infinitech.finflink.transformations.technicalIndicators.VortexPlus
13:14:58.574 [INFO]   [Creating]    [46/47]   Tests created: 4
13:14:58.574 [INFO]   [Creating]    
================================================================================
= Starting analysis for class 'eu.infinitech.finflink.util.TradePeriodsGenerator'
================================================================================
13:14:58.574 [INFO]   [Creating]    Filtering out non-testable methods...
13:14:58.576 [INFO]   [Creating]    Filtering of methods complete. Creating analysis request
13:14:58.576 [INFO]   [Creating]    Attempting to get service client, retry 1.
13:14:58.601 [INFO]   [Creating]        [216/217] eu.infinitech.finflink.util.TradePeriodsGenerator.<init>
13:14:58.601 [INFO]   [Creating]        [216/217]   T005: Trivial constructor
13:14:58.601 [INFO]   [Creating]        [216/217]     See https://diff.blue/T005
13:15:00.807 [INFO]   [Creating]        [217/217] eu.infinitech.finflink.util.TradePeriodsGenerator.generateTradePeriods
13:15:00.808 [INFO]   [Creating]        [217/217]   Tests created: 3
13:15:00.808 [INFO]   [Creating]    [47/47] eu.infinitech.finflink.util.TradePeriodsGenerator
13:15:00.808 [INFO]   [Creating]    [47/47]   Tests created: 3
13:15:00.816 [INFO]   [Reporting]   
13:15:00.817 [INFO]   [Reporting]   Test creation summary for module: Infinitech-FinFlink:Infinitech-FinFlink
13:15:00.817 [INFO]   [Reporting]   -------------------------------------------------------------------------
13:15:00.817 [INFO]   [Reporting]   Total:                                             217 methods
13:15:00.817 [INFO]   [Reporting]   226 tests created for:                             194 methods
13:15:00.817 [INFO]   [Reporting]   
13:15:00.817 [INFO]   [Reporting]   Tested indirectly via other methods:                 4 methods
13:15:00.817 [INFO]   [Reporting]       4 T005: Trivial constructor
13:15:00.817 [INFO]   [Reporting]   Not unit-testable:                                   1 method
13:15:00.817 [INFO]   [Reporting]       1 T006: Main method
13:15:00.817 [INFO]   [Reporting]   No tests created for:                               14 methods
13:15:00.817 [INFO]   [Reporting]       7 R002: Missing observers
13:15:00.817 [INFO]   [Reporting]       2 R013: No inputs found that don't throw a trivial exception
13:15:00.817 [INFO]   [Reporting]       1 R011: Sandboxing policy violation
13:15:00.995 [INFO]   [Validating]  
13:15:00.995 [INFO]   [Validating]  Running validation command.
13:15:00.995 [INFO]   [Validating]  Using default build rules as no custom rules found in any of [/home/jbergqvist/diffblue/terrierteam-FinFlink]
13:15:00.996 [INFO]   [Validating]  Attempting to invoke mvnw in working directory: /home/jbergqvist/diffblue/terrierteam-FinFlink
13:15:00.996 [INFO]   [Validating]  Attempting to invoke /home/jbergqvist/.sdkman/candidates/maven/current/bin/mvn in working directory: /home/jbergqvist/diffblue/terrierteam-FinFlink
13:15:00.997 [INFO]   [Validating]  Started "/home/jbergqvist/.sdkman/candidates/maven/current/bin/mvn -Dmaven.ext.class.path=/opt/cover/cover-buildsystem-maven-spy-jar-with-dependencies.jar -Dcom.diffblue.cover.skipTests=true -DskipTestOptimizer --batch-mode --projects=Infinitech-FinFlink:Infinitech-FinFlink --global-settings=/home/jbergqvist/.sdkman/candidates/maven/current/conf/settings.xml validate --also-make"
13:15:01.759 [INFO]   [Validating]  out: [INFO] Scanning for projects...
13:15:01.799 [INFO]   [Validating]  out: [INFO] 
13:15:01.799 [INFO]   [Validating]  out: [INFO] --------------< Infinitech-FinFlink:Infinitech-FinFlink >---------------
13:15:01.799 [INFO]   [Validating]  out: [INFO] Building Infinitech-FinFlink 0.6
13:15:01.799 [INFO]   [Validating]  out: [INFO]   from pom.xml
13:15:01.799 [INFO]   [Validating]  out: [INFO] --------------------------------[ jar ]---------------------------------
13:15:01.921 [INFO]   [Validating]  deserializing line [DIFFBLUE]{"__type":"com.diffblue.cover.buildsystem.model.DefaultProjectModuleMessage","project":{"__type":"DefaultProjectModule","junitReport":["/home/jbergqvist/diffblue/terrierteam-FinFlink/target/surefire-reports"],"jacocoReport":["/home/jbergqvist/diffblue/terrierteam-FinFlink/target/site/jacoco/jacoco.xml"],"jacocoDestFile":["/home/jbergqvist/diffblue/terrierteam-FinFlink/target/jacoco.exec"],"jacocoFormats":["xml"],"jacocoSkipped":false,"classpath":["/home/jbergqvist/diffblue/terrierteam-FinFlink/target/classes"],"complianceLevel":"11","productionSources":["/home/jbergqvist/diffblue/terrierteam-FinFlink/src/main/java"],"testSources":["/home/jbergqvist/diffblue/terrierteam-FinFlink/src/test/java"],"productionClasses":"/home/jbergqvist/diffblue/terrierteam-FinFlink/target/classes","testClasses":"/home/jbergqvist/diffblue/terrierteam-FinFlink/target/test-classes","sourceToBuildPathMap":null,"testSourceToBuildPathMap":null,"buildDirectory":"/home/jbergqvist/diffblue/terrierteam-FinFlink/target","plugins":[{"__type":"DefaultPlugin","groupId":"org.apache.maven.plugins","artefactId":"maven-compiler-plugin","version":"3.8.1","pluginClassName":null},{"__type":"DefaultPlugin","groupId":"org.apache.maven.plugins","artefactId":"maven-shade-plugin","version":"3.1.1","pluginClassName":null},{"__type":"DefaultPlugin","groupId":"org.apache.maven.plugins","artefactId":"maven-clean-plugin","version":"3.2.0","pluginClassName":null},{"__type":"DefaultPlugin","groupId":"org.apache.maven.plugins","artefactId":"maven-resources-plugin","version":"3.3.1","pluginClassName":null},{"__type":"DefaultPlugin","groupId":"org.apache.maven.plugins","artefactId":"maven-jar-plugin","version":"3.4.1","pluginClassName":null},{"__type":"DefaultPlugin","groupId":"org.apache.maven.plugins","artefactId":"maven-surefire-plugin","version":"3.2.5","pluginClassName":null},{"__type":"DefaultPlugin","groupId":"org.apache.maven.plugins","artefactId":"maven-install-plugin","version":"3.1.2","pluginClassName":null},{"__type":"DefaultPlugin","groupId":"org.apache.maven.plugins","artefactId":"maven-deploy-plugin","version":"3.1.2","pluginClassName":null},{"__type":"DefaultPlugin","groupId":"org.apache.maven.plugins","artefactId":"maven-site-plugin","version":"3.12.1","pluginClassName":null}],"version":"3.9.12","encoding":null,"name":"maven","subModules":[],"simpleModuleName":null,"parentModuleName":null,"location":"/home/jbergqvist/diffblue/terrierteam-FinFlink","fullModuleName":"Infinitech-FinFlink:Infinitech-FinFlink"}}
13:15:01.929 [INFO]   [Validating]  out: [INFO] ------------------------------------------------------------------------
13:15:01.929 [INFO]   [Validating]  out: [INFO] BUILD SUCCESS
13:15:01.929 [INFO]   [Validating]  out: [INFO] ------------------------------------------------------------------------
13:15:01.929 [INFO]   [Validating]  out: [INFO] Total time:  0.178 s
13:15:01.929 [INFO]   [Validating]  out: [INFO] Finished at: 2026-01-12T13:15:01Z
13:15:01.929 [INFO]   [Validating]  out: [INFO] ------------------------------------------------------------------------
13:15:01.929 [INFO]   [Validating]  deserializing line [DIFFBLUE]{"__type":"com.diffblue.cover.buildsystem.model.ProjectInfoMessage","projectName":"Infinitech-FinFlink:Infinitech-FinFlink","productionSources":["/home/jbergqvist/diffblue/terrierteam-FinFlink/src/main/java"],"testSources":["/home/jbergqvist/diffblue/terrierteam-FinFlink/src/test/java"],"location":"/home/jbergqvist/diffblue/terrierteam-FinFlink"}
13:15:01.947 [INFO]   [Validating]  maven:err process not stopped, joining thread
13:15:01.948 [INFO]   [Validating]  maven:out process not stopped, joining thread
13:15:01.949 [INFO]   [Validating]  This can take a couple of minutes.
13:15:01.949 [INFO]   [Validating]  Using default build rules as no custom rules found in any of [/home/jbergqvist/diffblue/terrierteam-FinFlink]
13:15:01.950 [INFO]   [Validating]  Attempting to invoke mvnw in working directory: /home/jbergqvist/diffblue/terrierteam-FinFlink
13:15:01.950 [INFO]   [Validating]  Attempting to invoke /home/jbergqvist/.sdkman/candidates/maven/current/bin/mvn in working directory: /home/jbergqvist/diffblue/terrierteam-FinFlink
13:15:01.951 [INFO]   [Validating]  Started "/home/jbergqvist/.sdkman/candidates/maven/current/bin/mvn -Dmaven.ext.class.path=/opt/cover/cover-buildsystem-maven-spy-jar-with-dependencies.jar -Dcom.diffblue.cover.skipTests=true -DskipTestOptimizer --batch-mode --projects=Infinitech-FinFlink:Infinitech-FinFlink --global-settings=/home/jbergqvist/.sdkman/candidates/maven/current/conf/settings.xml clean test"
13:15:02.751 [INFO]   [Validating]  out: [INFO] Scanning for projects...
13:15:02.791 [INFO]   [Validating]  out: [INFO] 
13:15:02.791 [INFO]   [Validating]  out: [INFO] --------------< Infinitech-FinFlink:Infinitech-FinFlink >---------------
13:15:02.791 [INFO]   [Validating]  out: [INFO] Building Infinitech-FinFlink 0.6
13:15:02.791 [INFO]   [Validating]  out: [INFO]   from pom.xml
13:15:02.791 [INFO]   [Validating]  out: [INFO] --------------------------------[ jar ]---------------------------------
13:15:03.157 [INFO]   [Validating]  deserializing line [DIFFBLUE]{"__type":"com.diffblue.cover.buildsystem.model.DefaultEventMessage","project":"Infinitech-FinFlink:Infinitech-FinFlink","goal":"clean","cause":null,"state":"STARTED"}
13:15:03.159 [INFO]   [Validating]  out: [INFO] 
13:15:03.159 [INFO]   [Validating]  out: [INFO] --- clean:3.2.0:clean (default-clean) @ Infinitech-FinFlink ---
13:15:03.204 [INFO]   [Validating]  out: [INFO] Deleting /home/jbergqvist/diffblue/terrierteam-FinFlink/target
13:15:03.210 [INFO]   [Validating]  deserializing line [DIFFBLUE]{"__type":"com.diffblue.cover.buildsystem.model.DefaultEventMessage","project":"Infinitech-FinFlink:Infinitech-FinFlink","goal":"clean","cause":null,"state":"SUCCESS"}
13:15:03.212 [INFO]   [Validating]  deserializing line [DIFFBLUE]{"__type":"com.diffblue.cover.buildsystem.model.DefaultEventMessage","project":"Infinitech-FinFlink:Infinitech-FinFlink","goal":"resources","cause":null,"state":"STARTED"}
13:15:03.214 [INFO]   [Validating]  out: [INFO] 
13:15:03.214 [INFO]   [Validating]  out: [INFO] --- resources:3.3.1:resources (default-resources) @ Infinitech-FinFlink ---
13:15:03.275 [INFO]   [Validating]  out: [WARNING] Using platform encoding (UTF-8 actually) to copy filtered resources, i.e. build is platform dependent!
13:15:03.275 [INFO]   [Validating]  out: [INFO] skip non existing resourceDirectory /home/jbergqvist/diffblue/terrierteam-FinFlink/resources
13:15:03.276 [INFO]   [Validating]  deserializing line [DIFFBLUE]{"__type":"com.diffblue.cover.buildsystem.model.DefaultEventMessage","project":"Infinitech-FinFlink:Infinitech-FinFlink","goal":"resources","cause":null,"state":"SUCCESS"}
13:15:03.278 [INFO]   [Validating]  deserializing line [DIFFBLUE]{"__type":"com.diffblue.cover.buildsystem.model.DefaultEventMessage","project":"Infinitech-FinFlink:Infinitech-FinFlink","goal":"compile","cause":null,"state":"STARTED"}
13:15:03.279 [INFO]   [Validating]  out: [INFO] 
13:15:03.280 [INFO]   [Validating]  out: [INFO] --- compiler:3.8.1:compile (default-compile) @ Infinitech-FinFlink ---
13:15:03.442 [INFO]   [Validating]  out: [INFO] Changes detected - recompiling the module!
13:15:03.444 [INFO]   [Validating]  out: [WARNING] File encoding has not been set, using platform encoding UTF-8, i.e. build is platform dependent!
13:15:03.446 [INFO]   [Validating]  out: [INFO] Compiling 48 source files to /home/jbergqvist/diffblue/terrierteam-FinFlink/target/classes
13:15:04.293 [INFO]   [Validating]  deserializing line [DIFFBLUE]{"__type":"com.diffblue.cover.buildsystem.model.DefaultEventMessage","project":"Infinitech-FinFlink:Infinitech-FinFlink","goal":"compile","cause":null,"state":"SUCCESS"}
13:15:04.294 [INFO]   [Validating]  deserializing line [DIFFBLUE]{"__type":"com.diffblue.cover.buildsystem.model.DefaultEventMessage","project":"Infinitech-FinFlink:Infinitech-FinFlink","goal":"testResources","cause":null,"state":"STARTED"}
13:15:04.296 [INFO]   [Validating]  out: [INFO] 
13:15:04.296 [INFO]   [Validating]  out: [INFO] --- resources:3.3.1:testResources (default-testResources) @ Infinitech-FinFlink ---
13:15:04.297 [INFO]   [Validating]  out: [WARNING] Using platform encoding (UTF-8 actually) to copy filtered resources, i.e. build is platform dependent!
13:15:04.298 [INFO]   [Validating]  out: [INFO] skip non existing resourceDirectory /home/jbergqvist/diffblue/terrierteam-FinFlink/src/test/resources
13:15:04.299 [INFO]   [Validating]  deserializing line [DIFFBLUE]{"__type":"com.diffblue.cover.buildsystem.model.DefaultEventMessage","project":"Infinitech-FinFlink:Infinitech-FinFlink","goal":"testResources","cause":null,"state":"SUCCESS"}
13:15:04.300 [INFO]   [Validating]  deserializing line [DIFFBLUE]{"__type":"com.diffblue.cover.buildsystem.model.DefaultEventMessage","project":"Infinitech-FinFlink:Infinitech-FinFlink","goal":"testCompile","cause":null,"state":"STARTED"}
13:15:04.301 [INFO]   [Validating]  out: [INFO] 
13:15:04.302 [INFO]   [Validating]  out: [INFO] --- compiler:3.8.1:testCompile (default-testCompile) @ Infinitech-FinFlink ---
13:15:04.305 [INFO]   [Validating]  out: [INFO] Changes detected - recompiling the module!
13:15:04.305 [INFO]   [Validating]  out: [WARNING] File encoding has not been set, using platform encoding UTF-8, i.e. build is platform dependent!
13:15:04.305 [INFO]   [Validating]  out: [INFO] Compiling 41 source files to /home/jbergqvist/diffblue/terrierteam-FinFlink/target/test-classes
13:15:04.798 [INFO]   [Validating]  out: [INFO] /home/jbergqvist/diffblue/terrierteam-FinFlink/src/test/java/eu/infinitech/finflink/transformations/technicalIndicators/TechnicalIndicatorDiffblueTest.java: /home/jbergqvist/diffblue/terrierteam-FinFlink/src/test/java/eu/infinitech/finflink/transformations/technicalIndicators/TechnicalIndicatorDiffblueTest.java uses unchecked or unsafe operations.
13:15:04.798 [INFO]   [Validating]  out: [INFO] /home/jbergqvist/diffblue/terrierteam-FinFlink/src/test/java/eu/infinitech/finflink/transformations/technicalIndicators/TechnicalIndicatorDiffblueTest.java: Recompile with -Xlint:unchecked for details.
13:15:04.799 [INFO]   [Validating]  deserializing line [DIFFBLUE]{"__type":"com.diffblue.cover.buildsystem.model.DefaultEventMessage","project":"Infinitech-FinFlink:Infinitech-FinFlink","goal":"testCompile","cause":null,"state":"SUCCESS"}
13:15:04.801 [INFO]   [Validating]  deserializing line [DIFFBLUE]{"__type":"com.diffblue.cover.buildsystem.model.DefaultEventMessage","project":"Infinitech-FinFlink:Infinitech-FinFlink","goal":"test","cause":null,"state":"STARTED"}
13:15:04.802 [INFO]   [Validating]  out: [INFO] 
13:15:04.803 [INFO]   [Validating]  out: [INFO] --- surefire:3.2.5:test (default-test) @ Infinitech-FinFlink ---
13:15:04.929 [INFO]   [Validating]  out: [INFO] Using auto detected provider org.apache.maven.surefire.junitplatform.JUnitPlatformProvider
13:15:04.955 [INFO]   [Validating]  out: [INFO] 
13:15:04.955 [INFO]   [Validating]  out: [INFO] -------------------------------------------------------
13:15:04.955 [INFO]   [Validating]  out: [INFO]  T E S T S
13:15:04.955 [INFO]   [Validating]  out: [INFO] -------------------------------------------------------
13:15:05.523 [INFO]   [Validating]  out: [INFO] Running eu.infinitech.finflink.structures.TechnicalIndicatorsDiffblueTest
13:15:05.564 [INFO]   [Validating]  out: [INFO] Tests run: 5, Failures: 0, Errors: 0, Skipped: 0, Time elapsed: 0.032 s -- in eu.infinitech.finflink.structures.TechnicalIndicatorsDiffblueTest
13:15:05.564 [INFO]   [Validating]  out: [INFO] Running eu.infinitech.finflink.structures.TradePeriodDiffblueTest
13:15:05.573 [INFO]   [Validating]  out: [INFO] Tests run: 16, Failures: 0, Errors: 0, Skipped: 0, Time elapsed: 0.017 s -- in eu.infinitech.finflink.structures.TradePeriodDiffblueTest
13:15:05.574 [INFO]   [Validating]  out: [INFO] Running eu.infinitech.finflink.structures.TradeDiffblueTest
13:15:05.576 [INFO]   [Validating]  out: [INFO] Tests run: 4, Failures: 0, Errors: 0, Skipped: 0, Time elapsed: 0.002 s -- in eu.infinitech.finflink.structures.TradeDiffblueTest
13:15:05.577 [INFO]   [Validating]  out: [INFO] Running eu.infinitech.finflink.structures.PricePointDiffblueTest
13:15:05.582 [INFO]   [Validating]  out: [INFO] Tests run: 6, Failures: 0, Errors: 0, Skipped: 0, Time elapsed: 0.005 s -- in eu.infinitech.finflink.structures.PricePointDiffblueTest
13:15:05.582 [INFO]   [Validating]  out: [INFO] Running eu.infinitech.finflink.structures.IndicatorRequirementsDiffblueTest
13:15:05.588 [INFO]   [Validating]  out: [INFO] Tests run: 6, Failures: 0, Errors: 0, Skipped: 0, Time elapsed: 0.005 s -- in eu.infinitech.finflink.structures.IndicatorRequirementsDiffblueTest
13:15:05.588 [INFO]   [Validating]  out: [INFO] Running eu.infinitech.finflink.structures.TradingDataAccumulatorDiffblueTest
13:15:05.590 [INFO]   [Validating]  out: [INFO] Tests run: 2, Failures: 0, Errors: 0, Skipped: 0, Time elapsed: 0.001 s -- in eu.infinitech.finflink.structures.TradingDataAccumulatorDiffblueTest
13:15:05.590 [INFO]   [Validating]  out: [INFO] Running eu.infinitech.finflink.structures.StreamCharacteristicsDiffblueTest
13:15:05.596 [INFO]   [Validating]  out: [INFO] Tests run: 6, Failures: 0, Errors: 0, Skipped: 0, Time elapsed: 0.006 s -- in eu.infinitech.finflink.structures.StreamCharacteristicsDiffblueTest
13:15:05.596 [INFO]   [Validating]  out: [INFO] Running eu.infinitech.finflink.structures.InputStreamTypeDiffblueTest
13:15:05.598 [INFO]   [Validating]  out: [INFO] Tests run: 4, Failures: 0, Errors: 0, Skipped: 0, Time elapsed: 0.002 s -- in eu.infinitech.finflink.structures.InputStreamTypeDiffblueTest
13:15:05.599 [INFO]   [Validating]  out: [INFO] Running eu.infinitech.finflink.structures.TechnicalIndicatorDiffblueTest
13:15:05.600 [INFO]   [Validating]  out: [INFO] Tests run: 2, Failures: 0, Errors: 0, Skipped: 0, Time elapsed: 0.001 s -- in eu.infinitech.finflink.structures.TechnicalIndicatorDiffblueTest
13:15:05.600 [INFO]   [Validating]  out: [INFO] Running eu.infinitech.finflink.time.TradingDataTimeAssignerDiffblueTest
13:15:06.214 [INFO]   [Validating]  out: [INFO] Tests run: 2, Failures: 0, Errors: 0, Skipped: 0, Time elapsed: 0.611 s -- in eu.infinitech.finflink.time.TradingDataTimeAssignerDiffblueTest
13:15:06.214 [INFO]   [Validating]  out: [INFO] Running eu.infinitech.finflink.keys.KeyByAssetIDDiffblueTest
13:15:06.218 [INFO]   [Validating]  out: [INFO] Tests run: 1, Failures: 0, Errors: 0, Skipped: 0, Time elapsed: 0.003 s -- in eu.infinitech.finflink.keys.KeyByAssetIDDiffblueTest
13:15:06.219 [INFO]   [Validating]  out: [INFO] Running eu.infinitech.finflink.transformations.data.InputParserDiffblueTest
13:15:06.224 [INFO]   [Validating]  out: [INFO] Tests run: 2, Failures: 0, Errors: 0, Skipped: 0, Time elapsed: 0.004 s -- in eu.infinitech.finflink.transformations.data.InputParserDiffblueTest
13:15:06.224 [INFO]   [Validating]  out: [INFO] Running eu.infinitech.finflink.transformations.data.ToPricePointDiffblueTest
13:15:06.230 [INFO]   [Validating]  out: [INFO] Tests run: 4, Failures: 0, Errors: 0, Skipped: 0, Time elapsed: 0.005 s -- in eu.infinitech.finflink.transformations.data.ToPricePointDiffblueTest
13:15:06.230 [INFO]   [Validating]  out: [INFO] Running eu.infinitech.finflink.transformations.technicalIndicators.TrueRangeDiffblueTest
13:15:06.238 [INFO]   [Validating]  out: [INFO] Tests run: 6, Failures: 0, Errors: 0, Skipped: 0, Time elapsed: 0.007 s -- in eu.infinitech.finflink.transformations.technicalIndicators.TrueRangeDiffblueTest
13:15:06.239 [INFO]   [Validating]  out: [INFO] Running eu.infinitech.finflink.transformations.technicalIndicators.HighPriceDirectionalMomentumDiffblueTest
13:15:06.243 [INFO]   [Validating]  out: [INFO] Tests run: 4, Failures: 0, Errors: 0, Skipped: 0, Time elapsed: 0.004 s -- in eu.infinitech.finflink.transformations.technicalIndicators.HighPriceDirectionalMomentumDiffblueTest
13:15:06.243 [INFO]   [Validating]  out: [INFO] Running eu.infinitech.finflink.transformations.technicalIndicators.MoneyFlowIndexDiffblueTest
13:15:06.254 [INFO]   [Validating]  out: [INFO] Tests run: 6, Failures: 0, Errors: 0, Skipped: 0, Time elapsed: 0.011 s -- in eu.infinitech.finflink.transformations.technicalIndicators.MoneyFlowIndexDiffblueTest
13:15:06.254 [INFO]   [Validating]  out: [INFO] Running eu.infinitech.finflink.transformations.technicalIndicators.AverageTrueRangeDiffblueTest
13:15:06.257 [INFO]   [Validating]  out: [INFO] Tests run: 4, Failures: 0, Errors: 0, Skipped: 0, Time elapsed: 0.003 s -- in eu.infinitech.finflink.transformations.technicalIndicators.AverageTrueRangeDiffblueTest
13:15:06.257 [INFO]   [Validating]  out: [INFO] Running eu.infinitech.finflink.transformations.technicalIndicators.TechnicalIndicatorGeneratorDiffblueTest
13:15:06.262 [INFO]   [Validating]  out: [INFO] Tests run: 6, Failures: 0, Errors: 0, Skipped: 0, Time elapsed: 0.004 s -- in eu.infinitech.finflink.transformations.technicalIndicators.TechnicalIndicatorGeneratorDiffblueTest
13:15:06.262 [INFO]   [Validating]  out: [INFO] Running eu.infinitech.finflink.transformations.technicalIndicators.ReturnsDiffblueTest
13:15:06.266 [INFO]   [Validating]  out: [INFO] Tests run: 5, Failures: 0, Errors: 0, Skipped: 0, Time elapsed: 0.004 s -- in eu.infinitech.finflink.transformations.technicalIndicators.ReturnsDiffblueTest
13:15:06.266 [INFO]   [Validating]  out: [INFO] Running eu.infinitech.finflink.transformations.technicalIndicators.VolatilityDiffblueTest
13:15:06.277 [INFO]   [Validating]  out: [INFO] Tests run: 7, Failures: 0, Errors: 0, Skipped: 0, Time elapsed: 0.011 s -- in eu.infinitech.finflink.transformations.technicalIndicators.VolatilityDiffblueTest
13:15:06.277 [INFO]   [Validating]  out: [INFO] Running eu.infinitech.finflink.transformations.technicalIndicators.UtilsDiffblueTest
13:15:06.297 [INFO]   [Validating]  out: [INFO] Tests run: 28, Failures: 0, Errors: 0, Skipped: 0, Time elapsed: 0.018 s -- in eu.infinitech.finflink.transformations.technicalIndicators.UtilsDiffblueTest
13:15:06.298 [INFO]   [Validating]  out: [INFO] Running eu.infinitech.finflink.transformations.technicalIndicators.LowPriceDirectionalIndexDiffblueTest
13:15:06.300 [INFO]   [Validating]  out: [INFO] Tests run: 4, Failures: 0, Errors: 0, Skipped: 0, Time elapsed: 0.003 s -- in eu.infinitech.finflink.transformations.technicalIndicators.LowPriceDirectionalIndexDiffblueTest
13:15:06.300 [INFO]   [Validating]  out: [INFO] Running eu.infinitech.finflink.transformations.technicalIndicators.RelativeStrengthIndexDiffblueTest
13:15:06.305 [INFO]   [Validating]  out: [INFO] Tests run: 5, Failures: 0, Errors: 0, Skipped: 0, Time elapsed: 0.004 s -- in eu.infinitech.finflink.transformations.technicalIndicators.RelativeStrengthIndexDiffblueTest
13:15:06.305 [INFO]   [Validating]  out: [INFO] Running eu.infinitech.finflink.transformations.technicalIndicators.MomentumDiffblueTest
13:15:06.310 [INFO]   [Validating]  out: [INFO] Tests run: 6, Failures: 0, Errors: 0, Skipped: 0, Time elapsed: 0.004 s -- in eu.infinitech.finflink.transformations.technicalIndicators.MomentumDiffblueTest
13:15:06.310 [INFO]   [Validating]  out: [INFO] Running eu.infinitech.finflink.transformations.technicalIndicators.OnBalanceVolumeIndicatorDiffblueTest
13:15:06.316 [INFO]   [Validating]  out: [INFO] Tests run: 6, Failures: 0, Errors: 0, Skipped: 0, Time elapsed: 0.005 s -- in eu.infinitech.finflink.transformations.technicalIndicators.OnBalanceVolumeIndicatorDiffblueTest
13:15:06.316 [INFO]   [Validating]  out: [INFO] Running eu.infinitech.finflink.transformations.technicalIndicators.VortexMinusDiffblueTest
13:15:06.319 [INFO]   [Validating]  out: [INFO] Tests run: 4, Failures: 0, Errors: 0, Skipped: 0, Time elapsed: 0.003 s -- in eu.infinitech.finflink.transformations.technicalIndicators.VortexMinusDiffblueTest
13:15:06.319 [INFO]   [Validating]  out: [INFO] Running eu.infinitech.finflink.transformations.technicalIndicators.ForceIndexDiffblueTest
13:15:06.321 [INFO]   [Validating]  out: [INFO] Tests run: 4, Failures: 0, Errors: 0, Skipped: 0, Time elapsed: 0.002 s -- in eu.infinitech.finflink.transformations.technicalIndicators.ForceIndexDiffblueTest
13:15:06.321 [INFO]   [Validating]  out: [INFO] Running eu.infinitech.finflink.transformations.technicalIndicators.VortexPlusDiffblueTest
13:15:06.332 [INFO]   [Validating]  out: [INFO] Tests run: 4, Failures: 0, Errors: 0, Skipped: 0, Time elapsed: 0.003 s -- in eu.infinitech.finflink.transformations.technicalIndicators.VortexPlusDiffblueTest
13:15:06.332 [INFO]   [Validating]  out: [INFO] Running eu.infinitech.finflink.transformations.technicalIndicators.LogReturnsDiffblueTest
13:15:06.333 [INFO]   [Validating]  out: [INFO] Tests run: 6, Failures: 0, Errors: 0, Skipped: 0, Time elapsed: 0.003 s -- in eu.infinitech.finflink.transformations.technicalIndicators.LogReturnsDiffblueTest
13:15:06.334 [INFO]   [Validating]  out: [INFO] Running eu.infinitech.finflink.transformations.technicalIndicators.HighPriceDirectionalIndexDiffblueTest
13:15:06.335 [INFO]   [Validating]  out: [INFO] Tests run: 4, Failures: 0, Errors: 0, Skipped: 0, Time elapsed: 0.002 s -- in eu.infinitech.finflink.transformations.technicalIndicators.HighPriceDirectionalIndexDiffblueTest
13:15:06.335 [INFO]   [Validating]  out: [INFO] Running eu.infinitech.finflink.transformations.technicalIndicators.TechnicalIndicatorPipelineDiffblueTest
13:15:06.349 [INFO]   [Validating]  out: [INFO] Tests run: 9, Failures: 0, Errors: 0, Skipped: 0, Time elapsed: 0.016 s -- in eu.infinitech.finflink.transformations.technicalIndicators.TechnicalIndicatorPipelineDiffblueTest
13:15:06.349 [INFO]   [Validating]  out: [INFO] Running eu.infinitech.finflink.transformations.technicalIndicators.LowPriceDirectionalMomentumDiffblueTest
13:15:06.350 [INFO]   [Validating]  out: [INFO] Tests run: 4, Failures: 0, Errors: 0, Skipped: 0, Time elapsed: 0.002 s -- in eu.infinitech.finflink.transformations.technicalIndicators.LowPriceDirectionalMomentumDiffblueTest
13:15:06.351 [INFO]   [Validating]  out: [INFO] Running eu.infinitech.finflink.transformations.technicalIndicators.DirectionalIndexDiffblueTest
13:15:06.354 [INFO]   [Validating]  out: [INFO] Tests run: 9, Failures: 0, Errors: 0, Skipped: 0, Time elapsed: 0.004 s -- in eu.infinitech.finflink.transformations.technicalIndicators.DirectionalIndexDiffblueTest
13:15:06.354 [INFO]   [Validating]  out: [INFO] Running eu.infinitech.finflink.transformations.technicalIndicators.AccumulationDistributionIndexDiffblueTest
13:15:06.357 [INFO]   [Validating]  out: [INFO] Tests run: 5, Failures: 0, Errors: 0, Skipped: 0, Time elapsed: 0.004 s -- in eu.infinitech.finflink.transformations.technicalIndicators.AccumulationDistributionIndexDiffblueTest
13:15:06.357 [INFO]   [Validating]  out: [INFO] Running eu.infinitech.finflink.transformations.technicalIndicators.AverageDirectionalIndexDiffblueTest
13:15:06.359 [INFO]   [Validating]  out: [INFO] Tests run: 5, Failures: 0, Errors: 0, Skipped: 0, Time elapsed: 0.002 s -- in eu.infinitech.finflink.transformations.technicalIndicators.AverageDirectionalIndexDiffblueTest
13:15:06.359 [INFO]   [Validating]  out: [INFO] Running eu.infinitech.finflink.transformations.technicalIndicators.MovingAverageConvergenceDivergenceDiffblueTest
13:15:06.364 [INFO]   [Validating]  out: [INFO] Tests run: 5, Failures: 0, Errors: 0, Skipped: 0, Time elapsed: 0.003 s -- in eu.infinitech.finflink.transformations.technicalIndicators.MovingAverageConvergenceDivergenceDiffblueTest
13:15:06.364 [INFO]   [Validating]  out: [INFO] Running eu.infinitech.finflink.transformations.technicalIndicators.CommodityChannelIndexDiffblueTest
13:15:06.368 [INFO]   [Validating]  out: [INFO] Tests run: 5, Failures: 0, Errors: 0, Skipped: 0, Time elapsed: 0.004 s -- in eu.infinitech.finflink.transformations.technicalIndicators.CommodityChannelIndexDiffblueTest
13:15:06.368 [INFO]   [Validating]  out: [INFO] Running eu.infinitech.finflink.transformations.technicalIndicators.PeriodEndDiffblueTest
13:15:06.371 [INFO]   [Validating]  out: [INFO] Tests run: 3, Failures: 0, Errors: 0, Skipped: 0, Time elapsed: 0.002 s -- in eu.infinitech.finflink.transformations.technicalIndicators.PeriodEndDiffblueTest
13:15:06.371 [INFO]   [Validating]  out: [INFO] Running eu.infinitech.finflink.transformations.technicalIndicators.DetrendedCloseOscillatorDiffblueTest
13:15:06.374 [INFO]   [Validating]  out: [INFO] Tests run: 5, Failures: 0, Errors: 0, Skipped: 0, Time elapsed: 0.003 s -- in eu.infinitech.finflink.transformations.technicalIndicators.DetrendedCloseOscillatorDiffblueTest
13:15:06.374 [INFO]   [Validating]  out: [INFO] Running eu.infinitech.finflink.transformations.technicalIndicators.TechnicalIndicatorDiffblueTest
13:15:06.428 [INFO]   [Validating]  out: [INFO] Tests run: 4, Failures: 0, Errors: 0, Skipped: 0, Time elapsed: 0.054 s -- in eu.infinitech.finflink.transformations.technicalIndicators.TechnicalIndicatorDiffblueTest
13:15:06.428 [INFO]   [Validating]  out: [INFO] Running eu.infinitech.finflink.util.TradePeriodsGeneratorDiffblueTest
13:15:06.429 [INFO]   [Validating]  out: [INFO] Tests run: 3, Failures: 0, Errors: 0, Skipped: 0, Time elapsed: 0.002 s -- in eu.infinitech.finflink.util.TradePeriodsGeneratorDiffblueTest
13:15:06.458 [INFO]   [Validating]  out: [INFO] 
13:15:06.459 [INFO]   [Validating]  out: [INFO] Results:
13:15:06.459 [INFO]   [Validating]  out: [INFO] 
13:15:06.459 [INFO]   [Validating]  out: [INFO] Tests run: 226, Failures: 0, Errors: 0, Skipped: 0
13:15:06.459 [INFO]   [Validating]  out: [INFO] 
13:15:06.462 [INFO]   [Validating]  deserializing line [DIFFBLUE]{"__type":"com.diffblue.cover.buildsystem.model.DefaultEventMessage","project":"Infinitech-FinFlink:Infinitech-FinFlink","goal":"test","cause":null,"state":"SUCCESS"}
13:15:06.485 [INFO]   [Validating]  deserializing line [DIFFBLUE]{"__type":"com.diffblue.cover.buildsystem.model.DefaultProjectModuleMessage","project":{"__type":"DefaultProjectModule","junitReport":["/home/jbergqvist/diffblue/terrierteam-FinFlink/target/surefire-reports"],"jacocoReport":["/home/jbergqvist/diffblue/terrierteam-FinFlink/target/site/jacoco/jacoco.xml"],"jacocoDestFile":["/home/jbergqvist/diffblue/terrierteam-FinFlink/target/jacoco.exec"],"jacocoFormats":["xml"],"jacocoSkipped":false,"classpath":["/home/jbergqvist/diffblue/terrierteam-FinFlink/target/classes","/home/jbergqvist/.m2/repository/org/apache/flink/flink-streaming-java_2.12/1.14.4/flink-streaming-java_2.12-1.14.4.jar","/home/jbergqvist/.m2/repository/org/apache/flink/flink-core/1.14.4/flink-core-1.14.4.jar","/home/jbergqvist/.m2/repository/org/apache/flink/flink-annotations/1.14.4/flink-annotations-1.14.4.jar","/home/jbergqvist/.m2/repository/org/apache/flink/flink-metrics-core/1.14.4/flink-metrics-core-1.14.4.jar","/home/jbergqvist/.m2/repository/org/apache/flink/flink-shaded-asm-7/7.1-14.0/flink-shaded-asm-7-7.1-14.0.jar","/home/jbergqvist/.m2/repository/org/apache/commons/commons-lang3/3.3.2/commons-lang3-3.3.2.jar","/home/jbergqvist/.m2/repository/com/esotericsoftware/kryo/kryo/2.24.0/kryo-2.24.0.jar","/home/jbergqvist/.m2/repository/com/esotericsoftware/minlog/minlog/1.2/minlog-1.2.jar","/home/jbergqvist/.m2/repository/commons-collections/commons-collections/3.2.2/commons-collections-3.2.2.jar","/home/jbergqvist/.m2/repository/org/apache/commons/commons-compress/1.21/commons-compress-1.21.jar","/home/jbergqvist/.m2/repository/org/apache/flink/flink-file-sink-common/1.14.4/flink-file-sink-common-1.14.4.jar","/home/jbergqvist/.m2/repository/org/apache/flink/flink-runtime/1.14.4/flink-runtime-1.14.4.jar","/home/jbergqvist/.m2/repository/org/apache/flink/flink-rpc-core/1.14.4/flink-rpc-core-1.14.4.jar","/home/jbergqvist/.m2/repository/org/apache/flink/flink-rpc-akka-loader/1.14.4/flink-rpc-akka-loader-1.14.4.jar","/home/jbergqvist/.m2/repository/org/apache/flink/flink-queryable-state-client-java/1.14.4/flink-queryable-state-client-java-1.14.4.jar","/home/jbergqvist/.m2/repository/org/apache/flink/flink-hadoop-fs/1.14.4/flink-hadoop-fs-1.14.4.jar","/home/jbergqvist/.m2/repository/commons-io/commons-io/2.8.0/commons-io-2.8.0.jar","/home/jbergqvist/.m2/repository/org/apache/flink/flink-shaded-netty/4.1.65.Final-14.0/flink-shaded-netty-4.1.65.Final-14.0.jar","/home/jbergqvist/.m2/repository/org/apache/flink/flink-shaded-jackson/2.12.4-14.0/flink-shaded-jackson-2.12.4-14.0.jar","/home/jbergqvist/.m2/repository/org/apache/flink/flink-shaded-zookeeper-3/3.4.14-14.0/flink-shaded-zookeeper-3-3.4.14-14.0.jar","/home/jbergqvist/.m2/repository/org/javassist/javassist/3.24.0-GA/javassist-3.24.0-GA.jar","/home/jbergqvist/.m2/repository/org/xerial/snappy/snappy-java/1.1.8.3/snappy-java-1.1.8.3.jar","/home/jbergqvist/.m2/repository/org/lz4/lz4-java/1.8.0/lz4-java-1.8.0.jar","/home/jbergqvist/.m2/repository/org/apache/flink/flink-scala_2.12/1.14.4/flink-scala_2.12-1.14.4.jar","/home/jbergqvist/.m2/repository/org/scala-lang/scala-reflect/2.12.7/scala-reflect-2.12.7.jar","/home/jbergqvist/.m2/repository/org/scala-lang/scala-library/2.12.7/scala-library-2.12.7.jar","/home/jbergqvist/.m2/repository/org/scala-lang/scala-compiler/2.12.7/scala-compiler-2.12.7.jar","/home/jbergqvist/.m2/repository/org/scala-lang/modules/scala-xml_2.12/1.0.6/scala-xml_2.12-1.0.6.jar","/home/jbergqvist/.m2/repository/com/twitter/chill_2.12/0.7.6/chill_2.12-0.7.6.jar","/home/jbergqvist/.m2/repository/com/twitter/chill-java/0.7.6/chill-java-0.7.6.jar","/home/jbergqvist/.m2/repository/org/apache/flink/flink-java/1.14.4/flink-java-1.14.4.jar","/home/jbergqvist/.m2/repository/org/apache/flink/flink-shaded-guava/30.1.1-jre-14.0/flink-shaded-guava-30.1.1-jre-14.0.jar","/home/jbergqvist/.m2/repository/org/apache/commons/commons-math3/3.5/commons-math3-3.5.jar","/home/jbergqvist/.m2/repository/org/slf4j/slf4j-api/1.7.15/slf4j-api-1.7.15.jar","/home/jbergqvist/.m2/repository/com/google/code/findbugs/jsr305/1.3.9/jsr305-1.3.9.jar","/home/jbergqvist/.m2/repository/org/apache/flink/flink-shaded-force-shading/14.0/flink-shaded-force-shading-14.0.jar","/home/jbergqvist/.m2/repository/org/junit/jupiter/junit-jupiter-engine/5.13.4/junit-jupiter-engine-5.13.4.jar","/home/jbergqvist/.m2/repository/org/junit/platform/junit-platform-engine/1.13.4/junit-platform-engine-1.13.4.jar","/home/jbergqvist/.m2/repository/org/opentest4j/opentest4j/1.3.0/opentest4j-1.3.0.jar","/home/jbergqvist/.m2/repository/org/junit/platform/junit-platform-commons/1.13.4/junit-platform-commons-1.13.4.jar","/home/jbergqvist/.m2/repository/org/junit/jupiter/junit-jupiter-api/5.13.4/junit-jupiter-api-5.13.4.jar","/home/jbergqvist/.m2/repository/org/apiguardian/apiguardian-api/1.1.2/apiguardian-api-1.1.2.jar","/home/jbergqvist/.m2/repository/org/mockito/mockito-core/5.20.0/mockito-core-5.20.0.jar","/home/jbergqvist/.m2/repository/net/bytebuddy/byte-buddy/1.17.7/byte-buddy-1.17.7.jar","/home/jbergqvist/.m2/repository/net/bytebuddy/byte-buddy-agent/1.17.7/byte-buddy-agent-1.17.7.jar","/home/jbergqvist/.m2/repository/org/objenesis/objenesis/3.3/objenesis-3.3.jar","/home/jbergqvist/.m2/repository/org/mockito/mockito-junit-jupiter/5.20.0/mockito-junit-jupiter-5.20.0.jar","/home/jbergqvist/.m2/repository/org/apache/flink/flink-clients_2.12/1.14.4/flink-clients_2.12-1.14.4.jar","/home/jbergqvist/.m2/repository/org/apache/flink/flink-optimizer/1.14.4/flink-optimizer-1.14.4.jar","/home/jbergqvist/.m2/repository/commons-cli/commons-cli/1.3.1/commons-cli-1.3.1.jar","/home/jbergqvist/.m2/repository/org/apache/flink/flink-connector-kafka_2.11/1.14.4/flink-connector-kafka_2.11-1.14.4.jar","/home/jbergqvist/.m2/repository/org/apache/flink/flink-connector-base/1.14.4/flink-connector-base-1.14.4.jar","/home/jbergqvist/.m2/repository/org/apache/kafka/kafka-clients/2.4.1/kafka-clients-2.4.1.jar","/home/jbergqvist/.m2/repository/com/github/luben/zstd-jni/1.4.3-1/zstd-jni-1.4.3-1.jar","/home/jbergqvist/.m2/repository/com/google/guava/guava/31.1-jre/guava-31.1-jre.jar","/home/jbergqvist/.m2/repository/com/google/guava/failureaccess/1.0.1/failureaccess-1.0.1.jar","/home/jbergqvist/.m2/repository/com/google/guava/listenablefuture/9999.0-empty-to-avoid-conflict-with-guava/listenablefuture-9999.0-empty-to-avoid-conflict-with-guava.jar","/home/jbergqvist/.m2/repository/org/checkerframework/checker-qual/3.12.0/checker-qual-3.12.0.jar","/home/jbergqvist/.m2/repository/com/google/errorprone/error_prone_annotations/2.11.0/error_prone_annotations-2.11.0.jar","/home/jbergqvist/.m2/repository/com/google/j2objc/j2objc-annotations/1.3/j2objc-annotations-1.3.jar","/home/jbergqvist/.m2/repository/org/questdb/questdb/6.4.3/questdb-6.4.3.jar","/home/jbergqvist/.m2/repository/com/diffblue/cover/cover-annotations/1.8.0/cover-annotations-1.8.0.jar"],"complianceLevel":"11","productionSources":["/home/jbergqvist/diffblue/terrierteam-FinFlink/src/main/java"],"testSources":["/home/jbergqvist/diffblue/terrierteam-FinFlink/src/test/java"],"productionClasses":"/home/jbergqvist/diffblue/terrierteam-FinFlink/target/classes","testClasses":"/home/jbergqvist/diffblue/terrierteam-FinFlink/target/test-classes","sourceToBuildPathMap":null,"testSourceToBuildPathMap":null,"buildDirectory":"/home/jbergqvist/diffblue/terrierteam-FinFlink/target","plugins":[{"__type":"DefaultPlugin","groupId":"org.apache.maven.plugins","artefactId":"maven-compiler-plugin","version":"3.8.1","pluginClassName":null},{"__type":"DefaultPlugin","groupId":"org.apache.maven.plugins","artefactId":"maven-shade-plugin","version":"3.1.1","pluginClassName":null},{"__type":"DefaultPlugin","groupId":"org.apache.maven.plugins","artefactId":"maven-clean-plugin","version":"3.2.0","pluginClassName":null},{"__type":"DefaultPlugin","groupId":"org.apache.maven.plugins","artefactId":"maven-resources-plugin","version":"3.3.1","pluginClassName":null},{"__type":"DefaultPlugin","groupId":"org.apache.maven.plugins","artefactId":"maven-jar-plugin","version":"3.4.1","pluginClassName":null},{"__type":"DefaultPlugin","groupId":"org.apache.maven.plugins","artefactId":"maven-surefire-plugin","version":"3.2.5","pluginClassName":null},{"__type":"DefaultPlugin","groupId":"org.apache.maven.plugins","artefactId":"maven-install-plugin","version":"3.1.2","pluginClassName":null},{"__type":"DefaultPlugin","groupId":"org.apache.maven.plugins","artefactId":"maven-deploy-plugin","version":"3.1.2","pluginClassName":null},{"__type":"DefaultPlugin","groupId":"org.apache.maven.plugins","artefactId":"maven-site-plugin","version":"3.12.1","pluginClassName":null}],"version":"3.9.12","encoding":null,"name":"maven","subModules":[],"simpleModuleName":null,"parentModuleName":null,"location":"/home/jbergqvist/diffblue/terrierteam-FinFlink","fullModuleName":"Infinitech-FinFlink:Infinitech-FinFlink"}}
13:15:06.488 [INFO]   [Validating]  out: [INFO] ------------------------------------------------------------------------
13:15:06.488 [INFO]   [Validating]  out: [INFO] BUILD SUCCESS
13:15:06.488 [INFO]   [Validating]  out: [INFO] ------------------------------------------------------------------------
13:15:06.488 [INFO]   [Validating]  out: [INFO] Total time:  3.749 s
13:15:06.488 [INFO]   [Validating]  out: [INFO] Finished at: 2026-01-12T13:15:06Z
13:15:06.488 [INFO]   [Validating]  out: [INFO] ------------------------------------------------------------------------
13:15:06.489 [INFO]   [Validating]  deserializing line [DIFFBLUE]{"__type":"com.diffblue.cover.buildsystem.model.ProjectInfoMessage","projectName":"Infinitech-FinFlink:Infinitech-FinFlink","productionSources":["/home/jbergqvist/diffblue/terrierteam-FinFlink/src/main/java","/home/jbergqvist/diffblue/terrierteam-FinFlink/target/generated-sources/annotations"],"testSources":["/home/jbergqvist/diffblue/terrierteam-FinFlink/src/test/java","/home/jbergqvist/diffblue/terrierteam-FinFlink/target/generated-test-sources/test-annotations"],"location":"/home/jbergqvist/diffblue/terrierteam-FinFlink"}
13:15:06.529 [INFO]   [Validating]  maven:err process not stopped, joining thread
13:15:06.529 [INFO]   [Validating]  maven:out process not stopped, joining thread
13:15:06.704 [INFO]   [Validating]  All 226 created tests were successfully validated.
13:15:06.720 [INFO]   [Validating]  Refactorings have been generated - run `dcover refactor` to apply them
13:15:06.722 [INFO]   [Measuring]   Calculating coverage from Diffblue tests.
13:15:06.724 [INFO]   [Measuring]   Using default build rules as no custom rules found in any of [/home/jbergqvist/diffblue/terrierteam-FinFlink]
13:15:06.725 [INFO]   [Measuring]   Using default build rules as no custom rules found in any of [/home/jbergqvist/diffblue/terrierteam-FinFlink]
13:15:06.725 [INFO]   [Measuring]   Attempting to invoke mvnw in working directory: /home/jbergqvist/diffblue/terrierteam-FinFlink
13:15:06.726 [INFO]   [Measuring]   Attempting to invoke /home/jbergqvist/.sdkman/candidates/maven/current/bin/mvn in working directory: /home/jbergqvist/diffblue/terrierteam-FinFlink
13:15:06.726 [INFO]   [Measuring]   Started "/home/jbergqvist/.sdkman/candidates/maven/current/bin/mvn -Dmaven.ext.class.path=/opt/cover/cover-buildsystem-maven-spy-jar-with-dependencies.jar -Dcom.diffblue.cover.skipTests=true -DskipTestOptimizer --batch-mode --projects=Infinitech-FinFlink:Infinitech-FinFlink --global-settings=/home/jbergqvist/.sdkman/candidates/maven/current/conf/settings.xml org.jacoco:jacoco-maven-plugin:0.8.11:prepare-agent -Djacoco.skip=false test -DfailIfNoTests=false -Dsurefire.failIfNoSpecifiedTests=false -Dmaven.test.failure.ignore=True -Dtest=*DiffblueTest org.jacoco:jacoco-maven-plugin:0.8.11:report -Djacoco.skip=false"
13:15:07.501 [INFO]   [Measuring]   out: [INFO] Scanning for projects...
13:15:07.583 [INFO]   [Measuring]   out: [INFO] 
13:15:07.583 [INFO]   [Measuring]   out: [INFO] --------------< Infinitech-FinFlink:Infinitech-FinFlink >---------------
13:15:07.583 [INFO]   [Measuring]   out: [INFO] Building Infinitech-FinFlink 0.6
13:15:07.583 [INFO]   [Measuring]   out: [INFO]   from pom.xml
13:15:07.583 [INFO]   [Measuring]   out: [INFO] --------------------------------[ jar ]---------------------------------
13:15:07.905 [INFO]   [Measuring]   deserializing line [DIFFBLUE]{"__type":"com.diffblue.cover.buildsystem.model.DefaultEventMessage","project":"Infinitech-FinFlink:Infinitech-FinFlink","goal":"prepare-agent","cause":null,"state":"STARTED"}
13:15:07.906 [INFO]   [Measuring]   out: [INFO] 
13:15:07.906 [INFO]   [Measuring]   out: [INFO] --- jacoco:0.8.11:prepare-agent (default-cli) @ Infinitech-FinFlink ---
13:15:07.988 [INFO]   [Measuring]   out: [INFO] argLine set to -javaagent:/home/jbergqvist/.m2/repository/org/jacoco/org.jacoco.agent/0.8.11/org.jacoco.agent-0.8.11-runtime.jar=destfile=/home/jbergqvist/diffblue/terrierteam-FinFlink/target/jacoco.exec
13:15:07.990 [INFO]   [Measuring]   deserializing line [DIFFBLUE]{"__type":"com.diffblue.cover.buildsystem.model.DefaultEventMessage","project":"Infinitech-FinFlink:Infinitech-FinFlink","goal":"prepare-agent","cause":null,"state":"SUCCESS"}
13:15:07.991 [INFO]   [Measuring]   deserializing line [DIFFBLUE]{"__type":"com.diffblue.cover.buildsystem.model.DefaultEventMessage","project":"Infinitech-FinFlink:Infinitech-FinFlink","goal":"resources","cause":null,"state":"STARTED"}
13:15:07.992 [INFO]   [Measuring]   out: [INFO] 
13:15:07.992 [INFO]   [Measuring]   out: [INFO] --- resources:3.3.1:resources (default-resources) @ Infinitech-FinFlink ---
13:15:08.037 [INFO]   [Measuring]   out: [WARNING] Using platform encoding (UTF-8 actually) to copy filtered resources, i.e. build is platform dependent!
13:15:08.038 [INFO]   [Measuring]   out: [INFO] skip non existing resourceDirectory /home/jbergqvist/diffblue/terrierteam-FinFlink/resources
13:15:08.039 [INFO]   [Measuring]   deserializing line [DIFFBLUE]{"__type":"com.diffblue.cover.buildsystem.model.DefaultEventMessage","project":"Infinitech-FinFlink:Infinitech-FinFlink","goal":"resources","cause":null,"state":"SUCCESS"}
13:15:08.040 [INFO]   [Measuring]   deserializing line [DIFFBLUE]{"__type":"com.diffblue.cover.buildsystem.model.DefaultEventMessage","project":"Infinitech-FinFlink:Infinitech-FinFlink","goal":"compile","cause":null,"state":"STARTED"}
13:15:08.041 [INFO]   [Measuring]   out: [INFO] 
13:15:08.041 [INFO]   [Measuring]   out: [INFO] --- compiler:3.8.1:compile (default-compile) @ Infinitech-FinFlink ---
13:15:08.200 [INFO]   [Measuring]   out: [INFO] Nothing to compile - all classes are up to date
13:15:08.201 [INFO]   [Measuring]   deserializing line [DIFFBLUE]{"__type":"com.diffblue.cover.buildsystem.model.DefaultEventMessage","project":"Infinitech-FinFlink:Infinitech-FinFlink","goal":"compile","cause":null,"state":"SUCCESS"}
13:15:08.203 [INFO]   [Measuring]   deserializing line [DIFFBLUE]{"__type":"com.diffblue.cover.buildsystem.model.DefaultEventMessage","project":"Infinitech-FinFlink:Infinitech-FinFlink","goal":"testResources","cause":null,"state":"STARTED"}
13:15:08.205 [INFO]   [Measuring]   out: [INFO] 
13:15:08.205 [INFO]   [Measuring]   out: [INFO] --- resources:3.3.1:testResources (default-testResources) @ Infinitech-FinFlink ---
13:15:08.205 [INFO]   [Measuring]   out: [WARNING] Using platform encoding (UTF-8 actually) to copy filtered resources, i.e. build is platform dependent!
13:15:08.205 [INFO]   [Measuring]   out: [INFO] skip non existing resourceDirectory /home/jbergqvist/diffblue/terrierteam-FinFlink/src/test/resources
13:15:08.206 [INFO]   [Measuring]   deserializing line [DIFFBLUE]{"__type":"com.diffblue.cover.buildsystem.model.DefaultEventMessage","project":"Infinitech-FinFlink:Infinitech-FinFlink","goal":"testResources","cause":null,"state":"SUCCESS"}
13:15:08.208 [INFO]   [Measuring]   deserializing line [DIFFBLUE]{"__type":"com.diffblue.cover.buildsystem.model.DefaultEventMessage","project":"Infinitech-FinFlink:Infinitech-FinFlink","goal":"testCompile","cause":null,"state":"STARTED"}
13:15:08.209 [INFO]   [Measuring]   out: [INFO] 
13:15:08.209 [INFO]   [Measuring]   out: [INFO] --- compiler:3.8.1:testCompile (default-testCompile) @ Infinitech-FinFlink ---
13:15:08.216 [INFO]   [Measuring]   out: [INFO] Nothing to compile - all classes are up to date
13:15:08.218 [INFO]   [Measuring]   deserializing line [DIFFBLUE]{"__type":"com.diffblue.cover.buildsystem.model.DefaultEventMessage","project":"Infinitech-FinFlink:Infinitech-FinFlink","goal":"testCompile","cause":null,"state":"SUCCESS"}
13:15:08.220 [INFO]   [Measuring]   deserializing line [DIFFBLUE]{"__type":"com.diffblue.cover.buildsystem.model.DefaultEventMessage","project":"Infinitech-FinFlink:Infinitech-FinFlink","goal":"test","cause":null,"state":"STARTED"}
13:15:08.222 [INFO]   [Measuring]   out: [INFO] 
13:15:08.222 [INFO]   [Measuring]   out: [INFO] --- surefire:3.2.5:test (default-test) @ Infinitech-FinFlink ---
13:15:08.344 [INFO]   [Measuring]   out: [INFO] Using auto detected provider org.apache.maven.surefire.junitplatform.JUnitPlatformProvider
13:15:08.372 [INFO]   [Measuring]   out: [INFO] 
13:15:08.372 [INFO]   [Measuring]   out: [INFO] -------------------------------------------------------
13:15:08.372 [INFO]   [Measuring]   out: [INFO]  T E S T S
13:15:08.372 [INFO]   [Measuring]   out: [INFO] -------------------------------------------------------
13:15:09.284 [INFO]   [Measuring]   out: [INFO] Running eu.infinitech.finflink.structures.TechnicalIndicatorsDiffblueTest
13:15:09.360 [INFO]   [Measuring]   out: [INFO] Tests run: 5, Failures: 0, Errors: 0, Skipped: 0, Time elapsed: 0.043 s -- in eu.infinitech.finflink.structures.TechnicalIndicatorsDiffblueTest
13:15:09.360 [INFO]   [Measuring]   out: [INFO] Running eu.infinitech.finflink.structures.TradePeriodDiffblueTest
13:15:09.366 [INFO]   [Measuring]   out: [INFO] Tests run: 16, Failures: 0, Errors: 0, Skipped: 0, Time elapsed: 0.020 s -- in eu.infinitech.finflink.structures.TradePeriodDiffblueTest
13:15:09.366 [INFO]   [Measuring]   out: [INFO] Running eu.infinitech.finflink.structures.TradeDiffblueTest
13:15:09.369 [INFO]   [Measuring]   out: [INFO] Tests run: 4, Failures: 0, Errors: 0, Skipped: 0, Time elapsed: 0.005 s -- in eu.infinitech.finflink.structures.TradeDiffblueTest
13:15:09.369 [INFO]   [Measuring]   out: [INFO] Running eu.infinitech.finflink.structures.PricePointDiffblueTest
13:15:09.372 [INFO]   [Measuring]   out: [INFO] Tests run: 6, Failures: 0, Errors: 0, Skipped: 0, Time elapsed: 0.008 s -- in eu.infinitech.finflink.structures.PricePointDiffblueTest
13:15:09.372 [INFO]   [Measuring]   out: [INFO] Running eu.infinitech.finflink.structures.IndicatorRequirementsDiffblueTest
13:15:09.374 [INFO]   [Measuring]   out: [INFO] Tests run: 6, Failures: 0, Errors: 0, Skipped: 0, Time elapsed: 0.006 s -- in eu.infinitech.finflink.structures.IndicatorRequirementsDiffblueTest
13:15:09.374 [INFO]   [Measuring]   out: [INFO] Running eu.infinitech.finflink.structures.TradingDataAccumulatorDiffblueTest
13:15:09.376 [INFO]   [Measuring]   out: [INFO] Tests run: 2, Failures: 0, Errors: 0, Skipped: 0, Time elapsed: 0.002 s -- in eu.infinitech.finflink.structures.TradingDataAccumulatorDiffblueTest
13:15:09.376 [INFO]   [Measuring]   out: [INFO] Running eu.infinitech.finflink.structures.StreamCharacteristicsDiffblueTest
13:15:09.383 [INFO]   [Measuring]   out: [INFO] Tests run: 6, Failures: 0, Errors: 0, Skipped: 0, Time elapsed: 0.009 s -- in eu.infinitech.finflink.structures.StreamCharacteristicsDiffblueTest
13:15:09.383 [INFO]   [Measuring]   out: [INFO] Running eu.infinitech.finflink.structures.InputStreamTypeDiffblueTest
13:15:09.386 [INFO]   [Measuring]   out: [INFO] Tests run: 4, Failures: 0, Errors: 0, Skipped: 0, Time elapsed: 0.003 s -- in eu.infinitech.finflink.structures.InputStreamTypeDiffblueTest
13:15:09.386 [INFO]   [Measuring]   out: [INFO] Running eu.infinitech.finflink.structures.TechnicalIndicatorDiffblueTest
13:15:09.389 [INFO]   [Measuring]   out: [INFO] Tests run: 2, Failures: 0, Errors: 0, Skipped: 0, Time elapsed: 0.002 s -- in eu.infinitech.finflink.structures.TechnicalIndicatorDiffblueTest
13:15:09.389 [INFO]   [Measuring]   out: [INFO] Running eu.infinitech.finflink.time.TradingDataTimeAssignerDiffblueTest
13:15:10.285 [INFO]   [Measuring]   out: [INFO] Tests run: 2, Failures: 0, Errors: 0, Skipped: 0, Time elapsed: 0.892 s -- in eu.infinitech.finflink.time.TradingDataTimeAssignerDiffblueTest
13:15:10.285 [INFO]   [Measuring]   out: [INFO] Running eu.infinitech.finflink.keys.KeyByAssetIDDiffblueTest
13:15:10.291 [INFO]   [Measuring]   out: [INFO] Tests run: 1, Failures: 0, Errors: 0, Skipped: 0, Time elapsed: 0.005 s -- in eu.infinitech.finflink.keys.KeyByAssetIDDiffblueTest
13:15:10.291 [INFO]   [Measuring]   out: [INFO] Running eu.infinitech.finflink.transformations.data.InputParserDiffblueTest
13:15:10.301 [INFO]   [Measuring]   out: [INFO] Tests run: 2, Failures: 0, Errors: 0, Skipped: 0, Time elapsed: 0.009 s -- in eu.infinitech.finflink.transformations.data.InputParserDiffblueTest
13:15:10.301 [INFO]   [Measuring]   out: [INFO] Running eu.infinitech.finflink.transformations.data.ToPricePointDiffblueTest
13:15:10.309 [INFO]   [Measuring]   out: [INFO] Tests run: 4, Failures: 0, Errors: 0, Skipped: 0, Time elapsed: 0.007 s -- in eu.infinitech.finflink.transformations.data.ToPricePointDiffblueTest
13:15:10.309 [INFO]   [Measuring]   out: [INFO] Running eu.infinitech.finflink.transformations.technicalIndicators.TrueRangeDiffblueTest
13:15:10.320 [INFO]   [Measuring]   out: [INFO] Tests run: 6, Failures: 0, Errors: 0, Skipped: 0, Time elapsed: 0.011 s -- in eu.infinitech.finflink.transformations.technicalIndicators.TrueRangeDiffblueTest
13:15:10.320 [INFO]   [Measuring]   out: [INFO] Running eu.infinitech.finflink.transformations.technicalIndicators.HighPriceDirectionalMomentumDiffblueTest
13:15:10.327 [INFO]   [Measuring]   out: [INFO] Tests run: 4, Failures: 0, Errors: 0, Skipped: 0, Time elapsed: 0.005 s -- in eu.infinitech.finflink.transformations.technicalIndicators.HighPriceDirectionalMomentumDiffblueTest
13:15:10.327 [INFO]   [Measuring]   out: [INFO] Running eu.infinitech.finflink.transformations.technicalIndicators.MoneyFlowIndexDiffblueTest
13:15:10.352 [INFO]   [Measuring]   out: [INFO] Tests run: 6, Failures: 0, Errors: 0, Skipped: 0, Time elapsed: 0.025 s -- in eu.infinitech.finflink.transformations.technicalIndicators.MoneyFlowIndexDiffblueTest
13:15:10.352 [INFO]   [Measuring]   out: [INFO] Running eu.infinitech.finflink.transformations.technicalIndicators.AverageTrueRangeDiffblueTest
13:15:10.358 [INFO]   [Measuring]   out: [INFO] Tests run: 4, Failures: 0, Errors: 0, Skipped: 0, Time elapsed: 0.006 s -- in eu.infinitech.finflink.transformations.technicalIndicators.AverageTrueRangeDiffblueTest
13:15:10.358 [INFO]   [Measuring]   out: [INFO] Running eu.infinitech.finflink.transformations.technicalIndicators.TechnicalIndicatorGeneratorDiffblueTest
13:15:10.364 [INFO]   [Measuring]   out: [INFO] Tests run: 6, Failures: 0, Errors: 0, Skipped: 0, Time elapsed: 0.006 s -- in eu.infinitech.finflink.transformations.technicalIndicators.TechnicalIndicatorGeneratorDiffblueTest
13:15:10.364 [INFO]   [Measuring]   out: [INFO] Running eu.infinitech.finflink.transformations.technicalIndicators.ReturnsDiffblueTest
13:15:10.372 [INFO]   [Measuring]   out: [INFO] Tests run: 5, Failures: 0, Errors: 0, Skipped: 0, Time elapsed: 0.007 s -- in eu.infinitech.finflink.transformations.technicalIndicators.ReturnsDiffblueTest
13:15:10.372 [INFO]   [Measuring]   out: [INFO] Running eu.infinitech.finflink.transformations.technicalIndicators.VolatilityDiffblueTest
13:15:10.395 [INFO]   [Measuring]   out: [INFO] Tests run: 7, Failures: 0, Errors: 0, Skipped: 0, Time elapsed: 0.023 s -- in eu.infinitech.finflink.transformations.technicalIndicators.VolatilityDiffblueTest
13:15:10.395 [INFO]   [Measuring]   out: [INFO] Running eu.infinitech.finflink.transformations.technicalIndicators.UtilsDiffblueTest
13:15:10.425 [INFO]   [Measuring]   out: [INFO] Tests run: 28, Failures: 0, Errors: 0, Skipped: 0, Time elapsed: 0.029 s -- in eu.infinitech.finflink.transformations.technicalIndicators.UtilsDiffblueTest
13:15:10.425 [INFO]   [Measuring]   out: [INFO] Running eu.infinitech.finflink.transformations.technicalIndicators.LowPriceDirectionalIndexDiffblueTest
13:15:10.431 [INFO]   [Measuring]   out: [INFO] Tests run: 4, Failures: 0, Errors: 0, Skipped: 0, Time elapsed: 0.006 s -- in eu.infinitech.finflink.transformations.technicalIndicators.LowPriceDirectionalIndexDiffblueTest
13:15:10.431 [INFO]   [Measuring]   out: [INFO] Running eu.infinitech.finflink.transformations.technicalIndicators.RelativeStrengthIndexDiffblueTest
13:15:10.437 [INFO]   [Measuring]   out: [INFO] Tests run: 5, Failures: 0, Errors: 0, Skipped: 0, Time elapsed: 0.006 s -- in eu.infinitech.finflink.transformations.technicalIndicators.RelativeStrengthIndexDiffblueTest
13:15:10.437 [INFO]   [Measuring]   out: [INFO] Running eu.infinitech.finflink.transformations.technicalIndicators.MomentumDiffblueTest
13:15:10.442 [INFO]   [Measuring]   out: [INFO] Tests run: 6, Failures: 0, Errors: 0, Skipped: 0, Time elapsed: 0.004 s -- in eu.infinitech.finflink.transformations.technicalIndicators.MomentumDiffblueTest
13:15:10.442 [INFO]   [Measuring]   out: [INFO] Running eu.infinitech.finflink.transformations.technicalIndicators.OnBalanceVolumeIndicatorDiffblueTest
13:15:10.448 [INFO]   [Measuring]   out: [INFO] Tests run: 6, Failures: 0, Errors: 0, Skipped: 0, Time elapsed: 0.006 s -- in eu.infinitech.finflink.transformations.technicalIndicators.OnBalanceVolumeIndicatorDiffblueTest
13:15:10.448 [INFO]   [Measuring]   out: [INFO] Running eu.infinitech.finflink.transformations.technicalIndicators.VortexMinusDiffblueTest
13:15:10.454 [INFO]   [Measuring]   out: [INFO] Tests run: 4, Failures: 0, Errors: 0, Skipped: 0, Time elapsed: 0.006 s -- in eu.infinitech.finflink.transformations.technicalIndicators.VortexMinusDiffblueTest
13:15:10.454 [INFO]   [Measuring]   out: [INFO] Running eu.infinitech.finflink.transformations.technicalIndicators.ForceIndexDiffblueTest
13:15:10.458 [INFO]   [Measuring]   out: [INFO] Tests run: 4, Failures: 0, Errors: 0, Skipped: 0, Time elapsed: 0.004 s -- in eu.infinitech.finflink.transformations.technicalIndicators.ForceIndexDiffblueTest
13:15:10.458 [INFO]   [Measuring]   out: [INFO] Running eu.infinitech.finflink.transformations.technicalIndicators.VortexPlusDiffblueTest
13:15:10.463 [INFO]   [Measuring]   out: [INFO] Tests run: 4, Failures: 0, Errors: 0, Skipped: 0, Time elapsed: 0.005 s -- in eu.infinitech.finflink.transformations.technicalIndicators.VortexPlusDiffblueTest
13:15:10.463 [INFO]   [Measuring]   out: [INFO] Running eu.infinitech.finflink.transformations.technicalIndicators.LogReturnsDiffblueTest
13:15:10.468 [INFO]   [Measuring]   out: [INFO] Tests run: 6, Failures: 0, Errors: 0, Skipped: 0, Time elapsed: 0.005 s -- in eu.infinitech.finflink.transformations.technicalIndicators.LogReturnsDiffblueTest
13:15:10.468 [INFO]   [Measuring]   out: [INFO] Running eu.infinitech.finflink.transformations.technicalIndicators.HighPriceDirectionalIndexDiffblueTest
13:15:10.473 [INFO]   [Measuring]   out: [INFO] Tests run: 4, Failures: 0, Errors: 0, Skipped: 0, Time elapsed: 0.003 s -- in eu.infinitech.finflink.transformations.technicalIndicators.HighPriceDirectionalIndexDiffblueTest
13:15:10.473 [INFO]   [Measuring]   out: [INFO] Running eu.infinitech.finflink.transformations.technicalIndicators.TechnicalIndicatorPipelineDiffblueTest
13:15:10.496 [INFO]   [Measuring]   out: [INFO] Tests run: 9, Failures: 0, Errors: 0, Skipped: 0, Time elapsed: 0.022 s -- in eu.infinitech.finflink.transformations.technicalIndicators.TechnicalIndicatorPipelineDiffblueTest
13:15:10.496 [INFO]   [Measuring]   out: [INFO] Running eu.infinitech.finflink.transformations.technicalIndicators.LowPriceDirectionalMomentumDiffblueTest
13:15:10.498 [INFO]   [Measuring]   out: [INFO] Tests run: 4, Failures: 0, Errors: 0, Skipped: 0, Time elapsed: 0.003 s -- in eu.infinitech.finflink.transformations.technicalIndicators.LowPriceDirectionalMomentumDiffblueTest
13:15:10.499 [INFO]   [Measuring]   out: [INFO] Running eu.infinitech.finflink.transformations.technicalIndicators.DirectionalIndexDiffblueTest
13:15:10.503 [INFO]   [Measuring]   out: [INFO] Tests run: 9, Failures: 0, Errors: 0, Skipped: 0, Time elapsed: 0.004 s -- in eu.infinitech.finflink.transformations.technicalIndicators.DirectionalIndexDiffblueTest
13:15:10.503 [INFO]   [Measuring]   out: [INFO] Running eu.infinitech.finflink.transformations.technicalIndicators.AccumulationDistributionIndexDiffblueTest
13:15:10.507 [INFO]   [Measuring]   out: [INFO] Tests run: 5, Failures: 0, Errors: 0, Skipped: 0, Time elapsed: 0.002 s -- in eu.infinitech.finflink.transformations.technicalIndicators.AccumulationDistributionIndexDiffblueTest
13:15:10.507 [INFO]   [Measuring]   out: [INFO] Running eu.infinitech.finflink.transformations.technicalIndicators.AverageDirectionalIndexDiffblueTest
13:15:10.509 [INFO]   [Measuring]   out: [INFO] Tests run: 5, Failures: 0, Errors: 0, Skipped: 0, Time elapsed: 0.002 s -- in eu.infinitech.finflink.transformations.technicalIndicators.AverageDirectionalIndexDiffblueTest
13:15:10.509 [INFO]   [Measuring]   out: [INFO] Running eu.infinitech.finflink.transformations.technicalIndicators.MovingAverageConvergenceDivergenceDiffblueTest
13:15:10.512 [INFO]   [Measuring]   out: [INFO] Tests run: 5, Failures: 0, Errors: 0, Skipped: 0, Time elapsed: 0.003 s -- in eu.infinitech.finflink.transformations.technicalIndicators.MovingAverageConvergenceDivergenceDiffblueTest
13:15:10.512 [INFO]   [Measuring]   out: [INFO] Running eu.infinitech.finflink.transformations.technicalIndicators.CommodityChannelIndexDiffblueTest
13:15:10.515 [INFO]   [Measuring]   out: [INFO] Tests run: 5, Failures: 0, Errors: 0, Skipped: 0, Time elapsed: 0.004 s -- in eu.infinitech.finflink.transformations.technicalIndicators.CommodityChannelIndexDiffblueTest
13:15:10.515 [INFO]   [Measuring]   out: [INFO] Running eu.infinitech.finflink.transformations.technicalIndicators.PeriodEndDiffblueTest
13:15:10.518 [INFO]   [Measuring]   out: [INFO] Tests run: 3, Failures: 0, Errors: 0, Skipped: 0, Time elapsed: 0.002 s -- in eu.infinitech.finflink.transformations.technicalIndicators.PeriodEndDiffblueTest
13:15:10.519 [INFO]   [Measuring]   out: [INFO] Running eu.infinitech.finflink.transformations.technicalIndicators.DetrendedCloseOscillatorDiffblueTest
13:15:10.522 [INFO]   [Measuring]   out: [INFO] Tests run: 5, Failures: 0, Errors: 0, Skipped: 0, Time elapsed: 0.004 s -- in eu.infinitech.finflink.transformations.technicalIndicators.DetrendedCloseOscillatorDiffblueTest
13:15:10.522 [INFO]   [Measuring]   out: [INFO] Running eu.infinitech.finflink.transformations.technicalIndicators.TechnicalIndicatorDiffblueTest
13:15:10.601 [INFO]   [Measuring]   out: [INFO] Tests run: 4, Failures: 0, Errors: 0, Skipped: 0, Time elapsed: 0.078 s -- in eu.infinitech.finflink.transformations.technicalIndicators.TechnicalIndicatorDiffblueTest
13:15:10.601 [INFO]   [Measuring]   out: [INFO] Running eu.infinitech.finflink.util.TradePeriodsGeneratorDiffblueTest
13:15:10.603 [INFO]   [Measuring]   out: [INFO] Tests run: 3, Failures: 0, Errors: 0, Skipped: 0, Time elapsed: 0.001 s -- in eu.infinitech.finflink.util.TradePeriodsGeneratorDiffblueTest
13:15:10.705 [INFO]   [Measuring]   out: [INFO] 
13:15:10.706 [INFO]   [Measuring]   out: [INFO] Results:
13:15:10.706 [INFO]   [Measuring]   out: [INFO] 
13:15:10.706 [INFO]   [Measuring]   out: [INFO] Tests run: 226, Failures: 0, Errors: 0, Skipped: 0
13:15:10.706 [INFO]   [Measuring]   out: [INFO] 
13:15:10.708 [INFO]   [Measuring]   deserializing line [DIFFBLUE]{"__type":"com.diffblue.cover.buildsystem.model.DefaultEventMessage","project":"Infinitech-FinFlink:Infinitech-FinFlink","goal":"test","cause":null,"state":"SUCCESS"}
13:15:10.710 [INFO]   [Measuring]   deserializing line [DIFFBLUE]{"__type":"com.diffblue.cover.buildsystem.model.DefaultEventMessage","project":"Infinitech-FinFlink:Infinitech-FinFlink","goal":"report","cause":null,"state":"STARTED"}
13:15:10.711 [INFO]   [Measuring]   out: [INFO] 
13:15:10.711 [INFO]   [Measuring]   out: [INFO] --- jacoco:0.8.11:report (default-cli) @ Infinitech-FinFlink ---
13:15:10.715 [INFO]   [Measuring]   out: [INFO] Loading execution data file /home/jbergqvist/diffblue/terrierteam-FinFlink/target/jacoco.exec
13:15:10.782 [INFO]   [Measuring]   out: [INFO] Analyzed bundle 'Infinitech-FinFlink' with 51 classes
13:15:10.851 [INFO]   [Measuring]   deserializing line [DIFFBLUE]{"__type":"com.diffblue.cover.buildsystem.model.DefaultEventMessage","project":"Infinitech-FinFlink:Infinitech-FinFlink","goal":"report","cause":null,"state":"SUCCESS"}
13:15:10.874 [INFO]   [Measuring]   deserializing line [DIFFBLUE]{"__type":"com.diffblue.cover.buildsystem.model.DefaultProjectModuleMessage","project":{"__type":"DefaultProjectModule","junitReport":["/home/jbergqvist/diffblue/terrierteam-FinFlink/target/surefire-reports"],"jacocoReport":["/home/jbergqvist/diffblue/terrierteam-FinFlink/target/site/jacoco/jacoco.xml"],"jacocoDestFile":["/home/jbergqvist/diffblue/terrierteam-FinFlink/target/jacoco.exec"],"jacocoFormats":["xml"],"jacocoSkipped":false,"classpath":["/home/jbergqvist/diffblue/terrierteam-FinFlink/target/classes","/home/jbergqvist/.m2/repository/org/apache/flink/flink-streaming-java_2.12/1.14.4/flink-streaming-java_2.12-1.14.4.jar","/home/jbergqvist/.m2/repository/org/apache/flink/flink-core/1.14.4/flink-core-1.14.4.jar","/home/jbergqvist/.m2/repository/org/apache/flink/flink-annotations/1.14.4/flink-annotations-1.14.4.jar","/home/jbergqvist/.m2/repository/org/apache/flink/flink-metrics-core/1.14.4/flink-metrics-core-1.14.4.jar","/home/jbergqvist/.m2/repository/org/apache/flink/flink-shaded-asm-7/7.1-14.0/flink-shaded-asm-7-7.1-14.0.jar","/home/jbergqvist/.m2/repository/org/apache/commons/commons-lang3/3.3.2/commons-lang3-3.3.2.jar","/home/jbergqvist/.m2/repository/com/esotericsoftware/kryo/kryo/2.24.0/kryo-2.24.0.jar","/home/jbergqvist/.m2/repository/com/esotericsoftware/minlog/minlog/1.2/minlog-1.2.jar","/home/jbergqvist/.m2/repository/commons-collections/commons-collections/3.2.2/commons-collections-3.2.2.jar","/home/jbergqvist/.m2/repository/org/apache/commons/commons-compress/1.21/commons-compress-1.21.jar","/home/jbergqvist/.m2/repository/org/apache/flink/flink-file-sink-common/1.14.4/flink-file-sink-common-1.14.4.jar","/home/jbergqvist/.m2/repository/org/apache/flink/flink-runtime/1.14.4/flink-runtime-1.14.4.jar","/home/jbergqvist/.m2/repository/org/apache/flink/flink-rpc-core/1.14.4/flink-rpc-core-1.14.4.jar","/home/jbergqvist/.m2/repository/org/apache/flink/flink-rpc-akka-loader/1.14.4/flink-rpc-akka-loader-1.14.4.jar","/home/jbergqvist/.m2/repository/org/apache/flink/flink-queryable-state-client-java/1.14.4/flink-queryable-state-client-java-1.14.4.jar","/home/jbergqvist/.m2/repository/org/apache/flink/flink-hadoop-fs/1.14.4/flink-hadoop-fs-1.14.4.jar","/home/jbergqvist/.m2/repository/commons-io/commons-io/2.8.0/commons-io-2.8.0.jar","/home/jbergqvist/.m2/repository/org/apache/flink/flink-shaded-netty/4.1.65.Final-14.0/flink-shaded-netty-4.1.65.Final-14.0.jar","/home/jbergqvist/.m2/repository/org/apache/flink/flink-shaded-jackson/2.12.4-14.0/flink-shaded-jackson-2.12.4-14.0.jar","/home/jbergqvist/.m2/repository/org/apache/flink/flink-shaded-zookeeper-3/3.4.14-14.0/flink-shaded-zookeeper-3-3.4.14-14.0.jar","/home/jbergqvist/.m2/repository/org/javassist/javassist/3.24.0-GA/javassist-3.24.0-GA.jar","/home/jbergqvist/.m2/repository/org/xerial/snappy/snappy-java/1.1.8.3/snappy-java-1.1.8.3.jar","/home/jbergqvist/.m2/repository/org/lz4/lz4-java/1.8.0/lz4-java-1.8.0.jar","/home/jbergqvist/.m2/repository/org/apache/flink/flink-scala_2.12/1.14.4/flink-scala_2.12-1.14.4.jar","/home/jbergqvist/.m2/repository/org/scala-lang/scala-reflect/2.12.7/scala-reflect-2.12.7.jar","/home/jbergqvist/.m2/repository/org/scala-lang/scala-library/2.12.7/scala-library-2.12.7.jar","/home/jbergqvist/.m2/repository/org/scala-lang/scala-compiler/2.12.7/scala-compiler-2.12.7.jar","/home/jbergqvist/.m2/repository/org/scala-lang/modules/scala-xml_2.12/1.0.6/scala-xml_2.12-1.0.6.jar","/home/jbergqvist/.m2/repository/com/twitter/chill_2.12/0.7.6/chill_2.12-0.7.6.jar","/home/jbergqvist/.m2/repository/com/twitter/chill-java/0.7.6/chill-java-0.7.6.jar","/home/jbergqvist/.m2/repository/org/apache/flink/flink-java/1.14.4/flink-java-1.14.4.jar","/home/jbergqvist/.m2/repository/org/apache/flink/flink-shaded-guava/30.1.1-jre-14.0/flink-shaded-guava-30.1.1-jre-14.0.jar","/home/jbergqvist/.m2/repository/org/apache/commons/commons-math3/3.5/commons-math3-3.5.jar","/home/jbergqvist/.m2/repository/org/slf4j/slf4j-api/1.7.15/slf4j-api-1.7.15.jar","/home/jbergqvist/.m2/repository/com/google/code/findbugs/jsr305/1.3.9/jsr305-1.3.9.jar","/home/jbergqvist/.m2/repository/org/apache/flink/flink-shaded-force-shading/14.0/flink-shaded-force-shading-14.0.jar","/home/jbergqvist/.m2/repository/org/junit/jupiter/junit-jupiter-engine/5.13.4/junit-jupiter-engine-5.13.4.jar","/home/jbergqvist/.m2/repository/org/junit/platform/junit-platform-engine/1.13.4/junit-platform-engine-1.13.4.jar","/home/jbergqvist/.m2/repository/org/opentest4j/opentest4j/1.3.0/opentest4j-1.3.0.jar","/home/jbergqvist/.m2/repository/org/junit/platform/junit-platform-commons/1.13.4/junit-platform-commons-1.13.4.jar","/home/jbergqvist/.m2/repository/org/junit/jupiter/junit-jupiter-api/5.13.4/junit-jupiter-api-5.13.4.jar","/home/jbergqvist/.m2/repository/org/apiguardian/apiguardian-api/1.1.2/apiguardian-api-1.1.2.jar","/home/jbergqvist/.m2/repository/org/mockito/mockito-core/5.20.0/mockito-core-5.20.0.jar","/home/jbergqvist/.m2/repository/net/bytebuddy/byte-buddy/1.17.7/byte-buddy-1.17.7.jar","/home/jbergqvist/.m2/repository/net/bytebuddy/byte-buddy-agent/1.17.7/byte-buddy-agent-1.17.7.jar","/home/jbergqvist/.m2/repository/org/objenesis/objenesis/3.3/objenesis-3.3.jar","/home/jbergqvist/.m2/repository/org/mockito/mockito-junit-jupiter/5.20.0/mockito-junit-jupiter-5.20.0.jar","/home/jbergqvist/.m2/repository/org/apache/flink/flink-clients_2.12/1.14.4/flink-clients_2.12-1.14.4.jar","/home/jbergqvist/.m2/repository/org/apache/flink/flink-optimizer/1.14.4/flink-optimizer-1.14.4.jar","/home/jbergqvist/.m2/repository/commons-cli/commons-cli/1.3.1/commons-cli-1.3.1.jar","/home/jbergqvist/.m2/repository/org/apache/flink/flink-connector-kafka_2.11/1.14.4/flink-connector-kafka_2.11-1.14.4.jar","/home/jbergqvist/.m2/repository/org/apache/flink/flink-connector-base/1.14.4/flink-connector-base-1.14.4.jar","/home/jbergqvist/.m2/repository/org/apache/kafka/kafka-clients/2.4.1/kafka-clients-2.4.1.jar","/home/jbergqvist/.m2/repository/com/github/luben/zstd-jni/1.4.3-1/zstd-jni-1.4.3-1.jar","/home/jbergqvist/.m2/repository/com/google/guava/guava/31.1-jre/guava-31.1-jre.jar","/home/jbergqvist/.m2/repository/com/google/guava/failureaccess/1.0.1/failureaccess-1.0.1.jar","/home/jbergqvist/.m2/repository/com/google/guava/listenablefuture/9999.0-empty-to-avoid-conflict-with-guava/listenablefuture-9999.0-empty-to-avoid-conflict-with-guava.jar","/home/jbergqvist/.m2/repository/org/checkerframework/checker-qual/3.12.0/checker-qual-3.12.0.jar","/home/jbergqvist/.m2/repository/com/google/errorprone/error_prone_annotations/2.11.0/error_prone_annotations-2.11.0.jar","/home/jbergqvist/.m2/repository/com/google/j2objc/j2objc-annotations/1.3/j2objc-annotations-1.3.jar","/home/jbergqvist/.m2/repository/org/questdb/questdb/6.4.3/questdb-6.4.3.jar","/home/jbergqvist/.m2/repository/com/diffblue/cover/cover-annotations/1.8.0/cover-annotations-1.8.0.jar"],"complianceLevel":"11","productionSources":["/home/jbergqvist/diffblue/terrierteam-FinFlink/src/main/java"],"testSources":["/home/jbergqvist/diffblue/terrierteam-FinFlink/src/test/java"],"productionClasses":"/home/jbergqvist/diffblue/terrierteam-FinFlink/target/classes","testClasses":"/home/jbergqvist/diffblue/terrierteam-FinFlink/target/test-classes","sourceToBuildPathMap":null,"testSourceToBuildPathMap":null,"buildDirectory":"/home/jbergqvist/diffblue/terrierteam-FinFlink/target","plugins":[{"__type":"DefaultPlugin","groupId":"org.apache.maven.plugins","artefactId":"maven-compiler-plugin","version":"3.8.1","pluginClassName":null},{"__type":"DefaultPlugin","groupId":"org.apache.maven.plugins","artefactId":"maven-shade-plugin","version":"3.1.1","pluginClassName":null},{"__type":"DefaultPlugin","groupId":"org.apache.maven.plugins","artefactId":"maven-clean-plugin","version":"3.2.0","pluginClassName":null},{"__type":"DefaultPlugin","groupId":"org.apache.maven.plugins","artefactId":"maven-resources-plugin","version":"3.3.1","pluginClassName":null},{"__type":"DefaultPlugin","groupId":"org.apache.maven.plugins","artefactId":"maven-jar-plugin","version":"3.4.1","pluginClassName":null},{"__type":"DefaultPlugin","groupId":"org.apache.maven.plugins","artefactId":"maven-surefire-plugin","version":"3.2.5","pluginClassName":null},{"__type":"DefaultPlugin","groupId":"org.apache.maven.plugins","artefactId":"maven-install-plugin","version":"3.1.2","pluginClassName":null},{"__type":"DefaultPlugin","groupId":"org.apache.maven.plugins","artefactId":"maven-deploy-plugin","version":"3.1.2","pluginClassName":null},{"__type":"DefaultPlugin","groupId":"org.apache.maven.plugins","artefactId":"maven-site-plugin","version":"3.12.1","pluginClassName":null}],"version":"3.9.12","encoding":null,"name":"maven","subModules":[],"simpleModuleName":null,"parentModuleName":null,"location":"/home/jbergqvist/diffblue/terrierteam-FinFlink","fullModuleName":"Infinitech-FinFlink:Infinitech-FinFlink"}}
13:15:10.879 [INFO]   [Measuring]   out: [INFO] ------------------------------------------------------------------------
13:15:10.879 [INFO]   [Measuring]   out: [INFO] BUILD SUCCESS
13:15:10.879 [INFO]   [Measuring]   out: [INFO] ------------------------------------------------------------------------
13:15:10.879 [INFO]   [Measuring]   out: [INFO] Total time:  3.388 s
13:15:10.879 [INFO]   [Measuring]   out: [INFO] Finished at: 2026-01-12T13:15:10Z
13:15:10.879 [INFO]   [Measuring]   out: [INFO] ------------------------------------------------------------------------
13:15:10.879 [INFO]   [Measuring]   deserializing line [DIFFBLUE]{"__type":"com.diffblue.cover.buildsystem.model.ProjectInfoMessage","projectName":"Infinitech-FinFlink:Infinitech-FinFlink","productionSources":["/home/jbergqvist/diffblue/terrierteam-FinFlink/src/main/java","/home/jbergqvist/diffblue/terrierteam-FinFlink/target/generated-sources/annotations"],"testSources":["/home/jbergqvist/diffblue/terrierteam-FinFlink/src/test/java","/home/jbergqvist/diffblue/terrierteam-FinFlink/target/generated-test-sources/test-annotations"],"location":"/home/jbergqvist/diffblue/terrierteam-FinFlink"}
13:15:10.915 [INFO]   [Measuring]   maven:err process not stopped, joining thread
13:15:10.915 [INFO]   [Measuring]   maven:out process not stopped, joining thread
13:15:10.915 [INFO]   [Measuring]   Attempting to invoke mvnw in working directory: /home/jbergqvist/diffblue/terrierteam-FinFlink
13:15:10.916 [INFO]   [Measuring]   Attempting to invoke /home/jbergqvist/.sdkman/candidates/maven/current/bin/mvn in working directory: /home/jbergqvist/diffblue/terrierteam-FinFlink
13:15:10.917 [INFO]   [Measuring]   Started "/home/jbergqvist/.sdkman/candidates/maven/current/bin/mvn -Dmaven.ext.class.path=/opt/cover/cover-buildsystem-maven-spy-jar-with-dependencies.jar -Dcom.diffblue.cover.skipTests=true -DskipTestOptimizer --batch-mode --projects=Infinitech-FinFlink:Infinitech-FinFlink --global-settings=/home/jbergqvist/.sdkman/candidates/maven/current/conf/settings.xml org.jacoco:jacoco-maven-plugin:0.8.11:prepare-agent -Djacoco.skip=false test -DfailIfNoTests=false -Dsurefire.failIfNoSpecifiedTests=false -Dmaven.test.failure.ignore=True -Dtest=!*DiffblueTest,**/Test*.java,**/*Test.java,**/*Tests.java,**/*TestCase.java -Dgroups=MaintainedByDiffblue,ContributionFromDiffblue org.jacoco:jacoco-maven-plugin:0.8.11:report -Djacoco.skip=false"
13:15:11.692 [INFO]   [Measuring]   out: [INFO] Scanning for projects...
13:15:11.765 [INFO]   [Measuring]   out: [INFO] 
13:15:11.765 [INFO]   [Measuring]   out: [INFO] --------------< Infinitech-FinFlink:Infinitech-FinFlink >---------------
13:15:11.765 [INFO]   [Measuring]   out: [INFO] Building Infinitech-FinFlink 0.6
13:15:11.765 [INFO]   [Measuring]   out: [INFO]   from pom.xml
13:15:11.765 [INFO]   [Measuring]   out: [INFO] --------------------------------[ jar ]---------------------------------
13:15:12.080 [INFO]   [Measuring]   deserializing line [DIFFBLUE]{"__type":"com.diffblue.cover.buildsystem.model.DefaultEventMessage","project":"Infinitech-FinFlink:Infinitech-FinFlink","goal":"prepare-agent","cause":null,"state":"STARTED"}
13:15:12.081 [INFO]   [Measuring]   out: [INFO] 
13:15:12.082 [INFO]   [Measuring]   out: [INFO] --- jacoco:0.8.11:prepare-agent (default-cli) @ Infinitech-FinFlink ---
13:15:12.153 [INFO]   [Measuring]   out: [INFO] argLine set to -javaagent:/home/jbergqvist/.m2/repository/org/jacoco/org.jacoco.agent/0.8.11/org.jacoco.agent-0.8.11-runtime.jar=destfile=/home/jbergqvist/diffblue/terrierteam-FinFlink/target/jacoco.exec
13:15:12.155 [INFO]   [Measuring]   deserializing line [DIFFBLUE]{"__type":"com.diffblue.cover.buildsystem.model.DefaultEventMessage","project":"Infinitech-FinFlink:Infinitech-FinFlink","goal":"prepare-agent","cause":null,"state":"SUCCESS"}
13:15:12.156 [INFO]   [Measuring]   deserializing line [DIFFBLUE]{"__type":"com.diffblue.cover.buildsystem.model.DefaultEventMessage","project":"Infinitech-FinFlink:Infinitech-FinFlink","goal":"resources","cause":null,"state":"STARTED"}
13:15:12.157 [INFO]   [Measuring]   out: [INFO] 
13:15:12.157 [INFO]   [Measuring]   out: [INFO] --- resources:3.3.1:resources (default-resources) @ Infinitech-FinFlink ---
13:15:12.196 [INFO]   [Measuring]   out: [WARNING] Using platform encoding (UTF-8 actually) to copy filtered resources, i.e. build is platform dependent!
13:15:12.196 [INFO]   [Measuring]   out: [INFO] skip non existing resourceDirectory /home/jbergqvist/diffblue/terrierteam-FinFlink/resources
13:15:12.198 [INFO]   [Measuring]   deserializing line [DIFFBLUE]{"__type":"com.diffblue.cover.buildsystem.model.DefaultEventMessage","project":"Infinitech-FinFlink:Infinitech-FinFlink","goal":"resources","cause":null,"state":"SUCCESS"}
13:15:12.199 [INFO]   [Measuring]   deserializing line [DIFFBLUE]{"__type":"com.diffblue.cover.buildsystem.model.DefaultEventMessage","project":"Infinitech-FinFlink:Infinitech-FinFlink","goal":"compile","cause":null,"state":"STARTED"}
13:15:12.200 [INFO]   [Measuring]   out: [INFO] 
13:15:12.200 [INFO]   [Measuring]   out: [INFO] --- compiler:3.8.1:compile (default-compile) @ Infinitech-FinFlink ---
13:15:12.347 [INFO]   [Measuring]   out: [INFO] Nothing to compile - all classes are up to date
13:15:12.348 [INFO]   [Measuring]   deserializing line [DIFFBLUE]{"__type":"com.diffblue.cover.buildsystem.model.DefaultEventMessage","project":"Infinitech-FinFlink:Infinitech-FinFlink","goal":"compile","cause":null,"state":"SUCCESS"}
13:15:12.350 [INFO]   [Measuring]   deserializing line [DIFFBLUE]{"__type":"com.diffblue.cover.buildsystem.model.DefaultEventMessage","project":"Infinitech-FinFlink:Infinitech-FinFlink","goal":"testResources","cause":null,"state":"STARTED"}
13:15:12.351 [INFO]   [Measuring]   out: [INFO] 
13:15:12.351 [INFO]   [Measuring]   out: [INFO] --- resources:3.3.1:testResources (default-testResources) @ Infinitech-FinFlink ---
13:15:12.352 [INFO]   [Measuring]   out: [WARNING] Using platform encoding (UTF-8 actually) to copy filtered resources, i.e. build is platform dependent!
13:15:12.352 [INFO]   [Measuring]   out: [INFO] skip non existing resourceDirectory /home/jbergqvist/diffblue/terrierteam-FinFlink/src/test/resources
13:15:12.353 [INFO]   [Measuring]   deserializing line [DIFFBLUE]{"__type":"com.diffblue.cover.buildsystem.model.DefaultEventMessage","project":"Infinitech-FinFlink:Infinitech-FinFlink","goal":"testResources","cause":null,"state":"SUCCESS"}
13:15:12.355 [INFO]   [Measuring]   deserializing line [DIFFBLUE]{"__type":"com.diffblue.cover.buildsystem.model.DefaultEventMessage","project":"Infinitech-FinFlink:Infinitech-FinFlink","goal":"testCompile","cause":null,"state":"STARTED"}
13:15:12.356 [INFO]   [Measuring]   out: [INFO] 
13:15:12.356 [INFO]   [Measuring]   out: [INFO] --- compiler:3.8.1:testCompile (default-testCompile) @ Infinitech-FinFlink ---
13:15:12.363 [INFO]   [Measuring]   out: [INFO] Nothing to compile - all classes are up to date
13:15:12.364 [INFO]   [Measuring]   deserializing line [DIFFBLUE]{"__type":"com.diffblue.cover.buildsystem.model.DefaultEventMessage","project":"Infinitech-FinFlink:Infinitech-FinFlink","goal":"testCompile","cause":null,"state":"SUCCESS"}
13:15:12.366 [INFO]   [Measuring]   deserializing line [DIFFBLUE]{"__type":"com.diffblue.cover.buildsystem.model.DefaultEventMessage","project":"Infinitech-FinFlink:Infinitech-FinFlink","goal":"test","cause":null,"state":"STARTED"}
13:15:12.367 [INFO]   [Measuring]   out: [INFO] 
13:15:12.367 [INFO]   [Measuring]   out: [INFO] --- surefire:3.2.5:test (default-test) @ Infinitech-FinFlink ---
13:15:12.492 [INFO]   [Measuring]   deserializing line [DIFFBLUE]{"__type":"com.diffblue.cover.buildsystem.model.DefaultEventMessage","project":"Infinitech-FinFlink:Infinitech-FinFlink","goal":"test","cause":null,"state":"SUCCESS"}
13:15:12.494 [INFO]   [Measuring]   deserializing line [DIFFBLUE]{"__type":"com.diffblue.cover.buildsystem.model.DefaultEventMessage","project":"Infinitech-FinFlink:Infinitech-FinFlink","goal":"report","cause":null,"state":"STARTED"}
13:15:12.495 [INFO]   [Measuring]   out: [INFO] 
13:15:12.495 [INFO]   [Measuring]   out: [INFO] --- jacoco:0.8.11:report (default-cli) @ Infinitech-FinFlink ---
13:15:12.498 [INFO]   [Measuring]   out: [INFO] Loading execution data file /home/jbergqvist/diffblue/terrierteam-FinFlink/target/jacoco.exec
13:15:12.575 [INFO]   [Measuring]   out: [INFO] Analyzed bundle 'Infinitech-FinFlink' with 51 classes
13:15:12.677 [INFO]   [Measuring]   deserializing line [DIFFBLUE]{"__type":"com.diffblue.cover.buildsystem.model.DefaultEventMessage","project":"Infinitech-FinFlink:Infinitech-FinFlink","goal":"report","cause":null,"state":"SUCCESS"}
13:15:12.700 [INFO]   [Measuring]   deserializing line [DIFFBLUE]{"__type":"com.diffblue.cover.buildsystem.model.DefaultProjectModuleMessage","project":{"__type":"DefaultProjectModule","junitReport":["/home/jbergqvist/diffblue/terrierteam-FinFlink/target/surefire-reports"],"jacocoReport":["/home/jbergqvist/diffblue/terrierteam-FinFlink/target/site/jacoco/jacoco.xml"],"jacocoDestFile":["/home/jbergqvist/diffblue/terrierteam-FinFlink/target/jacoco.exec"],"jacocoFormats":["xml"],"jacocoSkipped":false,"classpath":["/home/jbergqvist/diffblue/terrierteam-FinFlink/target/classes","/home/jbergqvist/.m2/repository/org/apache/flink/flink-streaming-java_2.12/1.14.4/flink-streaming-java_2.12-1.14.4.jar","/home/jbergqvist/.m2/repository/org/apache/flink/flink-core/1.14.4/flink-core-1.14.4.jar","/home/jbergqvist/.m2/repository/org/apache/flink/flink-annotations/1.14.4/flink-annotations-1.14.4.jar","/home/jbergqvist/.m2/repository/org/apache/flink/flink-metrics-core/1.14.4/flink-metrics-core-1.14.4.jar","/home/jbergqvist/.m2/repository/org/apache/flink/flink-shaded-asm-7/7.1-14.0/flink-shaded-asm-7-7.1-14.0.jar","/home/jbergqvist/.m2/repository/org/apache/commons/commons-lang3/3.3.2/commons-lang3-3.3.2.jar","/home/jbergqvist/.m2/repository/com/esotericsoftware/kryo/kryo/2.24.0/kryo-2.24.0.jar","/home/jbergqvist/.m2/repository/com/esotericsoftware/minlog/minlog/1.2/minlog-1.2.jar","/home/jbergqvist/.m2/repository/commons-collections/commons-collections/3.2.2/commons-collections-3.2.2.jar","/home/jbergqvist/.m2/repository/org/apache/commons/commons-compress/1.21/commons-compress-1.21.jar","/home/jbergqvist/.m2/repository/org/apache/flink/flink-file-sink-common/1.14.4/flink-file-sink-common-1.14.4.jar","/home/jbergqvist/.m2/repository/org/apache/flink/flink-runtime/1.14.4/flink-runtime-1.14.4.jar","/home/jbergqvist/.m2/repository/org/apache/flink/flink-rpc-core/1.14.4/flink-rpc-core-1.14.4.jar","/home/jbergqvist/.m2/repository/org/apache/flink/flink-rpc-akka-loader/1.14.4/flink-rpc-akka-loader-1.14.4.jar","/home/jbergqvist/.m2/repository/org/apache/flink/flink-queryable-state-client-java/1.14.4/flink-queryable-state-client-java-1.14.4.jar","/home/jbergqvist/.m2/repository/org/apache/flink/flink-hadoop-fs/1.14.4/flink-hadoop-fs-1.14.4.jar","/home/jbergqvist/.m2/repository/commons-io/commons-io/2.8.0/commons-io-2.8.0.jar","/home/jbergqvist/.m2/repository/org/apache/flink/flink-shaded-netty/4.1.65.Final-14.0/flink-shaded-netty-4.1.65.Final-14.0.jar","/home/jbergqvist/.m2/repository/org/apache/flink/flink-shaded-jackson/2.12.4-14.0/flink-shaded-jackson-2.12.4-14.0.jar","/home/jbergqvist/.m2/repository/org/apache/flink/flink-shaded-zookeeper-3/3.4.14-14.0/flink-shaded-zookeeper-3-3.4.14-14.0.jar","/home/jbergqvist/.m2/repository/org/javassist/javassist/3.24.0-GA/javassist-3.24.0-GA.jar","/home/jbergqvist/.m2/repository/org/xerial/snappy/snappy-java/1.1.8.3/snappy-java-1.1.8.3.jar","/home/jbergqvist/.m2/repository/org/lz4/lz4-java/1.8.0/lz4-java-1.8.0.jar","/home/jbergqvist/.m2/repository/org/apache/flink/flink-scala_2.12/1.14.4/flink-scala_2.12-1.14.4.jar","/home/jbergqvist/.m2/repository/org/scala-lang/scala-reflect/2.12.7/scala-reflect-2.12.7.jar","/home/jbergqvist/.m2/repository/org/scala-lang/scala-library/2.12.7/scala-library-2.12.7.jar","/home/jbergqvist/.m2/repository/org/scala-lang/scala-compiler/2.12.7/scala-compiler-2.12.7.jar","/home/jbergqvist/.m2/repository/org/scala-lang/modules/scala-xml_2.12/1.0.6/scala-xml_2.12-1.0.6.jar","/home/jbergqvist/.m2/repository/com/twitter/chill_2.12/0.7.6/chill_2.12-0.7.6.jar","/home/jbergqvist/.m2/repository/com/twitter/chill-java/0.7.6/chill-java-0.7.6.jar","/home/jbergqvist/.m2/repository/org/apache/flink/flink-java/1.14.4/flink-java-1.14.4.jar","/home/jbergqvist/.m2/repository/org/apache/flink/flink-shaded-guava/30.1.1-jre-14.0/flink-shaded-guava-30.1.1-jre-14.0.jar","/home/jbergqvist/.m2/repository/org/apache/commons/commons-math3/3.5/commons-math3-3.5.jar","/home/jbergqvist/.m2/repository/org/slf4j/slf4j-api/1.7.15/slf4j-api-1.7.15.jar","/home/jbergqvist/.m2/repository/com/google/code/findbugs/jsr305/1.3.9/jsr305-1.3.9.jar","/home/jbergqvist/.m2/repository/org/apache/flink/flink-shaded-force-shading/14.0/flink-shaded-force-shading-14.0.jar","/home/jbergqvist/.m2/repository/org/junit/jupiter/junit-jupiter-engine/5.13.4/junit-jupiter-engine-5.13.4.jar","/home/jbergqvist/.m2/repository/org/junit/platform/junit-platform-engine/1.13.4/junit-platform-engine-1.13.4.jar","/home/jbergqvist/.m2/repository/org/opentest4j/opentest4j/1.3.0/opentest4j-1.3.0.jar","/home/jbergqvist/.m2/repository/org/junit/platform/junit-platform-commons/1.13.4/junit-platform-commons-1.13.4.jar","/home/jbergqvist/.m2/repository/org/junit/jupiter/junit-jupiter-api/5.13.4/junit-jupiter-api-5.13.4.jar","/home/jbergqvist/.m2/repository/org/apiguardian/apiguardian-api/1.1.2/apiguardian-api-1.1.2.jar","/home/jbergqvist/.m2/repository/org/mockito/mockito-core/5.20.0/mockito-core-5.20.0.jar","/home/jbergqvist/.m2/repository/net/bytebuddy/byte-buddy/1.17.7/byte-buddy-1.17.7.jar","/home/jbergqvist/.m2/repository/net/bytebuddy/byte-buddy-agent/1.17.7/byte-buddy-agent-1.17.7.jar","/home/jbergqvist/.m2/repository/org/objenesis/objenesis/3.3/objenesis-3.3.jar","/home/jbergqvist/.m2/repository/org/mockito/mockito-junit-jupiter/5.20.0/mockito-junit-jupiter-5.20.0.jar","/home/jbergqvist/.m2/repository/org/apache/flink/flink-clients_2.12/1.14.4/flink-clients_2.12-1.14.4.jar","/home/jbergqvist/.m2/repository/org/apache/flink/flink-optimizer/1.14.4/flink-optimizer-1.14.4.jar","/home/jbergqvist/.m2/repository/commons-cli/commons-cli/1.3.1/commons-cli-1.3.1.jar","/home/jbergqvist/.m2/repository/org/apache/flink/flink-connector-kafka_2.11/1.14.4/flink-connector-kafka_2.11-1.14.4.jar","/home/jbergqvist/.m2/repository/org/apache/flink/flink-connector-base/1.14.4/flink-connector-base-1.14.4.jar","/home/jbergqvist/.m2/repository/org/apache/kafka/kafka-clients/2.4.1/kafka-clients-2.4.1.jar","/home/jbergqvist/.m2/repository/com/github/luben/zstd-jni/1.4.3-1/zstd-jni-1.4.3-1.jar","/home/jbergqvist/.m2/repository/com/google/guava/guava/31.1-jre/guava-31.1-jre.jar","/home/jbergqvist/.m2/repository/com/google/guava/failureaccess/1.0.1/failureaccess-1.0.1.jar","/home/jbergqvist/.m2/repository/com/google/guava/listenablefuture/9999.0-empty-to-avoid-conflict-with-guava/listenablefuture-9999.0-empty-to-avoid-conflict-with-guava.jar","/home/jbergqvist/.m2/repository/org/checkerframework/checker-qual/3.12.0/checker-qual-3.12.0.jar","/home/jbergqvist/.m2/repository/com/google/errorprone/error_prone_annotations/2.11.0/error_prone_annotations-2.11.0.jar","/home/jbergqvist/.m2/repository/com/google/j2objc/j2objc-annotations/1.3/j2objc-annotations-1.3.jar","/home/jbergqvist/.m2/repository/org/questdb/questdb/6.4.3/questdb-6.4.3.jar","/home/jbergqvist/.m2/repository/com/diffblue/cover/cover-annotations/1.8.0/cover-annotations-1.8.0.jar"],"complianceLevel":"11","productionSources":["/home/jbergqvist/diffblue/terrierteam-FinFlink/src/main/java"],"testSources":["/home/jbergqvist/diffblue/terrierteam-FinFlink/src/test/java"],"productionClasses":"/home/jbergqvist/diffblue/terrierteam-FinFlink/target/classes","testClasses":"/home/jbergqvist/diffblue/terrierteam-FinFlink/target/test-classes","sourceToBuildPathMap":null,"testSourceToBuildPathMap":null,"buildDirectory":"/home/jbergqvist/diffblue/terrierteam-FinFlink/target","plugins":[{"__type":"DefaultPlugin","groupId":"org.apache.maven.plugins","artefactId":"maven-compiler-plugin","version":"3.8.1","pluginClassName":null},{"__type":"DefaultPlugin","groupId":"org.apache.maven.plugins","artefactId":"maven-shade-plugin","version":"3.1.1","pluginClassName":null},{"__type":"DefaultPlugin","groupId":"org.apache.maven.plugins","artefactId":"maven-clean-plugin","version":"3.2.0","pluginClassName":null},{"__type":"DefaultPlugin","groupId":"org.apache.maven.plugins","artefactId":"maven-resources-plugin","version":"3.3.1","pluginClassName":null},{"__type":"DefaultPlugin","groupId":"org.apache.maven.plugins","artefactId":"maven-jar-plugin","version":"3.4.1","pluginClassName":null},{"__type":"DefaultPlugin","groupId":"org.apache.maven.plugins","artefactId":"maven-surefire-plugin","version":"3.2.5","pluginClassName":null},{"__type":"DefaultPlugin","groupId":"org.apache.maven.plugins","artefactId":"maven-install-plugin","version":"3.1.2","pluginClassName":null},{"__type":"DefaultPlugin","groupId":"org.apache.maven.plugins","artefactId":"maven-deploy-plugin","version":"3.1.2","pluginClassName":null},{"__type":"DefaultPlugin","groupId":"org.apache.maven.plugins","artefactId":"maven-site-plugin","version":"3.12.1","pluginClassName":null}],"version":"3.9.12","encoding":null,"name":"maven","subModules":[],"simpleModuleName":null,"parentModuleName":null,"location":"/home/jbergqvist/diffblue/terrierteam-FinFlink","fullModuleName":"Infinitech-FinFlink:Infinitech-FinFlink"}}
13:15:12.704 [INFO]   [Measuring]   out: [INFO] ------------------------------------------------------------------------
13:15:12.704 [INFO]   [Measuring]   out: [INFO] BUILD SUCCESS
13:15:12.704 [INFO]   [Measuring]   out: [INFO] ------------------------------------------------------------------------
13:15:12.704 [INFO]   [Measuring]   out: [INFO] Total time:  1.022 s
13:15:12.704 [INFO]   [Measuring]   out: [INFO] Finished at: 2026-01-12T13:15:12Z
13:15:12.704 [INFO]   [Measuring]   out: [INFO] ------------------------------------------------------------------------
13:15:12.705 [INFO]   [Measuring]   deserializing line [DIFFBLUE]{"__type":"com.diffblue.cover.buildsystem.model.ProjectInfoMessage","projectName":"Infinitech-FinFlink:Infinitech-FinFlink","productionSources":["/home/jbergqvist/diffblue/terrierteam-FinFlink/src/main/java","/home/jbergqvist/diffblue/terrierteam-FinFlink/target/generated-sources/annotations"],"testSources":["/home/jbergqvist/diffblue/terrierteam-FinFlink/src/test/java","/home/jbergqvist/diffblue/terrierteam-FinFlink/target/generated-test-sources/test-annotations"],"location":"/home/jbergqvist/diffblue/terrierteam-FinFlink"}
13:15:12.730 [INFO]   [Measuring]   maven:err process not stopped, joining thread
13:15:12.730 [INFO]   [Measuring]   maven:out process not stopped, joining thread
13:15:12.775 [INFO]   [Measuring]   JaCoCo report file created in /home/jbergqvist/diffblue/terrierteam-FinFlink/.diffblue/reports/diffblue-tests-jacoco-report.xml
13:15:12.818 [INFO]   [Measuring]   Calculating coverage from manual tests.
13:15:12.818 [INFO]   [Measuring]   Using default build rules as no custom rules found in any of [/home/jbergqvist/diffblue/terrierteam-FinFlink]
13:15:12.819 [INFO]   [Measuring]   Attempting to invoke mvnw in working directory: /home/jbergqvist/diffblue/terrierteam-FinFlink
13:15:12.819 [INFO]   [Measuring]   Attempting to invoke /home/jbergqvist/.sdkman/candidates/maven/current/bin/mvn in working directory: /home/jbergqvist/diffblue/terrierteam-FinFlink
13:15:12.820 [INFO]   [Measuring]   Started "/home/jbergqvist/.sdkman/candidates/maven/current/bin/mvn -Dmaven.ext.class.path=/opt/cover/cover-buildsystem-maven-spy-jar-with-dependencies.jar -Dcom.diffblue.cover.skipTests=true -DskipTestOptimizer --batch-mode --projects=Infinitech-FinFlink:Infinitech-FinFlink --global-settings=/home/jbergqvist/.sdkman/candidates/maven/current/conf/settings.xml org.jacoco:jacoco-maven-plugin:0.8.11:prepare-agent -Djacoco.skip=false test -DfailIfNoTests=false -Dsurefire.failIfNoSpecifiedTests=false -Dmaven.test.failure.ignore=True -Dtest=!*DiffblueTest,**/Test*.java,**/*Test.java,**/*Tests.java,**/*TestCase.java -DexcludedGroups=MaintainedByDiffblue,ContributionFromDiffblue org.jacoco:jacoco-maven-plugin:0.8.11:report -Djacoco.skip=false"
13:15:13.610 [INFO]   [Measuring]   out: [INFO] Scanning for projects...
13:15:13.682 [INFO]   [Measuring]   out: [INFO] 
13:15:13.682 [INFO]   [Measuring]   out: [INFO] --------------< Infinitech-FinFlink:Infinitech-FinFlink >---------------
13:15:13.682 [INFO]   [Measuring]   out: [INFO] Building Infinitech-FinFlink 0.6
13:15:13.682 [INFO]   [Measuring]   out: [INFO]   from pom.xml
13:15:13.682 [INFO]   [Measuring]   out: [INFO] --------------------------------[ jar ]---------------------------------
13:15:14.002 [INFO]   [Measuring]   deserializing line [DIFFBLUE]{"__type":"com.diffblue.cover.buildsystem.model.DefaultEventMessage","project":"Infinitech-FinFlink:Infinitech-FinFlink","goal":"prepare-agent","cause":null,"state":"STARTED"}
13:15:14.004 [INFO]   [Measuring]   out: [INFO] 
13:15:14.004 [INFO]   [Measuring]   out: [INFO] --- jacoco:0.8.11:prepare-agent (default-cli) @ Infinitech-FinFlink ---
13:15:14.077 [INFO]   [Measuring]   out: [INFO] argLine set to -javaagent:/home/jbergqvist/.m2/repository/org/jacoco/org.jacoco.agent/0.8.11/org.jacoco.agent-0.8.11-runtime.jar=destfile=/home/jbergqvist/diffblue/terrierteam-FinFlink/target/jacoco.exec
13:15:14.079 [INFO]   [Measuring]   deserializing line [DIFFBLUE]{"__type":"com.diffblue.cover.buildsystem.model.DefaultEventMessage","project":"Infinitech-FinFlink:Infinitech-FinFlink","goal":"prepare-agent","cause":null,"state":"SUCCESS"}
13:15:14.080 [INFO]   [Measuring]   deserializing line [DIFFBLUE]{"__type":"com.diffblue.cover.buildsystem.model.DefaultEventMessage","project":"Infinitech-FinFlink:Infinitech-FinFlink","goal":"resources","cause":null,"state":"STARTED"}
13:15:14.081 [INFO]   [Measuring]   out: [INFO] 
13:15:14.081 [INFO]   [Measuring]   out: [INFO] --- resources:3.3.1:resources (default-resources) @ Infinitech-FinFlink ---
13:15:14.122 [INFO]   [Measuring]   out: [WARNING] Using platform encoding (UTF-8 actually) to copy filtered resources, i.e. build is platform dependent!
13:15:14.122 [INFO]   [Measuring]   out: [INFO] skip non existing resourceDirectory /home/jbergqvist/diffblue/terrierteam-FinFlink/resources
13:15:14.123 [INFO]   [Measuring]   deserializing line [DIFFBLUE]{"__type":"com.diffblue.cover.buildsystem.model.DefaultEventMessage","project":"Infinitech-FinFlink:Infinitech-FinFlink","goal":"resources","cause":null,"state":"SUCCESS"}
13:15:14.125 [INFO]   [Measuring]   deserializing line [DIFFBLUE]{"__type":"com.diffblue.cover.buildsystem.model.DefaultEventMessage","project":"Infinitech-FinFlink:Infinitech-FinFlink","goal":"compile","cause":null,"state":"STARTED"}
13:15:14.126 [INFO]   [Measuring]   out: [INFO] 
13:15:14.126 [INFO]   [Measuring]   out: [INFO] --- compiler:3.8.1:compile (default-compile) @ Infinitech-FinFlink ---
13:15:14.280 [INFO]   [Measuring]   out: [INFO] Nothing to compile - all classes are up to date
13:15:14.281 [INFO]   [Measuring]   deserializing line [DIFFBLUE]{"__type":"com.diffblue.cover.buildsystem.model.DefaultEventMessage","project":"Infinitech-FinFlink:Infinitech-FinFlink","goal":"compile","cause":null,"state":"SUCCESS"}
13:15:14.283 [INFO]   [Measuring]   deserializing line [DIFFBLUE]{"__type":"com.diffblue.cover.buildsystem.model.DefaultEventMessage","project":"Infinitech-FinFlink:Infinitech-FinFlink","goal":"testResources","cause":null,"state":"STARTED"}
13:15:14.284 [INFO]   [Measuring]   out: [INFO] 
13:15:14.284 [INFO]   [Measuring]   out: [INFO] --- resources:3.3.1:testResources (default-testResources) @ Infinitech-FinFlink ---
13:15:14.285 [INFO]   [Measuring]   out: [WARNING] Using platform encoding (UTF-8 actually) to copy filtered resources, i.e. build is platform dependent!
13:15:14.285 [INFO]   [Measuring]   out: [INFO] skip non existing resourceDirectory /home/jbergqvist/diffblue/terrierteam-FinFlink/src/test/resources
13:15:14.286 [INFO]   [Measuring]   deserializing line [DIFFBLUE]{"__type":"com.diffblue.cover.buildsystem.model.DefaultEventMessage","project":"Infinitech-FinFlink:Infinitech-FinFlink","goal":"testResources","cause":null,"state":"SUCCESS"}
13:15:14.287 [INFO]   [Measuring]   deserializing line [DIFFBLUE]{"__type":"com.diffblue.cover.buildsystem.model.DefaultEventMessage","project":"Infinitech-FinFlink:Infinitech-FinFlink","goal":"testCompile","cause":null,"state":"STARTED"}
13:15:14.288 [INFO]   [Measuring]   out: [INFO] 
13:15:14.288 [INFO]   [Measuring]   out: [INFO] --- compiler:3.8.1:testCompile (default-testCompile) @ Infinitech-FinFlink ---
13:15:14.296 [INFO]   [Measuring]   out: [INFO] Nothing to compile - all classes are up to date
13:15:14.297 [INFO]   [Measuring]   deserializing line [DIFFBLUE]{"__type":"com.diffblue.cover.buildsystem.model.DefaultEventMessage","project":"Infinitech-FinFlink:Infinitech-FinFlink","goal":"testCompile","cause":null,"state":"SUCCESS"}
13:15:14.298 [INFO]   [Measuring]   deserializing line [DIFFBLUE]{"__type":"com.diffblue.cover.buildsystem.model.DefaultEventMessage","project":"Infinitech-FinFlink:Infinitech-FinFlink","goal":"test","cause":null,"state":"STARTED"}
13:15:14.299 [INFO]   [Measuring]   out: [INFO] 
13:15:14.299 [INFO]   [Measuring]   out: [INFO] --- surefire:3.2.5:test (default-test) @ Infinitech-FinFlink ---
13:15:14.408 [INFO]   [Measuring]   deserializing line [DIFFBLUE]{"__type":"com.diffblue.cover.buildsystem.model.DefaultEventMessage","project":"Infinitech-FinFlink:Infinitech-FinFlink","goal":"test","cause":null,"state":"SUCCESS"}
13:15:14.410 [INFO]   [Measuring]   deserializing line [DIFFBLUE]{"__type":"com.diffblue.cover.buildsystem.model.DefaultEventMessage","project":"Infinitech-FinFlink:Infinitech-FinFlink","goal":"report","cause":null,"state":"STARTED"}
13:15:14.411 [INFO]   [Measuring]   out: [INFO] 
13:15:14.411 [INFO]   [Measuring]   out: [INFO] --- jacoco:0.8.11:report (default-cli) @ Infinitech-FinFlink ---
13:15:14.413 [INFO]   [Measuring]   out: [INFO] Loading execution data file /home/jbergqvist/diffblue/terrierteam-FinFlink/target/jacoco.exec
13:15:14.475 [INFO]   [Measuring]   out: [INFO] Analyzed bundle 'Infinitech-FinFlink' with 51 classes
13:15:14.548 [INFO]   [Measuring]   deserializing line [DIFFBLUE]{"__type":"com.diffblue.cover.buildsystem.model.DefaultEventMessage","project":"Infinitech-FinFlink:Infinitech-FinFlink","goal":"report","cause":null,"state":"SUCCESS"}
13:15:14.573 [INFO]   [Measuring]   deserializing line [DIFFBLUE]{"__type":"com.diffblue.cover.buildsystem.model.DefaultProjectModuleMessage","project":{"__type":"DefaultProjectModule","junitReport":["/home/jbergqvist/diffblue/terrierteam-FinFlink/target/surefire-reports"],"jacocoReport":["/home/jbergqvist/diffblue/terrierteam-FinFlink/target/site/jacoco/jacoco.xml"],"jacocoDestFile":["/home/jbergqvist/diffblue/terrierteam-FinFlink/target/jacoco.exec"],"jacocoFormats":["xml"],"jacocoSkipped":false,"classpath":["/home/jbergqvist/diffblue/terrierteam-FinFlink/target/classes","/home/jbergqvist/.m2/repository/org/apache/flink/flink-streaming-java_2.12/1.14.4/flink-streaming-java_2.12-1.14.4.jar","/home/jbergqvist/.m2/repository/org/apache/flink/flink-core/1.14.4/flink-core-1.14.4.jar","/home/jbergqvist/.m2/repository/org/apache/flink/flink-annotations/1.14.4/flink-annotations-1.14.4.jar","/home/jbergqvist/.m2/repository/org/apache/flink/flink-metrics-core/1.14.4/flink-metrics-core-1.14.4.jar","/home/jbergqvist/.m2/repository/org/apache/flink/flink-shaded-asm-7/7.1-14.0/flink-shaded-asm-7-7.1-14.0.jar","/home/jbergqvist/.m2/repository/org/apache/commons/commons-lang3/3.3.2/commons-lang3-3.3.2.jar","/home/jbergqvist/.m2/repository/com/esotericsoftware/kryo/kryo/2.24.0/kryo-2.24.0.jar","/home/jbergqvist/.m2/repository/com/esotericsoftware/minlog/minlog/1.2/minlog-1.2.jar","/home/jbergqvist/.m2/repository/commons-collections/commons-collections/3.2.2/commons-collections-3.2.2.jar","/home/jbergqvist/.m2/repository/org/apache/commons/commons-compress/1.21/commons-compress-1.21.jar","/home/jbergqvist/.m2/repository/org/apache/flink/flink-file-sink-common/1.14.4/flink-file-sink-common-1.14.4.jar","/home/jbergqvist/.m2/repository/org/apache/flink/flink-runtime/1.14.4/flink-runtime-1.14.4.jar","/home/jbergqvist/.m2/repository/org/apache/flink/flink-rpc-core/1.14.4/flink-rpc-core-1.14.4.jar","/home/jbergqvist/.m2/repository/org/apache/flink/flink-rpc-akka-loader/1.14.4/flink-rpc-akka-loader-1.14.4.jar","/home/jbergqvist/.m2/repository/org/apache/flink/flink-queryable-state-client-java/1.14.4/flink-queryable-state-client-java-1.14.4.jar","/home/jbergqvist/.m2/repository/org/apache/flink/flink-hadoop-fs/1.14.4/flink-hadoop-fs-1.14.4.jar","/home/jbergqvist/.m2/repository/commons-io/commons-io/2.8.0/commons-io-2.8.0.jar","/home/jbergqvist/.m2/repository/org/apache/flink/flink-shaded-netty/4.1.65.Final-14.0/flink-shaded-netty-4.1.65.Final-14.0.jar","/home/jbergqvist/.m2/repository/org/apache/flink/flink-shaded-jackson/2.12.4-14.0/flink-shaded-jackson-2.12.4-14.0.jar","/home/jbergqvist/.m2/repository/org/apache/flink/flink-shaded-zookeeper-3/3.4.14-14.0/flink-shaded-zookeeper-3-3.4.14-14.0.jar","/home/jbergqvist/.m2/repository/org/javassist/javassist/3.24.0-GA/javassist-3.24.0-GA.jar","/home/jbergqvist/.m2/repository/org/xerial/snappy/snappy-java/1.1.8.3/snappy-java-1.1.8.3.jar","/home/jbergqvist/.m2/repository/org/lz4/lz4-java/1.8.0/lz4-java-1.8.0.jar","/home/jbergqvist/.m2/repository/org/apache/flink/flink-scala_2.12/1.14.4/flink-scala_2.12-1.14.4.jar","/home/jbergqvist/.m2/repository/org/scala-lang/scala-reflect/2.12.7/scala-reflect-2.12.7.jar","/home/jbergqvist/.m2/repository/org/scala-lang/scala-library/2.12.7/scala-library-2.12.7.jar","/home/jbergqvist/.m2/repository/org/scala-lang/scala-compiler/2.12.7/scala-compiler-2.12.7.jar","/home/jbergqvist/.m2/repository/org/scala-lang/modules/scala-xml_2.12/1.0.6/scala-xml_2.12-1.0.6.jar","/home/jbergqvist/.m2/repository/com/twitter/chill_2.12/0.7.6/chill_2.12-0.7.6.jar","/home/jbergqvist/.m2/repository/com/twitter/chill-java/0.7.6/chill-java-0.7.6.jar","/home/jbergqvist/.m2/repository/org/apache/flink/flink-java/1.14.4/flink-java-1.14.4.jar","/home/jbergqvist/.m2/repository/org/apache/flink/flink-shaded-guava/30.1.1-jre-14.0/flink-shaded-guava-30.1.1-jre-14.0.jar","/home/jbergqvist/.m2/repository/org/apache/commons/commons-math3/3.5/commons-math3-3.5.jar","/home/jbergqvist/.m2/repository/org/slf4j/slf4j-api/1.7.15/slf4j-api-1.7.15.jar","/home/jbergqvist/.m2/repository/com/google/code/findbugs/jsr305/1.3.9/jsr305-1.3.9.jar","/home/jbergqvist/.m2/repository/org/apache/flink/flink-shaded-force-shading/14.0/flink-shaded-force-shading-14.0.jar","/home/jbergqvist/.m2/repository/org/junit/jupiter/junit-jupiter-engine/5.13.4/junit-jupiter-engine-5.13.4.jar","/home/jbergqvist/.m2/repository/org/junit/platform/junit-platform-engine/1.13.4/junit-platform-engine-1.13.4.jar","/home/jbergqvist/.m2/repository/org/opentest4j/opentest4j/1.3.0/opentest4j-1.3.0.jar","/home/jbergqvist/.m2/repository/org/junit/platform/junit-platform-commons/1.13.4/junit-platform-commons-1.13.4.jar","/home/jbergqvist/.m2/repository/org/junit/jupiter/junit-jupiter-api/5.13.4/junit-jupiter-api-5.13.4.jar","/home/jbergqvist/.m2/repository/org/apiguardian/apiguardian-api/1.1.2/apiguardian-api-1.1.2.jar","/home/jbergqvist/.m2/repository/org/mockito/mockito-core/5.20.0/mockito-core-5.20.0.jar","/home/jbergqvist/.m2/repository/net/bytebuddy/byte-buddy/1.17.7/byte-buddy-1.17.7.jar","/home/jbergqvist/.m2/repository/net/bytebuddy/byte-buddy-agent/1.17.7/byte-buddy-agent-1.17.7.jar","/home/jbergqvist/.m2/repository/org/objenesis/objenesis/3.3/objenesis-3.3.jar","/home/jbergqvist/.m2/repository/org/mockito/mockito-junit-jupiter/5.20.0/mockito-junit-jupiter-5.20.0.jar","/home/jbergqvist/.m2/repository/org/apache/flink/flink-clients_2.12/1.14.4/flink-clients_2.12-1.14.4.jar","/home/jbergqvist/.m2/repository/org/apache/flink/flink-optimizer/1.14.4/flink-optimizer-1.14.4.jar","/home/jbergqvist/.m2/repository/commons-cli/commons-cli/1.3.1/commons-cli-1.3.1.jar","/home/jbergqvist/.m2/repository/org/apache/flink/flink-connector-kafka_2.11/1.14.4/flink-connector-kafka_2.11-1.14.4.jar","/home/jbergqvist/.m2/repository/org/apache/flink/flink-connector-base/1.14.4/flink-connector-base-1.14.4.jar","/home/jbergqvist/.m2/repository/org/apache/kafka/kafka-clients/2.4.1/kafka-clients-2.4.1.jar","/home/jbergqvist/.m2/repository/com/github/luben/zstd-jni/1.4.3-1/zstd-jni-1.4.3-1.jar","/home/jbergqvist/.m2/repository/com/google/guava/guava/31.1-jre/guava-31.1-jre.jar","/home/jbergqvist/.m2/repository/com/google/guava/failureaccess/1.0.1/failureaccess-1.0.1.jar","/home/jbergqvist/.m2/repository/com/google/guava/listenablefuture/9999.0-empty-to-avoid-conflict-with-guava/listenablefuture-9999.0-empty-to-avoid-conflict-with-guava.jar","/home/jbergqvist/.m2/repository/org/checkerframework/checker-qual/3.12.0/checker-qual-3.12.0.jar","/home/jbergqvist/.m2/repository/com/google/errorprone/error_prone_annotations/2.11.0/error_prone_annotations-2.11.0.jar","/home/jbergqvist/.m2/repository/com/google/j2objc/j2objc-annotations/1.3/j2objc-annotations-1.3.jar","/home/jbergqvist/.m2/repository/org/questdb/questdb/6.4.3/questdb-6.4.3.jar","/home/jbergqvist/.m2/repository/com/diffblue/cover/cover-annotations/1.8.0/cover-annotations-1.8.0.jar"],"complianceLevel":"11","productionSources":["/home/jbergqvist/diffblue/terrierteam-FinFlink/src/main/java"],"testSources":["/home/jbergqvist/diffblue/terrierteam-FinFlink/src/test/java"],"productionClasses":"/home/jbergqvist/diffblue/terrierteam-FinFlink/target/classes","testClasses":"/home/jbergqvist/diffblue/terrierteam-FinFlink/target/test-classes","sourceToBuildPathMap":null,"testSourceToBuildPathMap":null,"buildDirectory":"/home/jbergqvist/diffblue/terrierteam-FinFlink/target","plugins":[{"__type":"DefaultPlugin","groupId":"org.apache.maven.plugins","artefactId":"maven-compiler-plugin","version":"3.8.1","pluginClassName":null},{"__type":"DefaultPlugin","groupId":"org.apache.maven.plugins","artefactId":"maven-shade-plugin","version":"3.1.1","pluginClassName":null},{"__type":"DefaultPlugin","groupId":"org.apache.maven.plugins","artefactId":"maven-clean-plugin","version":"3.2.0","pluginClassName":null},{"__type":"DefaultPlugin","groupId":"org.apache.maven.plugins","artefactId":"maven-resources-plugin","version":"3.3.1","pluginClassName":null},{"__type":"DefaultPlugin","groupId":"org.apache.maven.plugins","artefactId":"maven-jar-plugin","version":"3.4.1","pluginClassName":null},{"__type":"DefaultPlugin","groupId":"org.apache.maven.plugins","artefactId":"maven-surefire-plugin","version":"3.2.5","pluginClassName":null},{"__type":"DefaultPlugin","groupId":"org.apache.maven.plugins","artefactId":"maven-install-plugin","version":"3.1.2","pluginClassName":null},{"__type":"DefaultPlugin","groupId":"org.apache.maven.plugins","artefactId":"maven-deploy-plugin","version":"3.1.2","pluginClassName":null},{"__type":"DefaultPlugin","groupId":"org.apache.maven.plugins","artefactId":"maven-site-plugin","version":"3.12.1","pluginClassName":null}],"version":"3.9.12","encoding":null,"name":"maven","subModules":[],"simpleModuleName":null,"parentModuleName":null,"location":"/home/jbergqvist/diffblue/terrierteam-FinFlink","fullModuleName":"Infinitech-FinFlink:Infinitech-FinFlink"}}
13:15:14.578 [INFO]   [Measuring]   out: [INFO] ------------------------------------------------------------------------
13:15:14.578 [INFO]   [Measuring]   out: [INFO] BUILD SUCCESS
13:15:14.578 [INFO]   [Measuring]   out: [INFO] ------------------------------------------------------------------------
13:15:14.578 [INFO]   [Measuring]   out: [INFO] Total time:  0.979 s
13:15:14.578 [INFO]   [Measuring]   out: [INFO] Finished at: 2026-01-12T13:15:14Z
13:15:14.578 [INFO]   [Measuring]   out: [INFO] ------------------------------------------------------------------------
13:15:14.578 [INFO]   [Measuring]   deserializing line [DIFFBLUE]{"__type":"com.diffblue.cover.buildsystem.model.ProjectInfoMessage","projectName":"Infinitech-FinFlink:Infinitech-FinFlink","productionSources":["/home/jbergqvist/diffblue/terrierteam-FinFlink/src/main/java","/home/jbergqvist/diffblue/terrierteam-FinFlink/target/generated-sources/annotations"],"testSources":["/home/jbergqvist/diffblue/terrierteam-FinFlink/src/test/java","/home/jbergqvist/diffblue/terrierteam-FinFlink/target/generated-test-sources/test-annotations"],"location":"/home/jbergqvist/diffblue/terrierteam-FinFlink"}
13:15:14.625 [INFO]   [Measuring]   maven:err process not stopped, joining thread
13:15:14.625 [INFO]   [Measuring]   maven:out process not stopped, joining thread
13:15:14.626 [INFO]   [Measuring]   JaCoCo report file created in /home/jbergqvist/diffblue/terrierteam-FinFlink/.diffblue/reports/manual-tests-jacoco-report.xml
13:15:14.634 [INFO]   [Measuring]   
13:15:14.651 [INFO]   [Measuring]   Diffblue tests cover 773 of 913 lines to cover (84.7%)
13:15:14.659 [INFO]   [Measuring]   Manual tests cover 0 of 913 lines to cover (0.0%)
13:15:14.788 [INFO]   [Reporting]   Writing JSON report to /home/jbergqvist/diffblue/terrierteam-FinFlink/.diffblue/reports/report.json
13:15:14.893 [INFO]   [Reporting]   
13:15:14.893 [WARN]   [Reporting]   One or more warnings were logged, please review them in the log file
13:15:14.894 [INFO]   [Reporting]   Log file: /home/jbergqvist/diffblue/terrierteam-FinFlink/.diffblue/log/user-20260112T131215.log
13:15:14.894 [INFO]   [Reporting]   Finished in 2m 53s
